BestSquatKg,BestBenchKg,BodyweightKg,Sex,Equipment,BestDeadliftKg
306.17,190.51,82.5,M,Wraps,288.03
175.0,135.0,81.3,M,Raw,205.0
227.5,117.5,102.9,M,Raw,235.0
260.0,140.0,88.0,M,Wraps,250.0
149.69,74.84,102.15,F,Wraps,165.56
270.0,157.5,108.2,M,Wraps,272.5
145.0,100.0,91.2,M,Raw,187.5
426.38,308.44,131.31,M,Multi-ply,301.64
92.5,55.0,59.87,F,Raw,127.5
170.0,112.5,67.05,M,Raw,217.5
195.0,195.0,81.6,M,Multi-ply,205.0
222.26,111.13,113.94,M,Single-ply,213.19
272.16,149.69,104.33,M,Multi-ply,235.87
200.0,127.5,104.3,M,Raw,240.0
310.0,182.5,136.89,M,Wraps,272.5
87.5,45.0,62.7,F,Raw,107.5
260.0,162.5,106.6,M,Wraps,265.0
219.99,113.4,92.62,M,Single-ply,226.8
240.0,152.5,88.5,M,Single-ply,245.0
135.0,72.5,89.3,F,Raw,160.0
215.0,142.5,103.4,M,Raw,252.5
226.8,181.44,98.61,M,Single-ply,226.8
283.5,183.7,99.06,M,Multi-ply,229.06
245.0,137.5,89.49,M,Wraps,245.0
120.0,77.5,79.6,M,Raw,155.0
190.0,140.0,98.4,M,Raw,237.5
110.0,70.0,73.2,M,Raw,145.0
206.4,152.0,91.3,M,Single-ply,260.8
102.06,43.09,51.71,F,Raw,136.08
302.5,187.5,124.56,M,Raw,295.0
237.5,155.0,101.7,M,Single-ply,235.0
210.92,149.69,109.77,M,Single-ply,215.46
87.5,50.0,58.3,F,Raw,122.5
212.5,150.0,91.3,M,Raw,205.0
172.5,120.0,79.3,M,Raw,207.5
112.5,102.5,79.56,M,Raw,160.0
165.0,105.0,86.68,M,Raw,220.0
317.51,238.14,123.65,M,Wraps,308.44
489.88,335.66,142.25,M,Multi-ply,358.34
157.5,102.5,92.6,M,Raw,192.5
77.5,50.0,46.6,F,Raw,107.5
105.0,70.0,67.0,F,Raw,150.0
175.0,105.0,58.7,M,Raw,202.5
256.28,129.27,89.81,M,Single-ply,258.55
240.0,150.0,97.2,M,Raw,202.5
113.4,68.04,74.48,F,Raw,122.47
235.0,140.0,108.8,M,Single-ply,230.0
199.58,127.01,74.93,M,Wraps,240.4
157.5,87.5,68.1,M,Single-ply,182.5
222.5,177.5,91.55,M,Raw,292.5
340.0,190.0,82.91,M,Single-ply,320.0
142.5,67.5,98.2,F,Raw,155.0
160.0,95.0,65.6,M,Raw,190.0
220.0,130.0,122.4,M,Raw,235.0
255.0,155.0,103.0,M,Raw,272.5
252.5,172.5,109.3,M,Raw,267.5
70.0,42.5,60.1,F,Raw,95.0
350.0,292.5,109.9,M,Single-ply,272.5
350.0,210.0,156.3,M,Wraps,290.0
200.0,122.5,80.8,M,Raw,215.0
137.5,110.0,76.9,M,Raw,185.0
200.0,215.0,104.9,M,Single-ply,180.0
161.03,95.25,111.99,M,Single-ply,170.1
217.5,135.0,104.5,M,Raw,250.0
340.0,207.5,122.5,M,Single-ply,290.0
142.88,72.57,58.51,M,Single-ply,165.56
272.16,204.12,138.16,M,Multi-ply,249.48
181.44,102.06,95.16,M,Single-ply,183.7
135.0,92.5,69.8,M,Raw,180.0
256.28,145.15,82.1,M,Single-ply,244.94
181.44,147.42,92.35,M,Wraps,195.04
162.5,90.0,102.57,F,Raw,227.5
120.0,77.5,74.6,F,Raw,165.0
181.44,104.33,91.53,M,Single-ply,176.9
292.5,207.5,120.66,M,Wraps,300.0
110.0,70.0,70.8,F,Raw,180.0
120.0,90.0,85.5,M,Single-ply,165.0
285.0,177.5,101.6,M,Single-ply,315.0
272.16,176.9,107.95,M,Single-ply,240.4
174.63,111.13,147.6,M,Single-ply,174.63
192.78,124.74,119.2,M,Single-ply,226.8
100.0,55.0,47.5,F,Single-ply,135.0
299.37,65.77,112.49,M,Multi-ply,272.16
217.72,136.08,80.74,M,Single-ply,217.72
372.5,255.0,117.98,M,Single-ply,285.0
190.0,165.0,98.5,M,Single-ply,210.0
181.44,106.59,74.93,M,Raw,195.04
190.0,142.5,114.4,M,Raw,220.0
142.5,77.5,75.5,F,Raw,155.0
104.33,72.57,81.19,F,Wraps,124.74
107.5,70.0,55.9,M,Raw,135.0
260.0,192.5,113.2,M,Single-ply,232.5
200.0,125.0,86.1,M,Raw,240.0
142.88,117.93,99.25,M,Wraps,208.65
97.5,52.5,116.5,F,Raw,127.5
250.0,175.0,100.0,M,Raw,240.0
210.0,102.5,73.8,M,Single-ply,235.0
160.0,102.5,78.0,M,Raw,165.0
165.0,145.5,95.5,M,Raw,215.0
127.5,62.5,63.0,F,Raw,150.0
183.7,106.59,76.29,M,Wraps,192.78
225.0,142.5,123.5,M,Raw,272.5
95.0,60.0,67.2,M,Raw,115.0
250.0,145.0,107.2,M,Single-ply,250.0
252.5,165.0,91.1,M,Raw,255.0
227.5,142.5,81.72,M,Raw,237.5
170.1,129.27,88.0,M,Wraps,181.44
72.5,47.5,56.5,F,Raw,102.5
115.0,72.5,72.21,F,Wraps,157.5
190.0,120.0,89.6,M,Raw,210.0
160.0,117.5,73.7,M,Raw,190.0
140.0,70.0,74.8,F,Raw,167.5
217.5,182.5,107.3,M,Raw,252.5
204.12,97.52,116.17,M,Single-ply,206.38
267.5,185.0,90.0,M,Multi-ply,220.0
282.5,195.0,82.5,M,Raw,262.5
365.14,272.16,74.84,M,Multi-ply,256.28
110.0,50.0,55.0,F,Raw,145.0
120.0,65.0,56.0,F,Raw,147.5
381.02,238.14,139.25,M,Multi-ply,342.46
175.0,140.0,67.5,M,Single-ply,190.0
177.5,90.0,71.68,F,Single-ply,170.0
125.0,77.5,70.6,F,Raw,167.5
97.5,45.0,70.6,F,Raw,112.5
237.5,177.5,80.5,M,Raw,272.5
90.0,40.0,78.6,F,Raw,115.0
80.0,75.0,71.65,M,Raw,140.0
300.0,232.5,104.5,M,Wraps,310.0
170.1,151.95,82.1,M,Raw,235.87
120.0,62.5,62.9,F,Raw,150.0
210.0,135.0,80.2,M,Raw,240.0
210.0,150.0,89.24,M,Single-ply,227.5
142.88,79.38,81.83,M,Single-ply,115.67
200.0,147.5,109.1,M,Raw,240.0
170.0,92.5,60.0,M,Single-ply,200.0
185.0,142.5,81.0,M,Raw,197.5
180.0,105.0,94.3,M,Raw,205.0
208.65,165.56,109.36,M,Single-ply,179.17
177.5,115.0,62.87,F,Single-ply,177.5
152.5,110.0,98.6,F,Raw,182.5
181.44,113.4,80.56,M,Wraps,233.6
302.5,210.0,100.0,M,Single-ply,295.0
145.0,75.0,82.4,F,Wraps,152.5
265.0,165.0,104.0,M,Single-ply,242.5
280.0,167.5,132.95,M,Wraps,280.0
136.08,56.7,83.01,M,Single-ply,145.15
187.5,117.5,121.2,M,Raw,227.5
77.11,49.9,74.57,F,Raw,117.93
227.5,172.5,90.6,M,Raw,255.0
140.0,105.0,73.0,M,Raw,180.0
267.5,185.0,111.72,M,Raw,285.0
182.5,152.5,81.0,M,Raw,202.5
105.0,60.0,58.3,F,Raw,130.0
122.5,47.5,51.3,F,Single-ply,135.0
133.81,92.99,71.58,M,Single-ply,165.56
227.5,137.5,94.95,M,Wraps,240.0
255.0,140.0,97.85,M,Wraps,247.5
365.0,197.5,118.0,M,Wraps,345.0
129.27,72.57,78.2,M,Single-ply,149.69
138.35,56.7,55.79,M,Single-ply,142.88
145.0,102.5,79.0,M,Raw,172.5
332.5,182.5,90.0,M,Single-ply,332.5
200.0,137.5,88.5,M,Raw,260.0
149.69,90.72,73.39,M,Single-ply,165.56
180.0,122.5,81.5,M,Wraps,235.0
227.5,150.0,106.4,M,Raw,245.0
85.0,85.0,57.7,M,Single-ply,120.0
238.14,156.49,77.2,F,Multi-ply,210.92
247.5,142.5,82.35,M,Raw,300.0
205.0,152.5,58.8,M,Single-ply,200.0
162.5,120.0,86.6,M,Raw,192.5
115.0,67.5,62.4,F,Raw,155.0
226.8,142.88,98.43,M,Wraps,272.16
272.5,170.0,124.47,M,Wraps,305.0
157.5,117.5,66.8,M,Raw,175.0
136.08,68.04,59.51,M,Single-ply,133.81
175.0,160.0,102.4,M,Raw,245.0
165.56,102.06,73.48,M,Single-ply,179.17
200.0,115.0,80.9,M,Raw,245.0
205.0,150.0,90.8,M,Raw,237.5
142.5,105.0,64.4,M,Single-ply,170.0
111.13,111.13,96.43,M,Wraps,161.03
317.51,181.44,154.58,M,Single-ply,226.8
105.0,82.5,99.97,M,Wraps,162.5
200.0,150.0,82.0,M,Raw,235.0
115.67,83.91,103.15,M,Single-ply,136.08
127.01,54.43,60.21,F,Raw,142.88
192.5,107.5,52.0,M,Single-ply,185.0
227.5,167.5,89.63,M,Raw,260.0
172.37,104.33,88.0,M,Single-ply,188.24
244.94,127.01,135.62,M,Single-ply,204.12
167.5,97.5,64.9,M,Single-ply,197.5
170.0,132.5,104.8,M,Raw,227.5
230.0,155.0,80.86,M,Raw,230.0
117.5,52.5,61.05,F,Wraps,137.5
207.5,140.0,98.7,M,Raw,240.0
240.0,140.0,89.4,M,Single-ply,260.0
35.0,37.5,59.5,F,Raw,77.5
92.5,60.0,55.4,F,Raw,152.5
288.03,215.46,117.3,M,Wraps,288.03
242.5,170.0,107.7,M,Wraps,305.0
225.0,152.5,108.8,M,Raw,240.0
242.5,175.0,92.3,M,Raw,250.0
90.0,60.0,80.5,F,Raw,105.0
177.5,152.5,102.6,M,Single-ply,195.0
187.5,125.0,73.6,M,Raw,242.5
410.0,250.0,123.2,M,Multi-ply,250.0
207.5,135.0,89.3,M,Raw,275.0
215.0,152.5,71.64,F,Single-ply,192.5
145.0,120.0,88.6,M,Raw,185.0
149.69,92.99,51.53,M,Single-ply,158.76
115.0,67.5,45.7,F,Raw,170.5
90.0,42.5,64.5,F,Raw,137.5
190.0,140.0,122.3,M,Wraps,200.0
222.5,115.0,102.5,M,Raw,250.0
77.5,50.0,59.6,F,Raw,122.5
107.5,62.5,94.3,F,Raw,152.5
162.5,105.0,80.7,M,Raw,195.0
240.0,160.0,100.7,M,Raw,225.0
172.5,135.0,85.0,M,Raw,190.0
238.14,140.61,149.78,M,Single-ply,206.38
247.21,145.15,107.05,M,Single-ply,213.19
170.0,102.5,99.8,M,Raw,205.0
197.31,115.67,116.12,M,Single-ply,183.7
192.5,147.5,89.58,M,Raw,237.5
165.0,120.0,73.6,M,Raw,240.0
90.0,90.0,91.2,M,Single-ply,120.0
177.5,137.5,108.6,M,Raw,205.0
112.5,65.0,67.5,F,Single-ply,127.5
237.5,210.0,108.35,M,Raw,265.0
122.5,60.0,68.3,F,Wraps,117.5
233.6,151.95,97.2,M,Single-ply,229.06
102.5,60.0,81.1,F,Raw,150.0
215.0,122.5,67.3,M,Single-ply,230.0
272.16,199.58,109.41,M,Wraps,267.62
135.0,120.0,100.1,M,Single-ply,170.0
252.51,182.48,130.6,M,Wraps,277.51
245.0,200.0,102.92,M,Single-ply,242.5
180.0,122.5,77.9,M,Raw,220.0
82.5,42.5,55.6,F,Raw,115.0
320.0,217.5,118.5,M,Raw,280.0
108.86,61.23,50.71,M,Single-ply,115.67
130.0,95.0,92.0,M,Single-ply,160.0
185.0,137.5,92.6,M,Raw,260.0
170.0,105.0,83.35,F,Raw,182.5
142.88,63.5,55.43,M,Single-ply,149.69
240.0,145.0,87.0,M,Single-ply,215.0
97.5,65.0,88.4,F,Raw,115.0
167.5,132.5,91.85,M,Raw,180.0
190.0,135.0,67.4,M,Raw,225.0
247.5,200.0,88.8,M,Raw,262.5
158.76,117.93,71.67,M,Single-ply,172.37
205.0,117.5,104.4,F,Raw,247.5
92.99,61.23,68.95,M,Single-ply,120.2
210.0,175.0,90.8,M,Single-ply,240.0
130.0,60.0,68.19,F,Raw,130.0
197.31,136.08,89.09,M,Wraps,226.8
205.0,135.0,109.77,M,Wraps,250.0
250.0,147.5,84.2,M,Single-ply,252.5
152.5,87.5,74.0,F,Raw,187.5
195.04,138.35,73.48,M,Single-ply,258.55
82.5,35.0,43.8,F,Single-ply,80.0
227.5,142.5,81.6,M,Raw,235.0
100.0,85.0,62.6,M,Single-ply,135.0
204.12,136.08,89.54,M,Single-ply,199.58
165.0,155.0,93.3,M,Raw,260.0
99.79,56.7,56.61,M,Single-ply,117.93
155.0,125.0,82.25,M,Raw,182.5
183.7,111.13,67.77,M,Single-ply,170.1
175.0,92.5,69.6,M,Raw,220.0
300.0,197.5,90.0,M,Single-ply,367.5
160.0,120.0,80.2,M,Raw,200.0
310.0,250.0,108.59,M,Single-ply,287.5
92.99,81.65,58.97,F,Wraps,83.91
161.03,106.59,93.08,M,Single-ply,204.12
86.18,38.56,83.1,F,Raw,102.06
185.0,112.5,93.0,M,Single-ply,172.5
225.0,135.0,88.81,M,Raw,265.0
202.5,155.0,98.43,M,Wraps,227.5
229.06,154.22,118.75,M,Single-ply,176.9
213.19,145.15,88.63,M,Single-ply,190.51
117.5,55.0,58.4,F,Wraps,100.0
265.0,155.0,81.9,M,Single-ply,330.0
156.49,99.79,109.86,M,Single-ply,154.22
140.0,75.0,85.3,M,Single-ply,182.5
192.5,125.0,89.0,M,Raw,225.0
67.5,77.5,63.4,M,Raw,137.5
202.5,117.5,80.7,M,Raw,250.0
165.56,149.69,81.42,M,Wraps,210.92
155.0,75.0,72.0,M,Raw,182.5
265.35,154.22,116.57,M,Wraps,288.03
220.0,142.5,90.2,M,Raw,277.5
201.85,111.13,88.18,M,Wraps,226.8
158.76,102.06,88.45,M,Single-ply,185.97
70.0,62.5,58.24,F,Raw,122.5
242.5,145.0,98.8,M,Wraps,235.0
160.0,130.0,93.0,M,Raw,210.0
260.82,136.08,109.04,M,Single-ply,229.06
215.0,170.0,79.2,M,Single-ply,282.5
158.76,88.45,60.69,M,Single-ply,165.56
233.6,127.01,98.79,M,Wraps,244.94
247.5,142.5,82.4,M,Raw,260.0
77.5,47.5,67.6,F,Raw,100.0
82.5,67.5,61.65,F,Raw,115.0
240.0,165.0,125.0,M,Single-ply,265.0
280.0,140.0,104.3,M,Single-ply,292.5
130.0,120.0,73.1,M,Raw,205.0
106.59,72.57,82.1,M,Single-ply,124.74
203.0,20.0,87.7,M,Wraps,220.0
255.0,210.0,90.1,M,Single-ply,280.0
170.0,142.5,89.0,M,Raw,210.0
232.5,145.0,82.5,M,Raw,280.0
100.0,57.5,54.2,F,Raw,130.0
305.0,142.5,98.25,M,Wraps,262.5
250.0,230.0,133.4,M,Single-ply,100.0
255.0,170.0,89.4,M,Single-ply,272.5
172.5,137.5,108.2,M,Raw,207.5
108.86,72.57,71.67,M,Wraps,161.03
267.5,172.5,107.05,M,Single-ply,257.5
170.0,87.5,103.95,M,Raw,215.0
232.5,132.5,71.8,M,Raw,282.5
120.2,72.57,64.86,M,Single-ply,142.88
260.0,177.5,103.76,M,Raw,285.0
125.0,50.0,50.4,F,Raw,160.5
95.0,42.5,65.1,F,Raw,115.0
127.5,55.0,67.4,F,Raw,117.5
230.0,137.5,83.01,M,Wraps,227.5
147.42,92.99,77.93,M,Raw,201.85
163.29,102.06,63.23,M,Single-ply,165.56
85.0,62.5,64.3,F,Single-ply,115.0
140.0,80.0,81.1,M,Raw,190.0
152.5,80.0,68.65,F,Raw,175.0
102.5,57.5,66.0,F,Raw,132.5
232.5,130.0,94.3,M,Single-ply,250.0
185.97,140.61,80.92,M,Raw,251.74
204.1,127.0,91.4,M,Raw,242.7
100.0,52.5,54.9,F,Raw,152.5
200.0,140.0,79.83,M,Wraps,237.5
162.5,112.5,101.7,M,Raw,215.0
222.26,99.79,74.03,M,Single-ply,199.58
188.2,111.1,82.5,M,Raw,224.5
124.74,61.23,55.25,M,Single-ply,145.15
197.5,125.0,89.5,M,Single-ply,240.0
70.0,45.0,55.3,F,Raw,107.5
112.5,57.5,59.6,F,Raw,137.5
199.58,106.59,65.18,M,Single-ply,204.12
120.0,120.0,74.3,M,Raw,130.0
207.5,152.5,121.29,M,Wraps,217.5
131.54,81.65,87.54,M,Single-ply,181.44
197.31,172.37,121.34,M,Raw,251.74
222.5,142.5,82.8,M,Raw,250.0
202.5,160.0,61.64,F,Single-ply,187.5
155.0,87.5,71.7,M,Raw,185.0
200.0,125.0,87.4,M,Raw,200.0
250.0,190.0,100.7,M,Single-ply,260.0
154.22,111.13,73.48,M,Single-ply,181.44
170.1,97.52,74.03,M,Single-ply,170.1
142.5,67.5,78.2,F,Raw,170.0
105.0,57.5,68.8,F,Raw,130.0
155.0,75.0,71.06,F,Raw,170.0
160.0,92.5,101.8,M,Raw,192.5
115.0,47.5,52.0,F,Single-ply,127.5
215.46,124.74,88.54,M,Wraps,215.46
77.5,50.0,55.3,F,Raw,105.0
165.0,87.5,83.0,M,Single-ply,182.5
217.5,142.5,107.1,M,Raw,242.5
160.0,100.0,107.8,M,Single-ply,200.0
215.46,138.35,91.26,M,Single-ply,197.31
92.5,40.0,59.6,F,Single-ply,100.0
300.0,210.0,109.0,M,Single-ply,280.0
207.5,155.0,129.2,M,Raw,227.5
170.0,100.0,101.6,M,Raw,205.0
205.0,127.5,110.8,M,Raw,205.0
210.0,145.0,93.0,M,Raw,210.0
170.1,95.25,69.67,F,Wraps,185.97
151.95,77.11,86.0,M,Single-ply,165.56
170.0,155.0,125.74,M,Raw,220.0
62.5,50.0,78.2,F,Raw,102.5
190.0,135.0,99.0,M,Raw,227.5
265.35,188.24,107.05,M,Raw,276.69
192.5,135.0,89.2,M,Wraps,215.0
145.15,63.5,138.07,F,Wraps,158.76
340.19,251.74,98.88,M,Single-ply,292.57
220.0,142.9,115.44,M,Single-ply,238.1
137.5,112.5,74.39,M,Raw,200.0
181.44,131.54,81.01,M,Wraps,233.6
82.5,50.0,74.6,F,Raw,125.0
181.44,124.74,80.92,M,Single-ply,188.24
240.0,170.0,132.0,M,Single-ply,282.5
199.58,158.76,91.35,M,Wraps,249.48
149.69,90.72,63.05,M,Single-ply,167.83
204.12,149.69,92.67,M,Single-ply,197.31
131.54,72.57,55.16,M,Single-ply,133.81
124.74,65.77,67.0,M,Single-ply,142.88
195.04,99.79,70.31,M,Single-ply,215.46
220.0,140.0,81.8,M,Single-ply,220.0
115.0,52.5,61.6,F,Single-ply,110.0
170.1,102.06,138.25,M,Wraps,204.12
225.0,135.0,73.9,M,Raw,262.5
265.35,167.83,95.98,M,Single-ply,292.57
227.5,152.5,114.7,M,Raw,265.0
182.5,102.5,74.0,M,Raw,215.0
205.0,160.0,81.46,M,Raw,230.0
260.0,137.5,106.5,M,Raw,242.5
227.5,127.5,91.26,M,Wraps,227.5
300.0,180.0,119.1,M,Raw,320.0
75.0,45.0,83.7,M,Raw,85.0
145.15,77.11,72.3,M,Single-ply,147.42
149.69,74.84,61.78,M,Single-ply,165.56
238.14,145.15,127.69,M,Single-ply,199.58
222.26,147.42,105.51,M,Single-ply,247.21
295.0,150.0,89.4,M,Single-ply,340.0
125.0,75.0,85.1,F,Raw,150.0
127.01,56.7,55.79,F,Wraps,133.81
182.5,110.0,99.3,M,Raw,237.5
120.2,90.72,75.48,M,Single-ply,161.03
120.0,57.5,62.25,F,Raw,152.5
190.0,122.5,67.13,M,Single-ply,200.0
83.91,43.09,48.53,M,Single-ply,88.45
95.0,55.0,87.6,F,Raw,120.0
180.0,117.5,72.5,M,Raw,195.0
167.83,97.52,98.07,M,Single-ply,183.7
129.27,83.91,58.06,M,Single-ply,149.69
185.0,90.0,86.7,M,Raw,202.5
182.34,138.35,72.12,M,Wraps,208.65
132.5,102.5,79.0,M,Raw,140.0
302.5,210.0,131.5,M,Raw,330.0
155.0,97.5,66.04,M,Single-ply,185.0
150.0,80.0,74.21,F,Wraps,145.0
125.0,95.0,82.3,M,Raw,165.0
30.0,17.5,34.93,F,Wraps,52.5
195.0,125.0,80.3,M,Wraps,220.0
267.62,158.76,108.95,M,Single-ply,258.55
90.0,65.0,70.7,M,Raw,150.0
113.4,61.23,54.88,M,Single-ply,108.86
205.0,142.5,93.5,M,Raw,260.0
90.72,52.16,57.61,M,Single-ply,117.93
233.6,138.35,98.52,M,Wraps,238.14
102.5,50.0,69.4,F,Raw,120.0
72.57,43.09,58.06,M,Single-ply,90.72
150.0,77.5,77.11,M,Wraps,197.5
152.5,132.5,82.5,M,Raw,222.5
181.44,122.47,95.71,M,Single-ply,185.97
140.0,125.0,81.8,M,Raw,172.5
170.0,102.5,66.0,M,Raw,217.5
230.0,132.5,82.8,M,Raw,300.0
351.53,260.82,110.59,M,Multi-ply,340.19
270.0,172.5,73.88,M,Single-ply,275.0
150.0,80.0,71.4,M,Raw,185.0
238.14,165.56,98.97,M,Single-ply,231.33
120.0,67.5,69.6,F,Single-ply,112.5
95.0,52.5,79.8,F,Raw,117.5
161.03,99.79,103.06,M,Single-ply,151.95
142.5,110.0,89.8,F,Raw,180.0
187.5,125.0,107.59,M,Wraps,230.0
262.5,162.5,90.2,M,Raw,290.0
250.0,145.0,75.0,M,Wraps,237.5
220.0,160.0,105.7,M,Single-ply,235.0
82.5,90.0,74.9,M,Raw,160.0
244.94,136.08,88.63,M,Single-ply,254.01
75.0,32.5,68.6,F,Raw,90.0
110.0,65.0,62.25,F,Raw,145.0
77.5,42.5,55.97,F,Raw,95.0
150.0,85.0,71.7,F,Single-ply,142.5
70.31,47.63,50.71,F,Raw,122.47
125.0,115.0,125.6,M,Single-ply,215.0
156.5,59.0,63.87,F,Single-ply,163.3
140.0,87.5,77.95,F,Raw,165.0
300.0,207.5,65.62,M,Single-ply,275.0
197.5,112.5,81.8,M,Wraps,227.5
140.0,95.0,78.9,M,Raw,200.0
315.0,227.5,137.98,M,Raw,282.5
249.48,140.61,86.64,M,Wraps,244.94
158.76,81.65,59.6,F,Single-ply,163.29
112.5,65.0,62.5,F,Raw,155.0
175.0,90.0,89.9,M,Single-ply,195.0
306.17,242.67,120.84,M,Wraps,290.3
205.0,132.5,79.75,M,Raw,210.0
197.5,105.0,119.1,M,Raw,242.5
230.0,182.5,99.2,M,Single-ply,252.5
267.5,155.0,99.7,M,Wraps,242.5
97.5,62.5,75.0,F,Raw,130.0
182.5,125.0,101.4,M,Raw,232.5
226.8,127.0,102.0,M,Raw,249.5
97.5,65.0,61.7,F,Raw,115.0
232.5,172.5,108.6,M,Raw,287.5
275.0,187.5,136.62,M,Wraps,265.0
90.72,61.23,55.79,M,Single-ply,120.2
210.0,125.0,110.1,M,Single-ply,227.5
137.0,70.0,82.5,F,Single-ply,132.5
172.5,87.5,73.0,F,Wraps,175.0
227.5,137.5,89.6,M,Raw,290.0
222.5,140.0,70.15,M,Raw,245.0
167.5,122.5,80.8,M,Raw,187.5
152.5,97.5,81.84,M,Raw,195.0
265.0,135.0,65.2,M,Single-ply,130.0
163.29,90.72,69.13,M,Raw,185.97
155.0,140.0,101.96,M,Raw,167.5
222.5,137.5,87.8,M,Raw,255.0
244.94,165.56,116.3,M,Single-ply,219.99
155.0,117.5,75.0,M,Raw,245.0
225.0,92.5,90.5,M,Single-ply,247.5
195.04,102.06,125.65,M,Single-ply,195.04
165.0,127.5,97.7,M,Raw,167.5
135.0,92.5,71.3,M,Raw,162.5
200.0,150.0,86.3,M,Single-ply,270.0
192.5,120.0,90.5,M,Raw,235.0
205.0,127.5,103.2,M,Raw,217.5
120.2,56.7,51.71,M,Single-ply,145.15
147.42,83.91,74.48,M,Single-ply,142.88
182.5,87.5,74.0,M,Raw,235.0
97.5,47.5,68.4,F,Raw,112.5
129.27,79.38,78.74,F,Wraps,147.42
115.0,82.5,90.0,M,Single-ply,122.5
162.5,120.0,89.5,M,Raw,220.0
172.37,111.13,107.95,M,Raw,204.12
100.5,63.0,63.59,F,Raw,102.5
188.24,113.4,61.87,M,Single-ply,170.1
120.0,67.5,46.8,F,Single-ply,132.5
165.56,99.79,61.73,M,Single-ply,188.24
151.95,102.06,82.1,M,Single-ply,158.76
207.5,165.0,102.6,M,Raw,272.5
157.5,85.0,76.0,M,Raw,165.0
130.0,80.0,75.3,M,Single-ply,165.0
200.0,152.5,90.0,M,Raw,235.0
182.5,115.0,63.68,M,Raw,210.0
226.8,124.74,74.48,M,Single-ply,204.12
210.0,130.0,81.7,M,Single-ply,230.0
100.0,55.0,50.8,F,Raw,145.0
138.35,113.4,78.56,M,Single-ply,170.1
200.0,150.0,114.3,M,Raw,255.0
187.5,132.5,82.7,M,Raw,225.0
212.5,177.5,109.9,M,Wraps,247.5
240.0,165.0,90.0,M,Wraps,252.5
212.5,125.0,81.64,M,Raw,220.0
77.5,57.5,58.2,F,Raw,115.0
147.42,72.57,59.87,M,Single-ply,120.2
97.5,52.5,72.6,F,Raw,160.0
106.59,70.31,70.31,M,Single-ply,131.54
227.5,125.0,75.5,M,Single-ply,227.5
190.0,122.5,82.48,M,Raw,220.0
90.72,61.23,55.07,M,Single-ply,108.86
133.81,74.84,83.23,M,Single-ply,124.74
129.27,102.06,66.95,M,Raw,156.49
275.0,187.5,123.16,M,Raw,290.0
97.5,52.5,52.0,F,Raw,120.0
130.0,82.5,71.5,F,Raw,140.0
180.0,140.0,56.51,F,Single-ply,182.5
176.9,106.59,97.34,M,Single-ply,170.1
140.61,79.38,74.62,M,Single-ply,129.27
102.5,65.0,49.4,M,Single-ply,115.0
245.0,165.0,104.2,M,Raw,237.5
136.08,70.31,74.84,M,Single-ply,142.88
110.0,67.5,70.0,M,Raw,125.0
172.37,108.86,79.83,M,Single-ply,185.97
137.5,72.5,57.98,M,Raw,175.0
249.48,154.22,80.56,M,Single-ply,265.35
188.24,108.86,63.14,M,Single-ply,185.97
130.0,72.5,69.65,F,Raw,160.0
85.0,62.5,70.45,M,Raw,120.0
165.0,115.0,102.4,M,Raw,172.5
97.5,62.5,61.4,F,Raw,140.0
163.29,88.45,67.5,M,Raw,185.97
235.0,195.0,113.2,M,Single-ply,310.0
255.0,147.5,123.0,M,Single-ply,275.0
172.5,150.0,73.7,M,Raw,192.5
204.12,113.4,84.82,M,Single-ply,199.58
295.0,242.5,122.7,M,Multi-ply,260.0
120.0,67.5,61.8,F,Single-ply,125.0
70.0,72.5,65.45,M,Raw,115.0
245.0,175.0,109.5,M,Wraps,262.5
162.5,85.0,66.0,M,Raw,185.0
185.0,160.0,90.5,M,Single-ply,225.0
170.0,105.0,103.42,M,Raw,205.0
52.5,45.0,70.1,F,Raw,90.0
255.0,177.5,104.78,M,Raw,250.0
105.0,62.5,55.79,F,Wraps,120.0
270.0,197.5,111.4,M,Raw,282.5
100.0,55.0,79.3,F,Raw,147.5
245.0,137.5,108.6,M,Single-ply,260.0
170.0,142.5,115.2,M,Single-ply,205.0
155.0,137.5,93.2,M,Raw,182.5
163.29,111.13,72.67,M,Single-ply,170.1
130.0,115.0,87.2,M,Raw,185.0
231.33,108.86,107.59,M,Single-ply,249.48
120.0,70.0,62.5,F,Raw,122.5
163.29,97.52,73.94,M,Single-ply,163.29
299.37,197.31,,M,Wraps,294.84
137.5,97.5,74.1,M,Raw,195.0
142.5,102.5,81.1,M,Raw,160.0
260.0,157.5,100.5,M,Single-ply,250.0
135.0,92.5,70.67,M,Raw,180.0
220.0,155.0,89.18,M,Wraps,217.5
187.5,120.0,74.6,M,Wraps,240.0
120.0,80.0,66.9,F,Single-ply,137.5
75.0,57.5,50.6,F,Raw,110.0
130.0,102.5,66.2,M,Raw,205.0
150.0,102.5,88.0,M,Raw,170.0
124.74,88.45,81.87,M,Single-ply,161.03
120.0,75.0,70.3,M,Wraps,160.0
105.0,60.0,74.39,F,Wraps,132.5
113.4,65.77,73.94,M,Single-ply,127.01
192.5,130.0,80.4,M,Raw,220.0
61.23,136.08,82.5,M,Wraps,226.8
250.0,165.0,106.0,M,Raw,250.0
80.0,40.0,55.3,F,Raw,112.5
192.5,117.5,105.0,M,Raw,212.5
155.0,60.0,98.1,F,Raw,170.0
199.58,113.4,80.2,M,Single-ply,188.24
245.0,150.0,82.1,M,Single-ply,310.0
205.0,125.0,89.3,M,Raw,222.5
230.0,182.5,98.5,M,Raw,287.5
247.5,137.5,91.1,M,Raw,287.5
61.23,31.75,57.52,F,Single-ply,92.99
349.27,206.38,100.0,M,Multi-ply,281.23
105.0,60.0,55.2,F,Raw,168.0
147.5,62.5,71.6,F,Raw,150.0
137.5,77.5,77.6,F,Single-ply,112.5
182.5,110.0,81.5,M,Raw,215.0
175.0,115.0,108.7,M,Raw,187.5
195.0,147.5,88.53,M,Raw,215.0
170.0,110.0,82.5,M,Raw,242.5
190.0,120.0,82.1,M,Raw,245.0
108.86,61.23,78.93,M,Single-ply,131.54
287.5,165.0,67.3,M,Multi-ply,252.5
204.12,122.47,79.02,M,Single-ply,195.04
102.5,72.5,56.43,M,Raw,165.0
175.0,77.5,93.4,F,Raw,202.5
110.0,61.23,85.91,F,Raw,115.67
227.5,152.5,100.0,M,Single-ply,290.0
340.0,185.0,116.4,M,Single-ply,280.0
220.0,132.5,100.0,M,Single-ply,272.5
342.46,233.6,98.61,M,Multi-ply,260.82
122.47,74.84,79.83,M,Single-ply,161.03
170.1,81.65,55.7,M,Single-ply,176.9
90.72,56.7,50.35,F,Raw,113.4
85.0,45.0,66.6,F,Raw,110.0
192.78,108.86,76.93,M,Single-ply,183.7
97.52,52.16,69.13,F,Wraps,127.01
175.0,115.0,79.2,M,Raw,182.5
145.0,90.0,59.4,M,Raw,165.0
183.7,113.4,84.64,M,Single-ply,204.12
192.5,172.5,81.5,M,Raw,240.0
281.23,158.76,121.29,M,Wraps,281.23
150.0,75.0,82.5,F,Raw,167.5
188.24,111.13,63.96,M,Single-ply,158.76
112.5,62.5,50.76,F,Raw,155.0
265.0,162.5,82.1,M,Single-ply,227.5
154.22,102.06,107.59,M,Single-ply,142.88
210.92,136.08,99.79,M,Single-ply,226.8
105.0,82.5,73.0,M,Single-ply,122.5
155.0,87.5,81.1,F,Raw,167.5
232.5,142.5,92.2,M,Raw,265.0
130.0,80.0,66.9,F,Single-ply,140.0
249.48,172.37,104.6,M,Wraps,260.82
175.0,100.0,134.7,F,Raw,180.0
112.5,55.0,51.5,F,Raw,152.5
297.5,247.5,89.9,M,Single-ply,262.5
252.5,180.0,139.7,M,Raw,295.0
175.0,117.5,60.0,M,Single-ply,195.0
77.5,45.0,63.7,F,Raw,105.0
97.5,85.0,72.95,M,Raw,125.0
365.14,292.57,139.71,M,Multi-ply,274.42
315.0,230.0,110.0,M,Single-ply,305.0
99.79,58.97,51.17,F,Raw,140.61
360.0,185.0,118.2,M,Raw,360.0
267.62,176.9,99.79,M,Single-ply,274.42
106.59,61.23,75.0,M,Single-ply,140.61
142.88,81.65,66.5,M,Single-ply,170.1
115.0,70.0,108.35,F,Raw,145.0
167.5,115.0,84.4,M,Single-ply,190.0
140.0,168.0,98.6,M,Single-ply,210.0
182.5,150.0,75.0,M,Single-ply,215.0
192.5,145.0,101.55,M,Raw,247.5
215.0,120.0,87.3,M,Wraps,215.0
226.8,138.35,112.76,M,Single-ply,188.24
150.0,97.5,89.99,M,Raw,197.5
192.78,138.35,87.54,M,Wraps,226.8
220.0,160.0,74.95,M,Wraps,275.0
115.0,112.5,97.16,M,Raw,160.0
219.99,115.67,81.47,M,Single-ply,224.53
190.0,110.0,65.9,M,Single-ply,237.5
111.13,52.16,103.87,F,Wraps,147.42
132.5,87.5,67.18,M,Wraps,165.0
105.0,67.5,69.9,F,Raw,125.0
92.5,60.0,60.05,F,Raw,125.0
252.5,192.5,75.0,M,Raw,270.0
147.5,92.5,51.2,F,Single-ply,145.0
222.5,122.5,104.29,M,Raw,215.0
250.0,180.0,101.9,M,Raw,285.0
229.06,170.1,92.26,M,Raw,283.5
135.0,112.5,66.5,M,Raw,162.5
145.0,100.0,116.3,M,Raw,162.5
240.4,183.7,122.02,M,Multi-ply,249.48
161.03,122.47,82.01,M,Single-ply,172.37
212.5,125.0,75.0,M,Single-ply,240.0
175.0,142.5,106.59,M,Raw,242.5
371.95,190.51,99.79,M,Wraps,324.32
249.48,165.56,122.11,M,Wraps,272.16
230.0,162.5,107.7,M,Raw,255.0
125.0,62.5,61.8,F,Raw,125.0
130.0,67.5,70.0,F,Raw,170.0
197.5,147.5,94.95,M,Wraps,237.5
130.0,80.0,66.9,M,Single-ply,160.0
204.12,147.42,99.79,M,Wraps,235.87
108.86,65.77,84.32,M,Single-ply,113.4
160.0,85.0,117.8,M,Wraps,182.5
199.58,129.27,128.0,M,Single-ply,229.06
125.0,65.0,58.51,F,Wraps,112.5
181.44,120.2,99.52,M,Single-ply,210.92
115.0,55.0,46.3,F,Single-ply,115.0
262.5,150.0,85.86,M,Single-ply,280.0
192.5,155.0,71.5,F,Single-ply,210.0
205.0,137.5,165.8,M,Raw,185.0
247.5,145.0,74.6,M,Single-ply,232.5
60.0,45.0,80.0,F,Raw,105.0
138.35,56.7,51.62,M,Single-ply,151.95
136.08,86.18,79.83,F,Raw,172.37
195.0,190.0,104.6,M,Raw,270.0
176.9,74.84,89.36,F,Wraps,183.7
90.0,52.5,58.88,F,Wraps,112.5
174.63,88.45,59.33,M,Single-ply,172.37
81.65,81.65,61.96,M,Single-ply,158.76
180.0,125.0,114.6,M,Raw,207.5
227.5,137.5,87.2,M,Raw,240.0
190.51,142.88,98.16,M,Wraps,195.04
112.5,55.0,53.0,F,Raw,150.0
82.5,57.5,105.5,F,Raw,117.5
82.5,52.5,66.45,F,Raw,120.0
145.0,102.5,73.0,M,Raw,170.0
105.0,52.5,56.0,F,Single-ply,112.5
165.56,102.06,98.43,M,Single-ply,188.24
225.0,117.5,82.9,M,Raw,237.5
182.5,137.5,90.35,M,Wraps,215.0
272.16,147.42,131.63,M,Single-ply,238.14
195.04,145.15,99.79,M,Raw,226.8
145.15,79.38,62.51,M,Single-ply,147.42
185.0,132.5,82.5,F,Single-ply,177.5
235.0,160.0,90.9,M,Raw,255.0
122.47,72.57,64.41,M,Single-ply,138.35
140.0,107.5,80.6,M,Single-ply,145.0
230.0,191.0,107.2,M,Wraps,230.0
113.4,56.7,54.43,M,Single-ply,115.67
175.0,95.0,71.2,M,Raw,197.5
170.0,120.0,85.0,M,Raw,202.5
95.25,70.31,62.14,M,Single-ply,115.67
175.0,102.5,85.4,M,Raw,202.5
125.0,100.0,73.6,M,Raw,172.5
265.0,175.0,110.0,M,Single-ply,250.0
172.37,104.33,79.7,M,Single-ply,181.44
206.38,142.88,97.89,M,Wraps,226.8
142.5,70.0,51.5,F,Single-ply,145.0
152.5,102.5,114.8,F,Raw,187.5
105.0,47.5,82.5,F,Wraps,120.0
82.5,60.0,65.1,M,Single-ply,145.0
240.0,145.0,74.89,M,Wraps,215.0
111.13,83.91,100.0,F,Multi-ply,142.88
208.65,131.54,66.41,M,Single-ply,233.6
197.5,125.0,88.3,M,Single-ply,217.5
183.7,120.2,90.0,M,Wraps,229.06
165.56,81.65,72.21,F,Wraps,188.24
192.78,108.86,89.81,M,Single-ply,165.56
167.83,117.93,112.13,M,Single-ply,183.7
47.5,30.0,52.0,M,Raw,62.5
204.12,115.67,118.12,M,Single-ply,197.31
238.14,151.95,90.26,M,Multi-ply,238.14
190.0,115.0,90.0,M,Single-ply,200.0
111.13,86.18,74.12,M,Single-ply,154.22
155.0,127.5,81.3,M,Raw,202.5
280.0,165.0,109.1,M,Single-ply,250.0
179.17,102.06,77.02,M,Single-ply,179.17
85.0,47.5,74.3,F,Raw,107.5
235.87,158.76,107.86,M,Wraps,281.23
120.0,72.5,57.9,M,Wraps,170.0
122.5,57.5,82.5,F,Raw,152.5
167.5,85.0,66.1,F,Single-ply,192.5
272.5,175.0,98.8,M,Wraps,270.0
182.5,135.0,103.1,M,Raw,210.0
70.0,47.5,56.4,F,Raw,105.0
200.0,135.0,73.44,M,Raw,220.0
150.0,115.0,82.5,M,Raw,225.0
90.72,68.04,67.49,M,Single-ply,136.08
195.0,142.5,72.8,M,Raw,217.5
340.0,240.0,89.49,M,Multi-ply,270.0
110.0,70.0,77.3,F,Raw,157.5
136.08,92.99,86.41,M,Single-ply,156.49
115.67,61.23,79.38,M,Single-ply,158.76
160.0,90.0,71.89,M,Single-ply,192.5
237.5,180.0,90.0,M,Raw,305.0
175.0,142.5,102.8,M,Raw,182.5
92.5,52.5,67.2,F,Raw,125.0
92.5,55.0,60.6,F,Raw,132.5
327.5,230.0,118.51,M,Raw,342.5
375.0,215.0,158.75,M,Raw,317.5
208.65,97.52,158.76,M,Single-ply,181.44
254.01,181.44,117.48,M,Wraps,233.6
107.5,55.0,55.7,F,Wraps,110.0
117.5,62.5,84.0,F,Raw,142.5
200.0,127.5,99.7,M,Wraps,245.0
150.0,85.0,97.7,M,Raw,185.0
217.72,124.74,66.5,M,Single-ply,229.06
92.5,60.0,58.6,F,Wraps,125.0
252.5,145.0,82.45,M,Raw,295.0
280.0,240.0,119.25,M,Single-ply,290.0
260.0,167.5,112.2,M,Raw,310.0
231.33,117.93,118.48,M,Single-ply,226.8
160.0,107.5,94.65,M,Raw,185.0
122.47,111.13,89.09,M,Wraps,133.81
205.0,147.5,89.76,M,Raw,272.5
176.9,120.2,74.03,M,Single-ply,181.44
181.44,83.91,59.87,M,Single-ply,181.44
137.5,65.0,52.0,F,Single-ply,142.5
85.0,50.0,68.45,F,Raw,105.0
140.0,125.0,77.4,M,Raw,170.0
92.5,60.0,63.7,F,Raw,127.5
222.5,147.5,100.0,M,Single-ply,262.5
154.22,92.99,71.03,M,Single-ply,161.03
136.08,86.18,122.47,M,Single-ply,136.08
220.0,190.0,82.46,M,Single-ply,210.0
145.0,95.0,72.8,M,Raw,180.0
90.0,55.0,53.1,M,Raw,120.0
335.0,180.0,104.1,M,Raw,262.5
74.84,56.7,70.49,F,Wraps,83.91
157.5,102.5,67.5,M,Raw,195.0
163.29,86.18,74.39,M,Single-ply,163.29
137.5,75.0,71.8,F,Raw,172.5
247.5,150.0,98.8,M,Raw,260.0
280.0,187.5,92.95,M,Raw,305.0
75.0,40.0,58.2,F,Raw,117.5
142.5,97.5,81.3,M,Raw,160.0
105.0,62.5,67.3,F,Raw,140.0
174.63,97.52,97.34,M,Single-ply,165.56
131.54,145.15,121.65,M,Single-ply,142.88
177.5,80.0,72.1,M,Raw,210.0
167.5,122.5,82.1,M,Raw,195.0
60.0,32.5,78.4,F,Raw,80.0
265.35,174.63,107.23,M,Raw,342.46
210.0,127.5,74.1,M,Single-ply,205.0
188.24,90.72,72.03,F,Multi-ply,170.1
85.0,47.5,82.6,F,Raw,137.5
97.5,65.0,55.7,F,Raw,142.5
137.5,90.0,77.04,M,Single-ply,177.5
117.5,77.5,117.6,F,Raw,147.5
192.5,127.5,92.0,M,Raw,220.0
142.88,74.84,59.78,M,Single-ply,136.08
255.0,152.5,101.7,M,Wraps,292.5
75.0,42.5,46.5,F,Single-ply,110.0
60.0,37.5,54.7,F,Raw,87.5
80.0,55.0,60.7,F,Single-ply,102.5
124.74,99.79,66.22,M,Raw,170.1
220.0,140.0,89.5,M,Raw,237.5
280.0,192.5,122.25,M,Raw,282.5
252.5,175.0,82.5,M,Single-ply,250.0
192.78,92.99,97.79,M,Single-ply,149.69
192.78,120.2,80.83,M,Single-ply,208.65
204.12,104.33,102.6,M,Single-ply,208.65
105.0,57.5,64.3,F,Raw,132.5
95.0,70.0,77.56,F,Raw,122.5
205.0,145.0,92.8,M,Raw,200.0
197.5,102.5,82.4,F,Raw,205.0
135.0,70.0,71.7,M,Raw,215.0
165.0,130.0,101.2,M,Raw,200.0
215.0,137.5,98.4,M,Raw,260.0
369.68,244.94,125.0,M,Multi-ply,317.51
265.0,185.0,118.25,M,Single-ply,260.0
142.88,79.38,107.05,M,Single-ply,183.7
249.48,129.27,122.47,M,Single-ply,208.65
272.16,151.95,140.0,M,Multi-ply,249.48
215.0,140.0,86.8,M,Single-ply,250.0
85.0,52.5,52.0,F,Raw,117.5
90.0,55.0,64.41,F,Raw,122.5
97.5,80.0,60.9,F,Raw,127.5
192.5,102.5,100.0,M,Raw,205.0
260.0,190.0,113.15,M,Single-ply,240.0
77.5,57.5,123.8,F,Raw,140.0
100.0,42.5,58.1,F,Raw,87.5
113.4,63.5,73.57,M,Raw,129.27
183.7,104.33,89.81,M,Single-ply,204.12
120.2,70.31,69.04,M,Single-ply,120.2
132.5,77.5,46.16,F,Raw,152.5
181.44,131.54,86.27,M,Raw,165.56
190.51,122.47,81.1,M,Wraps,242.67
107.5,47.5,67.5,F,Raw,125.0
250.0,170.0,112.0,M,Raw,270.0
170.0,147.5,75.0,M,Single-ply,192.5
84.9,55.0,75.0,F,Raw,137.4
254.01,147.42,132.99,M,Single-ply,206.38
137.5,102.5,84.1,M,Raw,175.0
192.5,112.5,81.3,M,Single-ply,222.5
215.0,145.0,89.4,M,Raw,290.0
122.5,60.0,71.3,F,Raw,140.0
170.0,125.0,74.9,M,Raw,200.0
132.5,60.0,65.8,F,Raw,145.0
130.0,70.0,79.1,F,Wraps,130.0
160.0,100.0,79.67,M,Raw,185.0
225.0,170.0,87.5,M,Single-ply,225.0
122.47,81.65,85.46,M,Single-ply,124.74
102.5,52.5,46.5,F,Raw,112.5
140.0,77.5,60.0,F,Single-ply,157.5
95.0,50.0,46.27,F,Single-ply,107.5
306.17,156.49,154.22,M,Single-ply,204.12
229.06,115.67,86.73,M,Wraps,197.31
182.5,125.0,90.0,M,Raw,215.0
113.4,49.9,52.0,F,Raw,113.4
340.0,230.0,119.63,M,Single-ply,312.5
152.5,67.5,83.0,F,Raw,150.0
102.5,70.0,48.75,F,Raw,150.0
185.0,95.0,99.8,M,Raw,205.0
281.23,151.95,179.17,M,Wraps,272.16
215.0,132.5,82.0,M,Raw,215.0
125.0,137.5,89.5,M,Raw,200.0
57.5,45.0,57.3,M,Single-ply,80.0
176.9,92.99,66.32,M,Single-ply,183.7
207.5,145.0,90.2,M,Raw,250.0
240.4,172.37,150.59,M,Single-ply,274.42
170.0,150.0,106.0,M,Raw,180.0
270.0,202.5,119.8,M,Raw,272.5
155.0,125.0,85.3,M,Raw,195.0
160.0,100.0,101.6,M,Single-ply,227.5
215.0,145.0,81.7,M,Single-ply,230.0
265.0,160.0,89.6,M,Single-ply,270.0
200.0,110.0,83.9,M,Raw,225.0
199.58,131.54,89.81,M,Single-ply,183.7
185.97,97.52,66.77,F,Wraps,170.1
254.0,254.0,126.0,M,Single-ply,272.2
102.5,60.0,70.67,F,Raw,117.5
104.33,102.06,82.5,M,Single-ply,136.08
206.38,131.54,97.61,M,Wraps,242.67
202.5,105.0,68.8,M,Raw,190.0
205.0,125.0,115.4,F,Single-ply,170.0
182.5,165.0,72.2,M,Raw,252.5
160.0,105.0,72.0,M,Raw,190.0
80.0,62.5,67.86,M,Raw,110.0
210.0,140.0,114.3,M,Single-ply,232.5
125.0,65.0,120.6,M,Raw,150.0
150.0,122.5,72.8,M,Raw,182.5
175.0,115.0,73.7,M,Raw,230.0
113.4,61.23,63.78,F,Wraps,124.74
255.0,155.0,110.0,M,Single-ply,245.0
149.69,83.91,97.25,M,Single-ply,145.15
183.7,92.99,112.94,M,Single-ply,192.78
245.0,175.0,126.1,M,Wraps,270.0
100.0,65.0,60.8,M,Raw,120.0
197.5,132.5,104.1,M,Raw,247.5
70.0,47.5,69.4,F,Wraps,95.0
124.74,95.25,55.47,M,Single-ply,151.95
172.5,110.0,82.3,M,Raw,242.5
225.0,177.5,135.81,M,Raw,270.0
160.0,102.5,81.5,M,Raw,202.5
112.5,52.5,57.0,F,Raw,137.5
362.87,349.27,130.45,M,Multi-ply,217.72
136.08,72.57,81.1,M,Single-ply,140.61
182.5,122.5,73.0,M,Raw,227.5
107.5,62.5,67.1,F,Raw,127.5
220.0,120.0,72.24,M,Single-ply,220.0
230.0,125.0,89.99,M,Raw,272.5
232.5,132.5,119.4,M,Raw,242.5
290.0,167.5,74.6,M,Single-ply,292.5
136.08,95.25,72.35,M,Single-ply,172.37
205.0,130.0,56.15,F,Single-ply,195.0
238.14,117.93,97.25,M,Wraps,229.06
251.74,142.88,80.65,M,Raw,274.42
190.0,140.0,117.7,M,Raw,240.0
183.0,132.5,94.6,M,Raw,210.0
212.5,167.5,79.7,M,Raw,255.0
110.0,57.5,60.9,F,Raw,142.5
162.5,95.0,96.2,F,Wraps,152.5
217.5,132.5,74.6,M,Raw,245.0
197.31,97.52,62.41,M,Single-ply,185.97
167.5,127.5,108.64,M,Raw,215.0
220.0,180.0,71.71,M,Single-ply,210.0
165.56,136.08,100.0,M,Wraps,149.69
408.23,278.96,181.12,M,Wraps,365.14
133.81,68.04,59.96,F,Wraps,136.08
77.5,35.0,43.7,F,Single-ply,100.0
170.0,160.0,80.7,M,Raw,225.0
183.7,170.1,136.89,M,Wraps,165.56
142.88,70.31,74.39,M,Single-ply,145.15
107.5,57.5,71.8,F,Raw,102.5
130.0,77.5,54.6,F,Single-ply,150.0
185.0,100.0,94.1,M,Raw,240.0
200.0,140.0,78.0,M,Wraps,250.0
120.2,77.11,73.94,M,Single-ply,131.54
104.33,81.65,74.48,M,Single-ply,113.4
135.0,67.5,82.0,F,Raw,160.0
106.59,49.9,44.91,M,Single-ply,117.93
142.88,127.01,82.01,M,Raw,229.06
206.38,142.88,82.1,M,Single-ply,192.78
125.0,65.0,97.52,F,Raw,140.0
127.5,75.0,75.8,F,Single-ply,150.0
74.84,54.43,88.81,F,Raw,97.52
240.0,162.5,108.6,M,Single-ply,265.0
235.0,152.5,82.62,M,Raw,262.5
147.42,86.18,69.67,M,Single-ply,165.56
95.0,57.5,102.9,F,Raw,112.5
240.0,135.0,73.0,M,Single-ply,240.0
232.5,130.0,116.4,M,Raw,272.5
85.0,47.5,55.2,F,Raw,97.5
245.0,177.5,82.1,M,Single-ply,280.0
112.5,67.5,62.2,F,Raw,135.0
145.0,82.5,56.18,F,Single-ply,120.0
192.78,154.22,103.33,M,Raw,226.8
145.0,89.0,71.9,F,Raw,172.5
192.5,125.0,92.6,M,Raw,170.0
75.0,42.5,48.0,F,Single-ply,90.0
120.0,65.0,69.3,F,Raw,162.5
127.01,52.16,92.35,F,Raw,145.15
105.0,65.0,88.31,M,Raw,105.0
285.0,170.0,82.35,M,Single-ply,325.0
105.0,45.0,54.5,F,Raw,135.0
247.5,205.0,92.35,M,Single-ply,230.0
351.53,272.16,137.08,M,Wraps,385.55
330.0,255.0,120.2,M,Single-ply,300.0
287.5,217.5,147.1,M,Wraps,275.0
181.44,113.4,105.6,M,Single-ply,170.1
225.0,135.0,100.0,M,Single-ply,260.0
230.0,167.5,92.3,M,Single-ply,230.0
195.0,140.0,82.5,M,Single-ply,190.0
185.0,137.5,91.1,M,Raw,247.5
110.0,62.5,55.1,F,Single-ply,145.0
197.5,120.0,73.9,M,Raw,207.5
172.5,110.0,81.2,M,Raw,182.5
92.5,47.5,70.0,F,Raw,115.0
251.74,142.88,88.54,M,Single-ply,229.06
250.0,140.0,90.9,M,Raw,267.5
140.0,100.0,72.9,M,Raw,150.0
99.79,54.43,72.03,F,Wraps,136.08
277.5,177.5,92.59,M,Raw,255.0
238.14,145.15,104.6,M,Wraps,249.48
122.5,65.0,61.1,F,Raw,150.0
105.0,55.0,50.4,F,Single-ply,110.0
197.5,125.0,95.5,M,Wraps,257.5
199.58,124.74,100.24,M,Single-ply,201.85
112.5,45.0,66.1,F,Single-ply,120.0
106.59,72.57,95.62,M,Single-ply,147.42
378.75,249.48,134.67,M,Wraps,328.85
231.33,151.95,88.99,M,Single-ply,222.26
192.5,135.0,66.1,M,Raw,220.0
137.5,105.0,97.89,M,Wraps,142.5
154.22,77.11,89.9,M,Wraps,158.76
265.35,165.56,97.52,M,Wraps,272.16
130.0,75.5,50.9,F,Raw,145.0
67.5,37.5,54.6,F,Raw,85.0
181.44,99.79,93.08,M,Single-ply,176.9
285.0,147.5,122.2,M,Raw,282.5
113.4,77.11,54.48,M,Single-ply,138.35
102.5,52.5,71.15,F,Raw,112.5
175.0,137.5,73.6,M,Raw,237.5
220.0,125.0,83.9,M,Wraps,250.0
190.0,135.0,118.39,M,Wraps,215.0
305.0,185.0,146.74,M,Wraps,322.5
182.5,117.5,97.8,M,Raw,235.0
163.29,88.45,99.25,M,Single-ply,208.65
95.0,80.0,81.5,M,Single-ply,130.0
137.5,70.0,70.5,F,Raw,160.0
227.5,110.0,109.5,M,Raw,252.5
202.5,147.5,81.8,M,Raw,220.0
133.81,79.38,59.65,M,Single-ply,136.08
247.5,165.0,134.3,M,Wraps,275.0
120.5,68.0,71.15,F,Raw,150.5
210.0,145.0,128.5,M,Raw,237.5
70.0,60.0,45.4,F,Raw,115.0
167.83,127.01,81.37,M,Wraps,276.69
115.0,57.5,74.8,F,Raw,152.5
342.5,167.5,79.4,M,Multi-ply,287.5
81.65,63.5,56.0,F,Wraps,136.08
152.5,97.5,73.9,M,Raw,175.0
205.0,135.0,144.5,M,Raw,197.5
105.0,62.5,83.8,F,Raw,130.0
142.5,70.0,68.7,F,Raw,145.0
174.63,97.52,59.15,M,Single-ply,185.97
205.0,117.5,92.7,M,Raw,237.5
200.0,142.5,81.5,M,Wraps,230.0
90.0,55.0,66.5,F,Raw,125.0
369.68,215.46,138.89,M,Wraps,299.37
120.0,72.5,73.2,F,Raw,137.5
182.5,145.0,104.33,M,Single-ply,215.0
260.0,172.5,120.5,M,Raw,272.5
92.5,55.0,73.94,F,Raw,100.0
67.5,45.0,60.3,F,Raw,105.0
175.0,102.5,91.6,M,Raw,227.5
145.0,80.0,58.6,F,Multi-ply,147.5
138.35,77.11,58.51,M,Single-ply,158.76
127.5,55.0,59.2,F,Single-ply,130.0
205.0,142.5,82.0,M,Raw,237.5
260.0,170.0,109.68,M,Wraps,277.5
192.5,117.5,102.4,M,Raw,220.0
200.0,147.5,95.5,M,Raw,215.0
165.0,115.0,65.3,M,Raw,220.0
147.5,82.5,82.0,M,Raw,170.0
80.0,45.0,45.25,F,Raw,115.0
188.24,102.06,98.07,M,Single-ply,201.85
125.0,80.0,47.4,F,Single-ply,125.0
100.0,65.0,69.75,F,Raw,140.0
158.76,97.52,65.32,M,Single-ply,161.03
232.5,167.5,108.41,M,Wraps,295.0
180.0,125.0,91.2,M,Raw,230.0
226.8,117.93,99.06,M,Single-ply,201.85
125.0,65.0,68.76,F,Single-ply,132.5
200.0,120.0,130.1,M,Raw,220.0
136.08,68.04,71.03,M,Single-ply,158.76
160.0,132.5,98.8,M,Raw,195.0
265.0,165.0,99.4,M,Single-ply,262.5
120.0,57.5,66.7,F,Raw,145.0
104.33,83.91,94.98,M,Single-ply,151.95
122.5,62.5,82.8,F,Raw,140.0
155.0,115.0,117.5,M,Raw,205.0
217.5,152.5,103.3,M,Raw,260.0
260.0,185.0,107.3,M,Wraps,330.0
237.5,172.5,102.5,M,Raw,270.0
182.5,107.5,103.4,M,Raw,192.5
180.0,120.0,74.1,M,Single-ply,180.0
102.5,72.5,56.43,M,Raw,165.0
133.81,68.04,61.23,M,Single-ply,131.54
232.5,97.5,132.4,F,Single-ply,205.0
161.03,99.79,89.81,M,Single-ply,161.03
199.58,149.69,74.84,M,Single-ply,249.48
110.0,65.0,60.6,F,Raw,115.0
220.0,140.0,98.9,M,Wraps,230.0
322.05,231.33,73.71,M,Multi-ply,260.82
200.0,150.0,75.4,M,Single-ply,230.0
92.5,55.0,68.58,F,Raw,127.5
205.0,120.0,67.5,M,Single-ply,235.0
180.0,105.0,74.0,M,Raw,205.0
217.5,147.5,138.7,M,Single-ply,212.5
232.5,140.0,100.5,M,Raw,280.0
250.0,155.0,89.83,M,Raw,280.0
237.5,167.5,82.5,M,Single-ply,225.0
157.5,90.0,78.0,M,Single-ply,170.0
226.8,133.81,101.33,M,Single-ply,213.19
145.0,70.0,62.0,M,Single-ply,170.0
260.82,133.81,99.16,M,Wraps,294.84
110.0,75.0,64.86,M,Single-ply,117.5
97.5,57.5,86.2,F,Raw,125.0
155.0,100.0,56.0,M,Single-ply,177.5
320.0,202.5,91.3,M,Single-ply,262.5
200.0,120.0,74.93,M,Wraps,230.0
145.0,110.0,73.4,M,Raw,185.0
385.55,290.3,187.97,M,Wraps,367.41
112.5,60.0,69.2,F,Raw,130.0
137.5,115.0,116.66,M,Raw,170.0
165.0,105.0,72.3,M,Raw,205.0
213.19,138.35,105.23,M,Single-ply,176.9
136.08,65.77,52.71,M,Single-ply,149.69
95.0,67.5,57.9,F,Raw,112.5
247.21,136.08,99.16,M,Single-ply,199.58
56.7,45.36,64.41,F,Wraps,111.13
257.5,195.0,99.6,M,Single-ply,267.5
250.0,137.5,97.61,M,Wraps,307.5
192.78,127.01,115.94,M,Single-ply,165.56
115.0,80.0,71.6,F,Raw,137.5
205.0,125.0,92.5,M,Raw,230.0
174.63,102.06,112.49,M,Single-ply,149.69
217.5,165.0,89.6,M,Raw,272.5
55.0,30.0,50.8,F,Raw,75.0
240.0,170.0,123.9,M,Multi-ply,192.5
222.5,162.5,104.2,M,Raw,280.0
137.5,92.5,66.8,F,Raw,150.0
170.0,135.0,83.7,M,Single-ply,225.0
135.0,95.0,55.7,M,Single-ply,202.5
155.0,102.5,67.1,M,Raw,197.5
152.5,107.5,83.0,M,Raw,182.5
100.0,42.5,52.9,F,Raw,97.5
152.5,100.0,82.3,M,Raw,197.5
210.0,100.0,79.56,F,Wraps,210.0
272.2,176.9,95.25,M,Single-ply,254.0
215.0,127.5,137.2,F,Single-ply,197.5
501.22,299.37,139.25,M,Multi-ply,299.37
145.0,95.0,59.4,M,Wraps,180.0
127.5,87.5,66.2,F,Raw,140.0
117.5,72.5,72.05,F,Raw,172.5
170.1,120.2,85.18,M,Wraps,231.33
238.14,142.88,89.18,F,Wraps,240.4
127.01,70.31,100.0,M,Wraps,136.08
165.0,102.5,78.7,M,Raw,165.0
182.5,120.0,99.1,M,Raw,210.0
145.0,75.0,88.63,F,Raw,187.5
204.12,136.08,74.48,M,Single-ply,226.8
125.0,75.0,66.3,F,Raw,140.0
280.0,175.0,103.4,M,Single-ply,260.0
102.1,72.6,67.6,F,Raw,129.3
174.63,124.74,74.21,M,Single-ply,183.7
102.06,58.97,52.53,M,Single-ply,136.08
230.0,130.0,74.9,M,Single-ply,240.0
205.0,117.5,79.3,M,Single-ply,190.0
175.0,135.0,97.7,M,Raw,215.0
117.93,68.04,65.5,F,Raw,122.47
135.0,70.0,73.21,F,Wraps,160.0
226.8,199.58,92.35,M,Single-ply,238.14
175.0,120.0,67.5,M,Wraps,192.5
120.0,72.5,87.9,F,Wraps,145.0
142.5,87.5,62.5,F,Raw,142.5
172.5,112.5,94.44,M,Raw,192.5
165.0,140.0,87.3,M,Single-ply,177.5
127.5,97.5,58.4,M,Raw,155.0
272.16,138.35,109.68,M,Single-ply,263.08
124.74,70.31,86.18,M,Single-ply,136.08
135.0,80.0,60.0,F,Raw,160.0
175.0,132.5,69.4,M,Raw,210.0
250.0,157.5,74.5,M,Raw,250.0
108.86,77.11,65.95,M,Raw,133.81
170.0,95.0,66.5,M,Raw,200.0
174.63,92.99,89.36,M,Single-ply,161.03
55.0,37.5,45.81,F,Raw,85.0
237.5,180.0,115.39,M,Wraps,252.5
125.0,65.0,68.9,F,Raw,142.5
290.3,195.04,134.81,M,Single-ply,249.48
145.0,75.0,73.7,M,Raw,170.0
195.0,112.5,90.1,M,Raw,227.5
350.0,172.5,159.6,M,Single-ply,260.0
75.0,55.0,91.26,F,Wraps,107.5
138.35,86.18,61.42,M,Single-ply,170.1
90.0,47.5,58.7,F,Single-ply,97.5
87.5,45.0,60.3,F,Raw,115.0
160.0,122.5,82.2,M,Raw,225.0
252.5,140.0,109.1,M,Single-ply,245.0
165.0,115.0,89.4,M,Raw,210.0
149.69,138.35,87.09,M,Single-ply,197.31
255.0,145.0,118.0,M,Raw,230.0
149.69,92.99,76.2,M,Single-ply,190.51
90.0,92.5,90.0,M,Single-ply,115.0
94.98,87.5,82.5,M,Raw,120.02
175.0,130.0,73.4,M,Raw,182.5
111.0,62.5,55.7,F,Raw,157.5
145.0,130.0,86.3,M,Raw,212.5
210.0,120.0,96.0,M,Raw,230.0
107.5,57.5,58.2,F,Raw,127.5
136.08,70.31,71.67,M,Single-ply,142.88
250.0,182.5,91.3,M,Single-ply,285.0
100.0,60.0,56.9,F,Raw,142.5
117.5,62.5,51.71,F,Multi-ply,137.5
192.78,120.2,127.01,M,Single-ply,226.8
172.37,111.13,93.44,M,Single-ply,188.24
212.5,107.5,104.0,F,Single-ply,210.0
292.5,187.5,111.06,M,Raw,282.5
230.0,140.0,92.3,M,Raw,250.0
165.0,110.0,73.12,M,Raw,217.5
238.14,108.86,98.88,M,Single-ply,226.8
140.0,65.0,65.3,F,Raw,137.5
115.67,58.97,56.88,M,Single-ply,129.27
205.0,137.5,92.65,M,Raw,245.0
212.5,157.5,89.5,M,Raw,227.5
88.45,56.7,59.87,F,Wraps,102.06
147.42,120.2,120.75,M,Single-ply,158.76
272.16,192.78,105.23,M,Single-ply,254.01
100.0,47.5,55.8,F,Wraps,103.0
100.0,62.5,52.6,F,Raw,125.0
142.5,57.5,91.8,F,Raw,165.0
132.5,90.0,73.0,M,Single-ply,172.5
180.0,110.0,120.0,M,Raw,225.0
267.5,170.0,103.9,M,Raw,257.5
192.5,157.5,82.2,M,Raw,220.0
210.0,105.0,83.2,M,Single-ply,227.5
163.29,77.11,81.28,M,Single-ply,149.69
112.5,77.5,62.9,M,Raw,170.0
161.03,92.99,79.83,F,Wraps,199.58
215.0,127.46,98.66,M,Wraps,272.16
180.0,115.0,75.0,M,Single-ply,210.0
250.0,147.5,100.0,M,Single-ply,265.0
147.5,75.0,80.69,F,Wraps,167.5
197.5,152.5,134.2,M,Raw,230.0
120.0,85.0,53.2,F,Raw,130.0
215.0,137.5,96.9,M,Raw,242.5
150.0,100.0,92.15,M,Raw,170.0
250.0,172.5,91.8,M,Raw,270.0
240.4,133.81,109.13,M,Single-ply,244.94
200.0,107.5,127.01,M,Wraps,175.0
226.8,156.49,119.93,M,Raw,240.4
67.5,50.0,69.7,F,Raw,90.0
227.5,142.5,107.32,M,Wraps,210.0
87.5,60.0,72.1,F,Raw,112.5
102.06,70.31,55.11,M,Single-ply,102.06
107.5,55.0,66.8,F,Wraps,100.0
270.0,130.0,102.1,M,Single-ply,280.0
249.48,129.27,99.79,M,Single-ply,226.8
108.86,65.77,97.7,M,Single-ply,113.4
265.35,174.63,94.89,M,Single-ply,249.48
123.5,61.0,46.9,F,Raw,147.5
187.5,107.5,97.2,M,Raw,192.5
299.37,265.35,125.0,M,Multi-ply,295.97
149.69,83.91,57.7,M,Single-ply,163.29
287.5,172.5,106.6,M,Single-ply,225.0
257.5,152.5,105.0,M,Raw,298.0
220.0,160.0,81.05,M,Single-ply,215.0
225.0,142.5,92.31,M,Raw,255.0
226.8,131.54,87.0,M,Single-ply,231.33
225.0,155.0,86.4,M,Single-ply,220.0
117.93,49.9,58.6,F,Wraps,129.27
165.0,125.0,94.3,M,Raw,182.5
163.29,90.72,95.03,M,Single-ply,181.44
215.46,102.06,98.88,M,Single-ply,185.97
167.83,117.93,109.63,M,Single-ply,167.83
124.74,83.91,59.51,M,Single-ply,122.47
182.5,135.0,99.6,M,Raw,230.0
90.72,43.09,46.45,M,Single-ply,97.52
72.5,32.5,42.0,F,Single-ply,90.0
129.27,86.18,64.46,M,Single-ply,149.69
90.72,43.09,54.88,M,Single-ply,111.13
161.03,111.13,85.28,M,Single-ply,183.7
210.92,129.27,101.38,M,Single-ply,174.63
265.0,167.5,90.0,M,Single-ply,265.0
142.5,100.0,92.3,M,Raw,175.0
205.0,150.0,105.05,M,Wraps,240.0
102.5,50.0,71.8,F,Raw,127.5
287.5,182.5,113.3,M,Single-ply,297.5
158.76,95.25,89.72,M,Single-ply,172.37
230.0,190.0,106.7,M,Single-ply,292.5
220.0,120.0,79.9,M,Single-ply,212.5
247.5,165.0,100.0,M,Single-ply,262.5
160.0,115.0,112.2,M,Raw,227.5
140.61,65.77,59.33,M,Single-ply,147.42
192.5,140.0,87.15,M,Raw,245.0
136.08,86.18,86.09,M,Single-ply,158.76
95.0,170.0,92.3,M,Single-ply,145.0
295.0,210.0,134.2,M,Wraps,320.0
210.0,150.0,81.9,M,Raw,257.5
471.74,317.51,153.31,M,Multi-ply,299.37
252.5,170.0,154.49,M,Wraps,260.0
260.0,160.0,95.1,M,Raw,270.0
70.0,47.5,59.9,F,Raw,117.5
90.0,90.0,70.8,M,Raw,157.5
170.0,110.0,59.8,M,Raw,225.0
80.0,47.5,103.4,F,Raw,97.5
95.0,42.5,40.6,F,Single-ply,90.0
206.38,90.72,98.34,M,Single-ply,142.88
188.0,100.0,115.9,M,Wraps,200.0
240.0,155.0,82.2,M,Single-ply,225.0
105.0,100.0,113.7,M,Raw,156.0
145.15,104.33,69.26,M,Single-ply,190.51
87.5,57.5,55.2,F,Raw,122.5
156.49,90.72,77.56,M,Single-ply,161.03
182.5,107.5,73.2,M,Raw,200.0
77.5,52.5,88.75,F,Raw,105.0
136.08,102.06,66.22,M,Single-ply,199.58
242.5,142.5,73.0,M,Raw,280.0
195.0,125.0,79.0,M,Raw,247.5
235.0,160.0,89.4,M,Raw,260.0
172.5,142.5,99.0,M,Raw,205.0
82.5,42.5,62.2,F,Raw,137.5
220.0,142.5,83.82,M,Wraps,255.0
310.0,145.0,194.5,M,Wraps,301.0
125.0,85.0,72.6,M,Raw,155.0
107.5,67.5,61.25,F,Raw,130.0
220.0,145.0,145.4,M,Raw,240.0
260.82,142.88,81.74,M,Single-ply,217.72
117.93,58.97,92.44,F,Raw,154.22
112.5,65.0,62.5,F,Single-ply,107.5
204.12,145.15,96.34,M,Raw,249.48
105.0,45.0,68.6,M,Single-ply,127.5
92.99,54.43,56.0,F,Wraps,104.33
227.5,137.5,82.5,M,Single-ply,250.0
237.5,115.0,73.2,M,Raw,255.0
110.0,60.0,77.9,F,Single-ply,110.0
290.0,170.0,88.4,M,Single-ply,255.0
219.99,149.69,88.72,M,Wraps,265.35
208.65,108.86,68.95,M,Single-ply,181.44
105.0,62.5,55.43,F,Raw,145.0
100.0,55.0,57.8,F,Single-ply,122.5
230.0,155.0,112.5,M,Single-ply,240.0
112.5,55.0,66.6,F,Raw,140.0
131.54,90.72,70.76,M,Wraps,154.22
182.5,115.0,67.25,M,Raw,205.0
210.0,122.5,81.6,M,Wraps,247.5
195.0,122.5,84.7,M,Raw,250.0
183.7,88.45,65.86,M,Single-ply,201.85
174.63,111.13,89.72,M,Single-ply,192.78
180.0,120.0,98.6,M,Single-ply,190.0
135.0,85.0,60.0,M,Raw,165.0
290.0,200.0,136.9,M,Raw,320.0
155.0,97.5,51.3,M,Single-ply,165.0
172.37,97.52,73.03,M,Single-ply,170.1
122.5,60.0,55.6,F,Raw,125.0
200.0,122.5,91.6,M,Raw,252.5
162.5,75.0,66.8,F,Single-ply,170.0
176.9,92.99,82.1,M,Single-ply,181.44
124.74,74.84,70.4,M,Single-ply,138.35
117.5,62.5,73.8,F,Raw,137.5
92.5,80.0,85.1,M,Raw,155.0
165.0,77.5,65.62,M,Single-ply,172.5
183.7,117.93,96.98,M,Single-ply,183.7
237.5,150.0,98.07,M,Raw,287.5
155.0,80.0,70.14,F,Raw,157.5
252.5,175.0,89.0,M,Raw,245.0
154.22,120.2,65.41,M,Single-ply,174.63
237.5,207.5,125.0,M,Multi-ply,237.5
86.18,52.16,51.44,F,Wraps,122.47
127.01,58.97,54.88,M,Single-ply,113.4
157.5,85.0,62.2,F,Single-ply,142.5
226.8,174.63,89.99,M,Wraps,249.48
185.97,102.06,68.49,M,Single-ply,210.92
175.0,107.5,86.1,M,Raw,200.0
77.5,60.0,77.2,F,Single-ply,127.5
249.48,165.56,137.44,M,Wraps,244.94
86.18,40.82,63.96,F,Wraps,106.59
142.5,105.0,81.8,M,Raw,177.5
117.5,47.5,52.2,F,Single-ply,122.5
176.9,86.18,64.32,M,Single-ply,156.49
145.15,95.25,71.85,M,Single-ply,156.49
306.17,156.49,100.43,M,Single-ply,283.5
97.5,50.0,59.0,F,Raw,125.5
185.0,122.5,87.6,M,Raw,242.5
142.88,74.84,90.54,M,Single-ply,172.37
130.0,112.5,69.4,M,Single-ply,160.0
165.56,74.84,63.78,M,Single-ply,190.51
200.0,112.5,112.3,M,Single-ply,190.0
195.0,137.5,85.87,M,Raw,240.0
87.5,47.5,59.5,F,Raw,97.5
82.5,47.5,52.0,F,Raw,125.0
70.0,50.0,84.85,F,Raw,115.0
125.0,57.5,64.6,F,Raw,162.5
306.17,204.12,99.7,M,Single-ply,226.8
270.0,182.5,92.4,M,Raw,295.0
60.0,45.0,80.3,M,Single-ply,100.0
262.5,182.5,100.0,M,Wraps,280.0
102.06,63.5,54.16,M,Single-ply,131.54
225.0,150.0,73.6,M,Raw,272.5
153.0,82.5,62.7,F,Raw,157.5
120.0,65.0,56.15,F,Raw,180.0
115.0,82.5,65.2,F,Raw,147.5
177.5,107.5,108.85,M,Raw,180.0
287.5,195.0,99.3,M,Raw,305.0
175.0,120.0,81.5,M,Raw,202.5
249.48,127.01,96.98,M,Wraps,263.08
188.24,102.06,110.5,M,Single-ply,167.83
210.0,130.0,88.9,M,Raw,270.0
205.0,140.0,90.7,M,Raw,240.0
182.5,117.5,73.4,M,Raw,207.5
305.0,205.0,136.08,M,Wraps,342.5
199.58,111.13,92.62,M,Single-ply,181.44
77.5,62.5,70.3,M,Raw,147.5
62.5,45.0,82.2,F,Raw,92.5
135.0,67.5,62.9,F,Raw,177.5
227.5,137.5,71.88,M,Raw,285.0
195.0,130.0,79.6,M,Wraps,230.0
102.5,65.0,87.5,F,Raw,120.0
255.0,205.0,98.4,M,Raw,255.0
170.0,90.0,70.4,F,Raw,202.5
92.99,88.45,70.31,M,Single-ply,133.81
188.24,106.59,81.87,M,Single-ply,170.1
124.74,77.11,66.22,M,Single-ply,142.88
240.0,145.0,88.0,M,Wraps,237.5
75.0,62.5,71.1,F,Raw,130.0
202.5,110.0,73.95,M,Raw,220.0
157.5,117.5,140.0,M,Raw,215.0
87.5,47.5,55.29,F,Wraps,115.0
270.0,180.0,91.95,M,Raw,260.0
115.67,70.31,51.17,M,Single-ply,131.54
115.0,67.5,55.5,F,Raw,150.0
201.85,136.08,81.56,M,Wraps,267.62
408.23,278.96,108.41,M,Multi-ply,299.37
467.5,342.5,123.47,M,Multi-ply,305.0
60.0,35.0,56.5,F,Raw,95.0
207.5,142.5,121.9,M,Raw,272.5
235.0,135.0,100.0,M,Single-ply,227.5
90.72,83.91,72.67,M,Single-ply,72.57
180.0,110.0,89.05,M,Single-ply,200.0
154.22,92.99,73.75,M,Raw,213.19
62.5,80.0,64.5,F,Raw,115.0
160.0,100.0,68.4,M,Raw,180.0
192.78,115.67,116.12,M,Single-ply,183.7
174.63,127.01,101.33,M,Single-ply,183.7
215.0,132.5,73.3,M,Single-ply,210.0
183.7,124.74,99.56,M,Wraps,215.46
206.38,156.49,121.11,M,Single-ply,226.8
20.0,17.5,44.1,F,Raw,27.5
340.0,215.0,151.9,M,Raw,300.0
217.5,150.0,82.0,M,Raw,210.0
174.63,92.99,77.11,M,Single-ply,215.46
102.06,68.04,52.8,M,Single-ply,133.81
190.0,110.0,73.05,M,Raw,212.5
140.61,83.91,82.5,M,Raw,165.56
265.35,138.35,116.94,M,Single-ply,238.14
170.0,137.5,107.6,M,Wraps,212.5
86.2,56.7,84.6,F,Raw,136.1
147.5,87.5,81.4,F,Wraps,142.5
95.25,68.04,63.05,M,Single-ply,147.42
115.0,70.0,86.6,M,Raw,162.5
110.0,50.0,63.0,F,Raw,120.0
112.5,67.5,62.5,F,Raw,127.5
226.8,102.06,98.88,M,Single-ply,183.7
177.5,122.5,73.0,M,Raw,215.0
172.37,106.59,70.13,M,Single-ply,2.27
202.5,125.0,80.8,M,Raw,230.0
255.0,152.5,118.1,M,Raw,265.0
110.0,57.5,70.9,F,Raw,140.0
230.0,140.0,92.2,M,Raw,240.0
82.5,60.0,114.8,F,Raw,137.5
149.69,79.38,51.26,M,Single-ply,156.49
120.0,67.5,86.9,F,Raw,157.5
208.65,102.06,96.8,M,Single-ply,199.58
167.5,92.5,71.9,F,Single-ply,135.0
97.52,68.04,56.25,M,Single-ply,124.74
112.5,45.0,56.8,F,Single-ply,112.5
117.93,61.23,54.43,M,Single-ply,142.88
82.5,42.5,85.9,F,Raw,100.0
188.24,117.93,69.85,M,Single-ply,204.12
387.5,182.5,166.57,M,Raw,292.5
217.72,133.81,82.33,M,Wraps,192.78
117.5,65.0,67.5,F,Raw,137.5
187.5,117.5,80.6,M,Raw,200.0
170.0,122.5,74.0,M,Raw,190.0
201.85,129.27,86.18,M,Wraps,256.28
275.0,145.0,167.5,M,Raw,275.0
247.5,135.0,97.7,M,Raw,267.5
270.0,185.0,91.08,M,Raw,272.5
183.7,147.42,124.01,M,Wraps,226.8
210.0,152.5,77.7,F,Single-ply,192.5
77.11,40.82,67.31,F,Raw,95.25
227.5,160.0,79.6,M,Raw,245.0
100.0,47.5,58.3,F,Raw,125.0
147.5,105.0,74.6,M,Wraps,210.0
145.0,80.0,67.5,F,Raw,165.0
142.88,92.99,92.53,M,Wraps,142.88
180.0,135.0,91.3,M,Raw,212.5
77.5,35.0,45.84,F,Raw,110.5
75.0,35.0,70.3,F,Raw,100.0
232.5,132.5,100.0,M,Raw,235.0
225.0,105.0,97.0,M,Raw,247.5
232.5,130.0,117.25,M,Raw,247.5
165.0,150.0,95.98,M,Wraps,220.0
206.38,131.54,97.07,M,Single-ply,206.38
210.0,150.0,104.6,M,Single-ply,250.0
90.0,45.0,67.0,F,Raw,102.5
102.1,83.9,,M,Raw,113.4
197.31,157.62,66.54,M,Wraps,208.65
317.51,199.58,125.19,M,Single-ply,265.35
167.5,125.0,79.7,M,Raw,200.0
170.0,105.0,80.8,M,Raw,185.0
150.0,87.5,68.72,F,Raw,180.0
137.5,65.0,82.0,F,Raw,145.0
83.91,83.91,113.4,M,Single-ply,158.76
174.63,106.59,81.37,M,Wraps,242.67
200.0,140.0,74.0,M,Raw,225.0
47.5,35.0,58.0,F,Raw,97.5
70.0,55.0,82.4,F,Raw,130.0
220.0,170.0,92.7,M,Raw,260.0
155.0,127.5,85.0,M,Raw,192.5
98.0,67.5,97.6,F,Raw,145.0
161.03,124.74,78.7,M,Wraps,188.24
277.5,167.5,138.3,M,Raw,302.5
120.0,75.0,98.56,M,Single-ply,150.0
220.0,137.5,76.6,M,Single-ply,235.0
290.0,170.0,99.9,M,Wraps,295.0
233.6,136.08,120.7,M,Single-ply,226.8
190.0,105.0,81.4,F,Raw,190.0
160.0,82.5,66.8,M,Raw,170.0
160.0,102.5,88.45,M,Wraps,182.5
67.5,52.5,60.83,F,Wraps,97.5
249.48,183.7,137.62,M,Single-ply,254.01
77.5,55.0,55.5,F,Single-ply,67.5
188.24,122.47,87.36,M,Raw,233.6
110.0,72.5,77.6,F,Raw,117.5
120.0,85.0,71.0,M,Raw,180.0
190.0,127.5,90.0,M,Single-ply,205.0
255.0,147.5,75.0,M,Raw,255.0
122.5,65.0,51.6,F,Raw,142.5
230.0,147.0,66.68,F,Single-ply,180.0
260.0,170.0,92.85,M,Raw,290.5
244.94,154.22,89.45,M,Raw,294.84
175.0,107.5,80.9,M,Raw,230.0
177.5,92.5,71.67,F,Wraps,172.5
310.0,205.0,118.0,M,Single-ply,275.0
157.5,72.5,90.0,F,Raw,167.5
210.0,150.0,102.9,M,Single-ply,250.0
175.0,115.0,64.3,M,Raw,235.0
127.5,75.0,61.2,M,Raw,142.5
249.48,154.22,93.89,M,Single-ply,204.12
282.5,190.0,123.0,M,Raw,257.5
310.0,205.0,147.7,M,Single-ply,292.5
82.5,47.5,49.9,M,Wraps,115.0
136.08,63.5,79.29,M,Single-ply,163.29
140.61,58.97,51.44,M,Single-ply,129.27
105.0,57.5,62.49,F,Raw,132.5
222.5,127.5,88.2,M,Raw,265.0
206.38,120.2,85.64,M,Single-ply,210.92
157.5,105.0,81.2,M,Single-ply,200.0
213.19,117.93,121.11,M,Raw,204.12
212.5,140.0,92.1,M,Raw,235.0
151.95,106.59,82.5,M,Raw,165.56
120.0,60.0,68.2,F,Raw,137.5
255.0,130.0,151.95,M,Wraps,227.5
132.5,75.0,98.4,F,Raw,157.5
120.0,70.0,55.55,M,Single-ply,145.5
90.72,63.5,70.49,M,Single-ply,136.08
199.58,136.08,116.85,M,Single-ply,219.99
142.5,117.5,78.1,M,Raw,175.0
207.5,132.5,74.39,M,Raw,237.5
357.5,240.0,117.4,M,Raw,332.5
147.5,72.5,66.9,F,Raw,165.0
92.99,79.38,66.32,M,Single-ply,142.88
158.76,113.4,96.3,M,Single-ply,208.65
355.0,275.0,102.74,M,Multi-ply,280.0
90.0,57.5,59.5,F,Raw,107.5
272.5,205.0,100.0,M,Raw,305.0
185.0,120.0,98.2,M,Raw,255.0
130.0,67.5,62.8,F,Single-ply,165.0
158.76,83.91,101.97,M,Single-ply,156.49
95.0,42.5,58.6,F,Raw,120.0
122.5,62.5,55.6,F,Raw,122.5
112.5,47.5,89.6,F,Raw,142.5
90.72,70.31,54.16,M,Single-ply,102.06
132.5,110.0,81.4,M,Raw,187.5
136.08,79.38,54.43,M,Single-ply,140.61
90.0,65.0,71.1,F,Raw,130.0
240.4,147.42,77.93,M,Single-ply,240.4
247.5,152.5,81.8,M,Raw,257.5
182.5,137.5,105.78,M,Wraps,195.0
337.5,250.0,122.92,M,Multi-ply,275.0
97.5,60.0,46.78,F,Raw,122.5
92.99,56.7,64.5,F,Wraps,115.67
102.5,97.5,91.5,M,Raw,177.5
170.0,142.5,105.0,M,Raw,227.5
156.49,99.79,106.5,M,Single-ply,163.29
187.5,140.0,65.44,M,Raw,190.0
124.74,68.04,65.86,M,Single-ply,147.42
72.5,37.5,73.3,F,Raw,92.5
294.84,183.7,106.14,M,Wraps,278.96
105.0,52.5,50.0,F,Raw,125.0
230.0,140.0,81.84,M,Raw,150.0
267.62,127.01,121.29,M,Single-ply,206.38
155.0,115.0,82.0,M,Raw,190.0
204.12,113.4,82.1,M,Single-ply,215.46
112.5,85.0,65.6,M,Raw,170.0
182.5,137.5,74.0,M,Wraps,200.0
165.0,85.0,90.8,M,Raw,175.0
225.0,190.0,106.7,M,Raw,240.0
235.87,158.76,85.64,M,Single-ply,233.6
135.0,75.0,57.1,M,Raw,150.0
62.5,30.0,61.0,F,Raw,102.5
192.78,120.2,100.33,M,Single-ply,204.12
75.0,40.0,49.45,F,Raw,110.0
215.0,130.0,91.2,M,Raw,252.5
355.0,215.0,110.0,M,Single-ply,295.0
156.49,99.79,134.26,M,Single-ply,142.88
152.5,105.0,101.6,M,Raw,212.5
187.5,112.5,73.8,M,Raw,225.0
192.78,117.93,73.03,M,Single-ply,206.38
200.0,170.0,96.0,M,Raw,227.5
105.0,67.5,70.5,F,Raw,142.5
115.0,75.0,55.22,F,Single-ply,125.0
212.5,132.5,73.9,M,Raw,235.0
129.27,79.38,87.27,M,Single-ply,124.74
160.0,102.5,63.2,M,Raw,237.5
155.0,95.0,78.1,M,Single-ply,205.0
142.88,72.57,59.87,M,Single-ply,172.37
125.0,67.5,61.7,F,Raw,187.5
65.0,20.0,59.24,F,Wraps,110.0
105.0,60.0,64.7,F,Raw,127.5
142.5,72.5,62.6,F,Raw,157.5
142.5,115.0,74.21,M,Raw,210.0
88.45,63.5,54.43,M,Single-ply,111.13
215.5,120.0,81.9,M,Raw,227.5
187.5,122.5,87.9,M,Raw,245.0
72.5,37.5,51.45,F,Single-ply,75.0
92.5,47.5,61.7,F,Single-ply,100.0
75.0,70.0,51.75,F,Raw,138.0
202.5,122.5,73.4,M,Raw,217.5
197.5,125.0,73.95,M,Raw,202.5
247.5,160.0,119.4,M,Raw,245.0
75.0,47.5,55.4,F,Raw,85.0
85.0,102.5,72.1,M,Raw,137.5
217.5,130.0,82.9,M,Raw,220.0
200.0,137.5,82.45,M,Raw,232.5
215.0,187.5,81.4,M,Raw,282.5
65.0,37.5,56.4,F,Raw,105.0
226.8,167.83,95.8,M,Wraps,204.12
120.0,50.0,80.9,F,Raw,122.5
92.5,55.0,63.73,F,Wraps,107.5
102.06,83.91,82.5,M,Single-ply,122.47
106.59,61.23,63.46,M,Single-ply,136.08
167.83,97.52,66.77,M,Single-ply,181.44
217.5,152.5,91.0,M,Raw,237.5
190.51,136.08,122.11,M,Wraps,204.12
265.0,145.0,100.9,M,Single-ply,230.0
227.5,152.5,74.5,M,Raw,245.0
115.0,70.0,58.0,F,Raw,125.0
240.0,182.5,96.8,M,Single-ply,265.0
115.0,55.0,121.5,F,Raw,140.0
124.74,79.38,63.73,M,Single-ply,131.54
155.0,85.0,96.34,M,Raw,185.0
140.0,117.5,85.09,M,Raw,192.5
147.5,87.5,66.3,M,Raw,170.0
155.0,110.0,104.78,M,Raw,170.0
157.5,87.5,117.3,F,Raw,192.5
192.5,135.0,91.5,M,Raw,267.5
225.0,187.5,114.0,M,Single-ply,235.0
110.0,67.5,57.08,M,Raw,120.0
133.81,79.38,72.76,M,Single-ply,151.95
95.0,70.0,65.5,M,Raw,122.5
275.0,140.0,87.2,M,Wraps,310.0
105.0,70.0,55.7,F,Raw,145.0
225.0,170.0,84.65,M,Single-ply,235.0
92.99,43.09,47.63,M,Single-ply,92.99
205.0,127.5,75.7,M,Raw,127.5
258.55,158.76,88.63,M,Single-ply,226.8
137.5,102.5,91.2,M,Raw,187.5
130.0,75.0,79.7,F,Raw,152.5
68.04,47.63,69.4,F,Wraps,102.06
102.06,83.91,137.35,M,Single-ply,124.74
226.8,147.42,123.38,M,Wraps,254.01
151.95,86.18,74.39,M,Single-ply,197.31
205.0,137.5,89.74,F,Single-ply,220.0
208.65,136.08,107.41,M,Single-ply,183.7
120.0,130.0,93.0,M,Raw,200.0
115.67,92.99,55.88,M,Single-ply,145.15
156.0,110.0,81.0,M,Raw,195.0
287.5,172.5,103.25,M,Raw,282.5
170.0,90.0,56.47,F,Single-ply,197.5
192.78,117.93,127.5,M,Wraps,240.4
235.0,207.5,93.6,M,Single-ply,252.5
185.0,92.5,54.0,M,Single-ply,210.0
161.03,138.35,81.56,M,Wraps,190.51
204.91,162.39,100.0,M,Single-ply,229.97
260.0,207.5,125.0,M,Single-ply,205.0
312.5,177.5,143.1,M,Raw,292.5
220.0,140.0,85.0,M,Wraps,220.0
212.5,150.0,96.4,M,Wraps,240.0
281.23,176.9,127.64,M,Wraps,267.62
117.5,60.0,82.0,F,Raw,130.0
250.0,150.0,81.6,M,Single-ply,282.5
238.14,142.88,108.05,M,Single-ply,235.87
187.5,125.0,96.05,M,Raw,225.0
272.16,142.88,140.16,M,Single-ply,185.97
85.0,60.0,66.8,M,Single-ply,130.0
117.5,60.0,59.51,F,Raw,132.5
130.0,102.5,80.3,M,Raw,185.0
310.0,180.0,100.0,M,Single-ply,295.0
242.5,125.0,82.4,M,Raw,265.0
150.0,122.5,70.1,M,Single-ply,185.0
170.1,81.65,81.65,M,Single-ply,176.9
200.0,240.0,95.3,M,Single-ply,200.0
204.12,106.59,66.22,M,Single-ply,195.04
197.5,127.5,100.24,M,Wraps,215.0
127.5,25.0,75.0,F,Raw,142.5
70.0,52.5,67.1,F,Raw,97.5
92.5,42.5,74.1,F,Raw,100.0
125.0,85.0,55.6,M,Single-ply,145.0
154.2,102.1,66.7,M,Single-ply,156.5
100.0,62.5,90.25,F,Single-ply,152.5
152.5,117.5,78.4,M,Raw,220.0
145.0,127.5,82.33,M,Wraps,172.5
160.0,90.0,62.08,F,Raw,205.0
132.5,70.0,56.1,F,Single-ply,142.5
250.0,167.5,89.8,M,Single-ply,292.5
175.0,135.0,72.7,M,Raw,205.0
267.62,183.7,98.43,M,Wraps,283.5
195.04,115.67,103.24,M,Wraps,219.99
102.5,40.0,66.4,F,Raw,107.5
232.5,140.0,102.1,M,Raw,245.0
250.0,162.5,104.3,M,Raw,280.0
217.72,131.54,80.92,M,Wraps,249.48
161.03,113.4,83.82,M,Single-ply,170.1
160.0,95.0,56.48,F,Single-ply,180.0
285.0,167.5,98.2,M,Wraps,245.0
170.0,127.5,114.32,M,Raw,225.0
137.5,137.5,101.1,M,Raw,182.5
227.5,127.5,89.54,M,Wraps,245.0
185.0,160.0,109.2,M,Raw,222.5
135.0,95.0,75.3,M,Single-ply,165.0
57.5,40.0,53.8,M,Single-ply,74.0
162.5,102.5,65.4,M,Raw,180.0
202.5,165.0,90.6,M,Raw,262.5
206.38,133.81,80.2,M,Raw,229.06
182.5,125.0,107.86,M,Wraps,210.0
408.23,278.96,108.41,M,Multi-ply,299.37
185.97,122.47,89.45,M,Single-ply,195.04
220.0,190.0,121.0,M,Single-ply,240.0
127.01,68.04,77.38,F,Raw,142.88
255.0,160.0,118.5,M,Raw,282.5
82.5,62.5,85.9,M,Raw,127.5
219.99,136.08,89.99,M,Wraps,254.01
99.79,47.63,55.47,F,Wraps,113.4
125.0,72.5,71.0,F,Raw,157.5
282.5,185.0,133.8,M,Raw,305.0
133.81,92.99,65.77,M,Raw,138.35
204.12,124.74,112.94,M,Single-ply,195.04
120.0,75.0,74.2,M,Single-ply,165.0
52.5,37.5,61.5,F,Raw,92.5
102.06,63.5,64.32,M,Single-ply,104.33
158.76,99.79,94.57,M,Single-ply,149.69
129.27,63.5,90.26,M,Single-ply,142.88
167.5,160.0,123.38,M,Wraps,220.0
128.0,62.5,60.8,F,Raw,142.5
140.0,80.0,62.67,F,Raw,162.5
92.5,60.0,56.9,F,Raw,130.0
250.0,165.0,120.8,M,Wraps,255.0
222.5,120.0,81.95,M,Single-ply,285.0
192.5,165.0,95.2,M,Raw,250.0
172.5,92.5,62.6,F,Single-ply,185.5
120.0,77.5,69.0,F,Raw,142.5
227.5,145.0,82.4,M,Wraps,227.5
125.0,112.5,88.0,M,Raw,142.5
215.0,192.5,120.38,M,Raw,267.5
267.5,170.0,110.0,M,Raw,257.5
92.5,65.0,48.5,F,Raw,115.0
112.5,70.0,80.2,F,Raw,137.5
232.5,152.5,102.0,M,Raw,235.0
95.0,50.0,91.3,M,Single-ply,112.5
207.5,120.0,82.2,M,Raw,265.0
217.5,132.5,81.8,M,Single-ply,232.5
197.31,142.88,74.84,M,Raw,249.48
102.5,55.0,57.0,F,Raw,90.0
165.0,125.0,72.0,M,Raw,185.0
180.0,130.0,95.4,M,Raw,215.0
110.0,55.0,62.4,F,Single-ply,105.0
137.5,107.5,59.15,M,Raw,152.5
370.0,215.0,99.6,M,Single-ply,335.0
100.0,70.0,56.45,F,Raw,135.0
240.0,152.5,122.42,M,Wraps,225.0
120.0,90.0,74.0,M,Single-ply,182.5
205.0,142.5,95.44,M,Raw,272.5
92.99,63.5,65.18,M,Wraps,124.74
192.5,142.5,82.3,M,Raw,207.5
231.33,127.01,65.32,M,Single-ply,183.7
167.5,115.0,95.2,M,Wraps,200.0
112.5,60.0,68.1,F,Single-ply,120.0
200.0,157.5,99.7,M,Raw,212.5
294.95,177.47,100.0,M,Single-ply,277.49
142.88,115.67,80.56,M,Wraps,156.49
207.5,137.5,92.6,M,Raw,230.0
160.0,100.0,98.77,M,Raw,187.5
187.5,132.5,88.4,M,Raw,260.0
147.5,80.0,72.67,M,Raw,157.5
245.0,125.0,92.2,M,Raw,250.0
147.5,95.0,52.18,M,Raw,180.0
147.5,100.0,72.8,M,Raw,197.5
131.54,72.57,55.07,M,Single-ply,142.88
175.0,110.0,66.22,M,Wraps,217.5
185.0,122.5,99.0,M,Wraps,212.5
130.0,70.0,96.15,F,Raw,165.0
120.0,72.5,89.0,F,Raw,150.0
160.0,105.0,81.28,M,Raw,175.0
136.08,72.57,51.44,M,Single-ply,172.37
172.5,120.0,81.4,M,Raw,227.5
102.5,55.0,62.9,F,Raw,117.5
192.78,113.4,116.39,M,Single-ply,213.19
127.5,62.5,100.7,F,Wraps,130.0
225.0,175.0,74.9,M,Raw,260.0
212.5,150.0,81.8,M,Wraps,265.0
149.69,83.91,74.39,M,Single-ply,142.88
170.0,102.5,74.3,M,Raw,182.5
129.27,70.31,61.69,M,Single-ply,129.27
170.1,92.99,98.16,M,Single-ply,170.1
245.0,142.5,89.9,M,Wraps,285.0
265.0,150.0,79.1,M,Wraps,285.0
378.75,215.46,99.79,M,Multi-ply,269.89
97.5,67.5,54.98,F,Raw,150.0
210.92,117.93,80.1,M,Single-ply,226.8
124.74,90.72,86.0,M,Single-ply,136.08
135.0,110.0,72.6,M,Raw,200.0
142.88,99.79,66.41,M,Single-ply,142.88
142.5,75.0,81.2,F,Raw,155.0
75.0,40.0,50.8,F,Raw,107.5
242.5,160.0,92.7,M,Raw,310.0
82.5,50.0,48.2,F,Raw,105.0
177.5,82.5,83.0,F,Raw,205.0
105.0,50.0,73.0,F,Raw,147.5
165.0,132.5,77.6,M,Raw,200.0
162.5,110.0,71.78,F,Single-ply,160.0
205.0,120.0,116.7,M,Raw,275.0
137.5,65.0,99.4,F,Single-ply,102.5
37.5,18.0,41.64,M,Wraps,62.5
222.5,122.5,74.4,F,Wraps,222.5
249.93,197.43,125.0,M,Single-ply,249.93
147.5,110.0,88.7,M,Raw,215.0
255.0,160.0,103.5,M,Single-ply,260.0
149.69,92.99,94.89,M,Single-ply,149.69
235.0,142.5,89.4,M,Single-ply,230.0
201.85,140.61,87.54,M,Single-ply,199.58
279.98,189.94,125.0,M,Single-ply,232.47
150.0,87.5,65.7,M,Raw,172.5
175.0,120.0,92.4,M,Raw,190.0
185.97,136.08,78.83,M,Wraps,208.65
106.59,79.38,64.41,M,Single-ply,142.88
230.0,160.0,90.5,M,Raw,230.0
155.0,145.0,101.35,M,Raw,260.0
220.0,192.5,88.45,M,Raw,250.0
312.5,225.0,103.0,M,Wraps,290.0
310.0,195.0,116.5,M,Wraps,280.0
505.76,333.39,,M,Multi-ply,349.27
100.0,270.5,140.1,M,Single-ply,100.0
207.5,135.0,91.7,M,Wraps,247.5
172.37,99.79,73.21,M,Single-ply,192.78
217.5,112.5,108.73,M,Wraps,197.5
165.56,113.4,88.09,M,Wraps,179.17
180.0,120.0,82.7,M,Raw,242.5
167.5,210.0,108.4,M,Raw,172.5
85.0,25.0,61.4,F,Raw,110.0
112.5,52.5,90.6,F,Raw,140.0
162.5,110.0,60.0,M,Single-ply,185.0
220.0,132.5,94.4,M,Single-ply,205.0
255.0,155.0,103.93,M,Raw,270.0
207.5,132.5,99.25,M,Raw,285.0
210.0,140.0,73.2,M,Raw,210.0
182.5,122.5,107.9,M,Raw,227.5
272.16,151.95,104.78,M,Wraps,258.55
82.5,52.5,61.2,F,Raw,107.5
257.5,157.5,101.0,M,Raw,292.5
265.0,175.0,105.5,M,Raw,275.0
95.0,62.5,67.5,M,Single-ply,142.5
142.88,92.99,99.61,M,Single-ply,142.88
80.0,47.5,63.0,F,Raw,100.0
102.5,47.5,69.1,F,Raw,117.5
136.08,74.84,65.23,F,Raw,145.15
90.0,60.0,51.5,F,Raw,120.0
133.8,90.7,82.5,M,Raw,174.6
88.5,29.5,47.26,F,Single-ply,97.5
200.0,95.0,66.1,M,Single-ply,192.5
177.5,107.5,63.4,M,Raw,222.5
187.5,122.5,89.7,M,Raw,227.5
87.5,60.0,55.0,F,Wraps,137.5
240.0,170.0,98.1,M,Raw,275.0
61.23,201.85,109.5,M,Multi-ply,115.67
232.5,150.0,91.2,M,Raw,270.0
95.25,49.9,67.31,F,Raw,113.4
215.0,165.0,82.5,M,Raw,260.0
140.0,72.5,64.9,F,Raw,170.0
170.0,160.0,97.9,M,Single-ply,220.0
192.78,136.08,94.8,M,Wraps,192.78
157.5,107.5,63.59,M,Raw,200.0
272.5,192.5,107.23,M,Wraps,282.5
162.5,92.5,64.9,M,Raw,207.5
300.0,177.5,75.0,M,Single-ply,325.0
205.0,100.0,63.41,M,Wraps,267.5
408.23,294.84,109.59,M,Multi-ply,294.84
158.76,97.52,71.21,M,Single-ply,172.37
124.74,61.23,52.8,M,Single-ply,115.67
207.5,142.5,80.1,M,Single-ply,240.0
175.0,105.0,91.49,M,Wraps,187.5
58.97,43.09,54.16,F,Wraps,99.79
215.0,125.0,92.6,M,Raw,250.0
145.0,147.5,74.2,M,Single-ply,147.5
177.5,125.0,72.5,M,Single-ply,172.5
200.0,125.0,73.6,M,Wraps,207.5
86.18,22.68,64.14,F,Wraps,97.52
280.0,200.0,106.9,M,Single-ply,275.0
220.0,147.5,98.65,M,Raw,307.5
127.01,63.5,68.22,M,Single-ply,136.08
152.5,90.0,83.98,F,Raw,202.5
224.53,140.61,74.62,M,Single-ply,235.87
200.0,122.5,,F,Single-ply,225.0
175.0,130.0,66.0,M,Single-ply,200.0
310.71,140.61,86.36,M,Single-ply,249.48
235.0,137.5,93.53,M,Raw,272.5
105.0,60.0,62.6,F,Raw,137.5
150.0,67.5,103.5,F,Raw,165.0
108.86,70.31,57.61,M,Single-ply,113.4
65.0,55.0,56.6,F,Raw,117.5
122.5,70.0,66.4,F,Raw,152.5
72.5,65.0,46.67,F,Raw,110.0
288.03,181.44,134.31,M,Single-ply,251.74
192.5,147.5,81.9,M,Raw,245.0
181.44,129.27,115.85,M,Single-ply,192.78
207.5,135.0,103.9,M,Raw,205.0
102.5,57.5,51.65,F,Wraps,130.0
190.0,120.0,125.4,M,Raw,200.0
138.35,95.25,64.86,M,Single-ply,127.01
112.5,65.0,68.0,F,Raw,150.0
165.56,120.2,81.1,M,Single-ply,165.56
165.0,107.5,90.65,M,Raw,215.0
270.0,177.5,101.6,M,Single-ply,255.0
231.33,165.56,89.99,M,Wraps,299.37
97.5,47.5,55.5,F,Raw,110.0
227.5,170.0,102.8,M,Raw,230.0
161.03,129.27,149.32,M,Single-ply,170.1
215.0,137.5,91.0,M,Raw,257.5
220.0,140.0,86.9,M,Raw,242.5
149.69,86.18,97.16,M,Single-ply,154.22
102.5,102.5,130.09,M,Wraps,205.0
170.0,160.0,95.25,M,Raw,175.0
125.0,87.5,79.9,M,Raw,145.0
137.5,60.0,70.7,F,Raw,142.5
176.9,104.33,66.59,M,Single-ply,192.78
342.5,182.5,128.6,M,Single-ply,300.0
90.72,58.97,64.14,F,Wraps,117.93
155.0,87.5,72.3,M,Raw,170.0
215.0,145.0,73.5,M,Single-ply,225.0
100.0,50.0,67.3,F,Raw,115.0
306.17,204.12,107.05,M,Multi-ply,274.42
155.0,165.0,123.5,M,Raw,212.5
244.9,111.1,103.9,M,Single-ply,195.0
174.63,90.72,66.22,M,Single-ply,179.17
81.65,38.56,44.45,M,Single-ply,81.65
140.0,105.0,82.45,M,Raw,170.0
117.5,85.0,71.6,F,Raw,157.5
97.52,70.31,85.18,F,Raw,129.27
247.21,161.03,109.59,M,Single-ply,249.48
247.21,174.63,88.45,M,Wraps,267.62
174.63,120.2,88.36,M,Wraps,183.7
181.44,113.4,91.26,M,Single-ply,192.78
136.08,74.84,59.87,M,Single-ply,136.08
54.4,34.0,59.01,M,Single-ply,79.4
220.0,105.0,73.3,M,Raw,240.0
215.0,145.0,65.3,M,Raw,237.5
115.0,55.0,68.5,F,Single-ply,120.0
107.5,62.5,62.05,F,Raw,120.0
206.38,140.61,96.71,M,Single-ply,226.8
182.5,112.5,81.6,M,Raw,227.5
260.0,175.0,90.9,M,Wraps,282.5
210.0,125.0,90.1,M,Raw,205.0
115.0,77.5,102.5,M,Raw,140.0
270.0,105.0,113.0,M,Raw,250.0
190.0,125.0,90.3,M,Raw,195.0
154.22,106.59,51.3,M,Single-ply,197.31
181.44,97.52,99.56,M,Single-ply,192.78
370.0,225.0,155.0,M,Wraps,310.0
226.8,136.08,107.77,M,Single-ply,219.99
227.5,157.5,81.47,M,Wraps,220.0
149.69,120.2,74.57,M,Single-ply,181.44
220.0,115.0,129.7,M,Raw,255.0
115.67,81.65,82.5,M,Wraps,165.56
417.3,367.41,99.79,M,Multi-ply,276.69
137.5,87.5,75.0,F,Raw,152.5
165.0,105.0,75.0,M,Wraps,227.5
86.18,40.82,60.33,F,Raw,92.99
151.95,99.79,92.17,M,Single-ply,181.44
227.5,172.5,99.9,M,Raw,282.5
125.0,120.0,79.4,M,Raw,180.0
182.5,122.5,80.3,M,Raw,212.5
120.0,70.0,82.1,M,Raw,162.5
222.26,124.74,109.72,M,Single-ply,231.33
232.5,182.5,103.2,M,Raw,237.5
155.0,107.5,81.5,M,Raw,192.5
90.0,55.0,66.2,F,Raw,107.5
140.0,87.5,83.0,F,Raw,137.5
247.21,111.13,68.95,F,Multi-ply,206.38
225.0,142.5,90.8,M,Raw,282.5
185.0,165.0,114.4,M,Wraps,227.5
187.5,130.0,81.5,M,Raw,207.5
209.9,157.4,88.22,M,Single-ply,182.46
132.5,97.5,63.8,M,Single-ply,160.0
213.19,142.88,89.27,M,Single-ply,242.67
226.8,161.03,95.35,M,Wraps,256.28
110.0,52.5,88.9,F,Raw,157.5
110.0,75.0,55.1,F,Raw,182.5
182.5,107.5,96.3,M,Single-ply,182.5
160.0,97.5,71.85,M,Raw,162.5
115.0,55.0,65.8,F,Raw,155.0
260.0,140.0,90.8,M,Raw,290.0
205.0,160.0,133.9,M,Raw,245.0
147.42,74.84,62.32,M,Single-ply,161.03
147.5,92.5,79.5,F,Raw,217.5
142.5,102.5,89.75,M,Raw,197.5
175.0,132.5,107.1,M,Raw,240.0
122.5,92.5,76.4,M,Raw,157.5
300.0,142.5,90.0,M,Single-ply,290.0
82.5,35.0,55.93,F,Raw,105.0
95.0,45.0,59.2,F,Single-ply,100.0
187.5,122.5,87.2,M,Raw,250.0
220.0,132.5,85.8,M,Raw,280.0
110.0,125.0,108.6,M,Wraps,190.0
250.0,205.0,89.7,M,Multi-ply,227.5
170.1,122.47,96.62,M,Single-ply,174.63
65.0,52.5,50.2,F,Raw,105.0
112.5,60.0,68.5,F,Raw,140.0
232.5,162.5,104.82,M,Raw,287.5
72.5,42.5,54.6,F,Raw,110.0
107.5,55.0,92.2,F,Raw,142.5
235.0,150.0,120.34,M,Raw,272.0
100.0,57.5,82.0,F,Raw,132.5
163.29,95.25,89.09,F,Wraps,195.04
140.0,67.5,68.34,F,Raw,152.5
85.0,60.0,56.0,F,Single-ply,110.0
161.03,97.52,88.45,M,Single-ply,181.44
117.5,47.5,66.7,F,Raw,120.0
100.0,52.5,58.65,F,Wraps,115.0
190.0,132.5,88.4,M,Single-ply,205.0
150.0,87.5,89.18,M,Wraps,215.0
249.48,163.29,109.77,M,Wraps,197.31
182.5,120.0,91.5,M,Single-ply,207.5
195.04,102.06,82.1,M,Single-ply,206.38
95.0,47.5,56.5,F,Single-ply,107.5
137.5,72.5,78.0,F,Single-ply,127.5
225.0,160.0,81.8,M,Single-ply,205.0
142.88,79.38,71.21,M,Single-ply,174.63
242.5,157.5,104.03,M,Raw,237.5
151.95,136.08,81.19,M,Wraps,192.78
188.24,108.86,66.04,M,Single-ply,158.76
190.51,145.15,73.03,M,Single-ply,197.31
175.0,102.5,67.4,M,Single-ply,185.0
185.0,107.5,71.0,M,Raw,195.0
107.5,55.0,58.6,F,Raw,135.0
142.88,47.63,71.49,M,Single-ply,142.88
122.5,70.0,56.4,F,Raw,155.0
213.19,151.95,130.91,M,Single-ply,183.7
154.22,97.52,66.77,M,Single-ply,163.29
220.0,152.5,95.89,M,Raw,225.0
79.4,47.6,45.2,F,Raw,108.9
205.0,122.5,106.3,M,Single-ply,215.0
165.0,105.0,66.2,M,Single-ply,195.0
192.5,132.5,90.6,M,Raw,235.0
117.93,65.77,104.1,M,Single-ply,127.01
285.0,180.0,123.0,M,Single-ply,247.5
220.0,177.5,82.4,M,Single-ply,210.0
150.0,102.5,81.5,F,Single-ply,147.5
151.95,81.65,69.22,M,Single-ply,151.95
210.0,112.5,80.78,M,Raw,220.0
215.0,142.5,81.6,M,Raw,242.5
74.84,52.16,48.35,M,Single-ply,83.91
190.0,112.5,81.4,M,Raw,220.0
90.0,47.5,62.93,F,Raw,45.0
115.0,62.5,79.65,F,Wraps,137.5
205.0,100.0,74.75,F,Wraps,222.5
172.5,112.5,116.2,M,Raw,192.5
163.29,120.2,83.91,M,Raw,213.19
181.44,113.4,79.51,M,Single-ply,208.65
147.4,136.1,79.4,M,Raw,256.3
170.1,83.91,84.55,M,Single-ply,172.37
204.12,122.47,89.63,M,Wraps,213.19
147.42,88.45,55.7,M,Single-ply,158.76
200.0,105.0,74.7,M,Single-ply,210.0
202.5,145.0,85.96,M,Wraps,200.0
107.5,45.0,71.7,F,Raw,115.0
160.0,200.0,122.0,M,Raw,230.0
199.58,113.4,87.18,M,Single-ply,224.53
117.5,87.5,70.7,F,Raw,140.0
219.99,129.27,89.72,M,Single-ply,240.4
108.86,61.23,54.2,F,Wraps,113.4
200.0,115.0,72.0,M,Raw,190.0
125.0,67.5,127.3,M,Raw,165.0
240.0,160.0,82.76,M,Raw,290.0
147.5,72.5,142.5,F,Raw,147.5
170.0,90.0,116.4,M,Raw,205.0
92.5,50.0,60.0,F,Raw,115.0
242.67,167.83,73.39,M,Single-ply,233.6
272.5,170.0,123.95,M,Wraps,290.0
165.0,100.0,82.5,M,Single-ply,205.0
192.5,125.0,80.2,M,Raw,237.5
129.27,58.97,70.67,M,Single-ply,120.2
127.01,65.77,65.86,M,Single-ply,140.61
249.48,161.03,89.09,M,Single-ply,226.8
182.5,112.5,97.52,M,Raw,200.0
90.72,43.09,51.66,F,Wraps,92.99
292.5,195.0,150.1,M,Wraps,340.0
274.42,226.8,121.74,M,Multi-ply,249.48
374.21,238.14,95.25,M,Multi-ply,281.23
162.5,107.5,107.0,M,Wraps,177.5
87.5,75.0,64.89,M,Raw,112.5
135.0,55.0,81.6,F,Single-ply,165.0
230.0,137.5,73.2,M,Single-ply,220.0
274.42,183.7,106.41,M,Multi-ply,226.8
135.0,87.5,60.75,F,Raw,157.5
130.0,100.0,79.0,F,Single-ply,125.0
177.5,145.0,66.2,M,Wraps,190.0
185.0,132.5,99.6,M,Wraps,187.5
140.0,75.0,75.2,F,Raw,160.0
205.0,150.0,101.0,M,Raw,242.5
82.5,57.5,89.2,F,Raw,125.0
147.42,95.25,72.67,F,Wraps,165.56
147.42,74.84,91.35,M,Single-ply,147.42
172.5,125.0,88.6,M,Raw,205.0
112.5,67.5,80.8,F,Raw,132.5
185.0,105.0,81.2,M,Raw,200.0
213.19,95.25,121.02,M,Single-ply,242.67
195.0,137.5,108.0,M,Raw,227.5
301.64,206.38,89.72,M,Multi-ply,269.89
92.5,57.5,64.4,F,Raw,140.0
200.0,150.0,117.7,M,Raw,240.0
152.5,72.5,77.11,F,Wraps,157.5
258.55,138.35,65.23,M,Single-ply,238.14
150.0,92.5,58.1,M,Raw,195.0
100.0,60.0,83.0,F,Raw,115.0
217.5,127.5,93.0,M,Single-ply,205.0
97.52,40.82,90.0,F,Wraps,124.74
167.5,97.5,68.3,F,Raw,192.5
87.5,50.0,64.9,F,Raw,110.0
217.5,142.5,82.8,M,Raw,220.0
120.0,100.0,95.06,M,Single-ply,180.0
122.47,63.5,70.49,M,Single-ply,133.81
227.5,130.0,96.8,M,Raw,245.0
124.74,74.84,51.62,M,Single-ply,154.22
195.0,135.0,81.38,M,Single-ply,220.0
151.95,124.74,97.52,M,Raw,188.24
190.51,102.06,66.32,M,Single-ply,195.04
195.0,112.5,73.7,M,Raw,240.0
208.65,117.93,81.83,M,Single-ply,204.12
130.0,110.0,88.3,M,Raw,155.0
330.0,220.0,114.85,M,Wraps,302.5
112.5,60.0,70.2,M,Raw,147.5
182.5,170.0,163.7,M,Raw,290.0
174.63,129.27,115.48,M,Wraps,206.38
327.5,210.0,123.9,M,Single-ply,282.5
230.0,180.0,100.0,M,Single-ply,270.0
105.0,110.0,123.47,M,Wraps,200.0
181.44,104.33,77.29,M,Single-ply,172.37
250.0,162.5,105.41,M,Raw,272.5
170.0,87.5,79.8,M,Raw,185.0
117.5,105.0,88.2,M,Raw,187.5
145.0,95.0,66.9,M,Raw,197.5
92.99,56.7,72.21,F,Wraps,102.06
185.0,140.0,58.47,M,Raw,220.0
140.61,92.99,84.28,M,Single-ply,161.03
185.0,115.0,86.1,M,Raw,182.5
181.44,104.33,74.84,M,Single-ply,172.37
190.0,100.0,59.2,F,Single-ply,175.0
120.0,82.5,74.8,F,Raw,180.0
65.0,35.0,63.5,F,Raw,90.0
112.5,67.5,64.6,F,Raw,122.5
100.0,62.5,55.16,F,Wraps,137.5
150.0,110.0,66.0,M,Wraps,197.5
258.55,170.1,98.52,M,Wraps,276.69
130.0,72.5,54.5,F,Single-ply,127.5
102.06,52.16,54.25,M,Single-ply,124.74
182.5,137.5,95.07,M,Wraps,212.5
60.0,47.5,46.72,F,Raw,105.0
87.5,65.0,51.0,F,Raw,112.5
77.5,42.5,54.2,F,Raw,90.0
142.5,115.0,84.71,M,Single-ply,192.5
154.22,104.33,62.32,M,Single-ply,158.76
183.7,102.06,74.84,M,Single-ply,165.56
105.0,57.5,61.0,F,Raw,152.5
180.0,210.0,117.6,M,Single-ply,240.0
150.0,82.5,60.0,M,Single-ply,182.5
297.1,188.24,150.14,M,Wraps,285.76
150.0,82.5,70.3,F,Raw,155.0
85.0,52.5,49.0,F,Raw,117.5
132.5,82.5,56.6,M,Raw,182.5
278.96,242.67,109.77,M,Multi-ply,249.48
190.0,142.5,94.57,M,Wraps,227.5
295.0,222.5,91.95,M,Single-ply,247.5
147.42,86.18,74.48,M,Single-ply,140.61
200.0,160.0,108.5,M,Wraps,267.5
165.0,135.0,94.9,M,Raw,195.0
260.0,140.0,91.8,M,Raw,282.5
70.0,80.0,67.2,M,Raw,120.0
113.4,45.4,87.0,F,Single-ply,115.7
192.78,131.54,75.0,M,Wraps,229.06
220.0,140.0,67.5,M,Single-ply,232.5
113.4,92.99,67.22,M,Single-ply,165.56
124.74,54.43,88.54,F,Wraps,142.88
277.5,155.0,97.1,M,Raw,275.0
127.5,90.0,57.8,F,Single-ply,145.0
31.75,19.28,61.51,F,Wraps,41.96
212.5,127.5,80.65,M,Raw,240.0
161.03,102.06,55.16,M,Single-ply,170.1
230.0,145.0,117.5,M,Raw,250.0
102.5,70.0,69.5,F,Raw,145.0
110.0,67.5,64.09,F,Wraps,132.5
185.0,137.5,89.02,F,Single-ply,215.0
77.5,37.5,46.9,F,Raw,105.0
92.5,65.0,117.65,F,Raw,125.0
208.65,147.42,98.25,M,Single-ply,195.04
165.0,122.5,84.0,M,Single-ply,170.0
147.5,107.5,103.4,M,Raw,187.5
195.0,122.5,88.54,M,Wraps,215.0
227.5,112.5,80.6,M,Raw,230.0
115.67,68.04,66.13,M,Single-ply,151.95
185.0,150.0,107.2,M,Raw,205.0
160.0,170.0,82.1,M,Single-ply,197.5
202.5,160.0,104.9,M,Raw,247.5
142.5,82.5,99.2,M,Raw,165.0
172.5,125.0,72.8,M,Raw,192.5
107.5,60.0,56.35,F,Raw,127.5
115.67,61.23,82.37,F,Wraps,151.95
130.0,100.0,90.42,M,Raw,155.0
235.0,145.0,127.0,M,Raw,240.0
156.49,111.13,65.5,M,Single-ply,217.72
197.5,140.0,92.5,M,Raw,220.0
154.22,90.72,79.11,M,Raw,145.15
135.0,87.5,65.0,F,Wraps,170.0
365.14,297.1,89.92,M,Multi-ply,278.96
163.29,83.91,75.39,M,Single-ply,154.22
172.5,115.0,82.91,F,Raw,175.0
132.5,82.5,55.5,M,Raw,162.5
185.0,125.0,104.9,M,Single-ply,195.0
222.5,155.0,114.0,M,Raw,220.0
105.0,52.5,51.1,F,Single-ply,125.0
97.5,45.0,58.3,F,Raw,115.0
107.5,62.5,54.8,F,Raw,135.0
120.0,70.0,59.8,F,Wraps,140.0
157.5,95.0,71.5,F,Wraps,185.0
185.97,136.08,102.69,M,Single-ply,163.29
170.1,97.52,80.92,M,Single-ply,165.56
75.0,35.0,51.7,F,Raw,100.0
272.5,170.0,105.05,M,Raw,372.5
210.0,180.0,98.1,M,Single-ply,230.0
115.0,70.0,73.7,F,Raw,132.5
82.5,50.0,52.0,F,Raw,102.5
272.16,167.83,104.33,M,Wraps,256.28
87.5,40.0,56.45,F,Raw,95.0
206.38,161.03,86.18,M,Wraps,206.38
219.99,90.72,79.74,M,Raw,240.4
140.0,100.0,51.7,M,Raw,185.0
113.4,58.97,84.32,M,Single-ply,95.25
120.0,80.0,65.55,M,Raw,165.0
102.5,110.0,72.3,M,Raw,182.5
110.0,82.5,98.4,F,Raw,175.0
200.0,117.5,92.1,M,Raw,205.0
360.0,200.0,129.82,M,Multi-ply,290.0
229.06,142.88,142.97,M,Single-ply,226.8
129.27,38.56,62.96,F,Wraps,115.67
105.0,62.5,69.3,F,Raw,132.5
277.5,147.5,109.9,M,Raw,252.5
60.0,30.0,66.3,F,Raw,70.0
52.5,42.5,55.7,F,Raw,75.0
250.0,190.0,104.0,M,Single-ply,250.0
99.79,34.02,51.53,M,Single-ply,108.86
162.5,122.5,85.7,M,Raw,215.0
142.5,152.5,87.4,M,Single-ply,147.5
172.5,140.0,74.7,M,Raw,185.0
107.5,57.5,47.6,F,Single-ply,110.0
100.0,57.5,65.7,M,Raw,117.5
176.9,120.2,81.28,M,Wraps,197.31
283.5,165.56,89.92,M,Raw,299.37
100.0,65.0,79.5,F,Raw,135.0
160.0,110.0,73.5,M,Single-ply,267.5
190.51,115.67,100.43,M,Single-ply,174.63
150.0,115.0,76.1,M,Raw,190.0
160.0,95.0,65.1,M,Raw,193.0
145.0,72.5,55.7,F,Single-ply,165.0
320.0,230.0,143.6,M,Single-ply,280.0
124.74,74.84,59.87,M,Single-ply,142.88
156.5,97.5,69.5,M,Raw,183.7
227.5,170.0,103.0,M,Raw,280.0
320.0,210.0,121.5,M,Single-ply,340.0
145.0,130.0,77.2,M,Raw,145.0
80.0,75.0,75.0,M,Single-ply,140.0
170.0,115.0,68.7,M,Single-ply,170.0
225.0,170.0,103.2,M,Wraps,260.0
215.46,122.47,83.28,M,Single-ply,231.33
180.0,80.0,63.2,F,Single-ply,185.0
237.5,142.5,88.4,M,Raw,272.5
132.5,67.5,61.4,F,Raw,140.0
181.44,115.67,109.41,M,Wraps,215.46
160.0,85.0,70.8,F,Raw,165.0
263.08,142.88,94.35,M,Single-ply,231.33
235.0,145.0,91.2,M,Raw,260.0
245.0,212.5,97.5,M,Single-ply,232.5
85.0,62.5,42.95,F,Raw,110.0
87.5,42.5,66.1,F,Raw,112.5
180.0,112.5,90.35,M,Single-ply,170.0
170.0,150.0,96.7,M,Raw,190.0
197.5,137.5,74.0,M,Raw,212.5
195.0,125.0,96.6,M,Raw,200.0
226.8,113.4,89.81,M,Single-ply,204.12
102.5,52.5,55.6,M,Raw,120.0
82.5,42.5,54.0,F,Raw,110.0
140.61,63.5,65.23,M,Single-ply,145.15
137.5,127.5,75.0,M,Wraps,160.0
200.0,145.0,104.8,M,Raw,235.0
113.4,52.2,65.6,F,Single-ply,142.9
136.1,54.4,142.4,F,Single-ply,113.4
150.0,150.0,98.15,M,Wraps,205.0
102.5,67.5,54.9,F,Raw,125.0
185.0,112.5,81.2,M,Raw,187.5
150.0,95.0,75.6,M,Raw,172.5
205.0,110.0,90.0,M,Raw,235.0
235.0,190.0,97.9,M,Raw,265.0
365.0,217.5,74.2,M,Single-ply,305.0
152.5,110.0,99.9,M,Raw,202.5
205.0,135.0,124.9,M,Raw,237.5
181.44,115.67,80.38,M,Single-ply,197.31
235.87,167.83,89.81,M,Wraps,285.76
165.0,100.0,73.3,M,Raw,210.0
92.5,55.0,70.4,F,Raw,125.0
147.5,82.5,99.9,F,Raw,185.0
77.5,60.0,71.3,M,Raw,115.0
165.0,120.0,97.2,M,Raw,170.0
172.37,90.72,62.6,M,Single-ply,147.42
158.76,92.99,80.92,M,Single-ply,188.24
181.44,92.99,114.31,M,Single-ply,147.42
237.5,140.0,92.6,M,Raw,232.5
142.88,65.77,59.24,F,Wraps,136.08
136.08,92.99,106.32,M,Wraps,167.83
142.88,86.18,73.75,F,Wraps,149.69
115.0,70.0,85.32,M,Raw,160.0
195.04,138.35,115.21,M,Single-ply,188.24
252.5,202.5,125.0,M,Raw,300.0
137.5,70.0,77.7,F,Single-ply,137.5
180.0,140.0,88.8,M,Raw,210.0
226.8,102.06,128.82,M,Single-ply,226.8
158.76,113.4,124.74,M,Single-ply,192.78
226.8,127.01,95.53,M,Single-ply,201.85
152.5,125.0,73.31,M,Single-ply,160.0
142.88,138.35,91.81,M,Raw,263.08
230.0,150.0,126.8,M,Raw,220.0
120.0,105.0,88.5,M,Raw,147.5
319.78,219.99,99.61,M,Multi-ply,301.64
262.5,170.0,103.65,M,Raw,290.0
97.5,57.5,53.7,F,Raw,112.5
132.5,80.0,82.2,M,Wraps,175.0
140.0,107.5,90.93,M,Raw,157.5
107.5,60.0,58.5,F,Raw,137.5
185.0,120.0,75.0,M,Single-ply,205.0
170.0,125.0,116.45,M,Raw,220.0
111.13,61.23,110.0,M,Raw,111.13
230.0,160.0,82.55,M,Raw,277.5
145.15,79.38,74.84,F,Wraps,167.83
233.6,136.08,74.84,M,Single-ply,229.06
99.79,65.77,54.88,M,Single-ply,104.33
220.0,165.0,80.3,F,Single-ply,202.5
133.81,83.91,91.9,M,Single-ply,183.7
132.5,67.5,55.2,F,Single-ply,120.0
167.5,125.0,107.23,M,Raw,267.5
410.0,242.5,168.15,M,Raw,317.5
187.5,105.0,97.9,F,Single-ply,197.5
157.5,115.0,79.6,M,Raw,205.0
87.5,62.5,54.7,M,Raw,115.0
102.5,65.0,64.7,M,Single-ply,137.5
95.0,52.5,51.3,F,Raw,115.0
374.21,231.33,133.36,M,Multi-ply,278.96
213.19,127.01,73.48,M,Single-ply,197.31
205.0,137.5,106.6,M,Raw,272.5
75.0,52.5,72.4,F,Raw,85.0
240.0,155.0,107.2,M,Raw,290.0
197.31,163.29,81.28,F,Multi-ply,199.58
127.5,77.5,64.6,F,Raw,140.0
219.99,122.47,129.27,M,Single-ply,188.24
54.4,34.0,47.9,F,Single-ply,106.6
280.0,176.0,92.5,M,Single-ply,270.0
208.65,124.74,73.3,M,Wraps,244.94
220.0,177.5,112.49,M,Wraps,240.0
79.38,45.36,60.6,M,Single-ply,113.4
197.5,110.0,82.6,M,Raw,215.0
132.5,52.5,76.3,F,Single-ply,117.5
165.0,120.0,69.9,M,Raw,190.0
182.5,132.5,81.8,M,Raw,262.5
340.19,174.63,157.94,M,Single-ply,317.51
281.23,161.03,73.12,M,Single-ply,281.23
255.0,172.5,95.8,M,Single-ply,230.0
235.87,161.03,108.09,M,Wraps,254.01
161.03,83.91,61.42,M,Single-ply,158.76
142.5,77.5,71.5,F,Raw,160.0
183.7,244.94,97.52,M,Wraps,226.8
115.0,132.5,87.1,M,Single-ply,197.5
170.0,157.5,72.6,M,Single-ply,185.0
265.0,162.5,91.5,M,Raw,282.5
204.12,117.93,120.56,M,Single-ply,195.04
137.5,82.5,101.3,M,Raw,182.5
90.0,50.0,74.1,F,Single-ply,120.0
192.5,100.0,91.9,M,Raw,190.0
131.54,72.57,51.17,M,Single-ply,158.76
197.5,140.0,82.8,M,Raw,275.0
140.61,95.25,53.98,M,Wraps,138.35
85.0,42.5,61.2,F,Raw,110.0
170.0,137.5,93.6,M,Single-ply,192.5
85.0,67.5,56.4,F,Raw,122.5
247.5,142.5,115.4,M,Raw,230.0
110.0,60.0,69.9,F,Wraps,152.5
227.5,165.0,128.9,M,Single-ply,272.5
95.0,40.0,63.9,F,Raw,120.0
182.5,117.5,86.41,F,Raw,217.5
115.67,83.91,63.87,M,Single-ply,129.27
127.5,72.5,88.8,F,Raw,162.5
127.01,124.74,70.76,M,Wraps,206.38
137.5,87.5,62.2,F,Raw,150.0
230.0,170.0,90.0,M,Raw,295.0
77.5,57.5,77.29,M,Raw,92.5
170.0,157.5,104.3,M,Raw,272.5
208.65,131.54,80.2,M,Single-ply,242.67
190.0,140.0,109.72,M,Raw,205.0
270.0,182.5,108.5,M,Raw,300.0
202.5,122.5,73.1,M,Raw,215.0
107.5,62.5,55.8,F,Raw,137.5
190.51,108.86,55.7,M,Single-ply,179.17
195.0,130.0,72.98,M,Raw,237.5
315.0,218.0,97.6,M,Single-ply,300.0
86.18,61.23,63.5,M,Single-ply,99.79
60.0,45.0,55.2,F,Raw,92.5
142.5,97.5,66.2,F,Raw,165.0
217.72,149.69,84.91,M,Wraps,254.01
74.84,49.9,67.13,F,Wraps,106.59
176.9,102.06,97.84,M,Single-ply,172.37
97.5,60.0,51.7,F,Raw,132.5
100.0,52.5,80.9,F,Raw,110.0
317.51,233.6,110.0,M,Wraps,319.78
289.96,197.43,110.0,M,Single-ply,262.4
92.5,62.5,50.9,F,Raw,127.5
165.0,95.0,81.2,M,Raw,245.0
244.94,170.1,99.34,M,Wraps,283.5
102.06,92.99,67.5,M,Single-ply,129.27
150.0,67.5,82.5,F,Raw,175.0
258.55,158.76,109.13,M,Raw,285.76
163.29,92.99,55.25,M,Single-ply,133.81
290.0,192.5,72.76,M,Single-ply,240.0
165.0,117.5,58.33,M,Raw,167.5
290.0,177.5,110.6,M,Single-ply,260.0
260.0,135.0,104.5,M,Raw,272.5
192.5,142.5,118.2,M,Raw,240.0
129.3,70.3,75.4,F,Single-ply,152.0
158.76,83.91,77.56,M,Single-ply,147.42
205.0,130.0,87.1,M,Raw,245.0
82.5,45.0,65.4,F,Raw,112.5
90.0,55.0,67.5,F,Single-ply,135.0
85.0,52.5,56.0,F,Raw,110.0
294.84,192.78,131.5,M,Wraps,278.96
250.0,155.0,89.7,M,Raw,285.0
192.78,149.69,89.09,M,Raw,249.48
190.0,145.0,95.4,M,Wraps,217.5
205.0,127.5,90.0,M,Single-ply,250.0
112.5,55.0,59.7,F,Raw,140.0
233.6,149.69,94.62,M,Single-ply,199.58
95.0,60.0,59.0,M,Raw,115.0
137.5,87.5,82.1,M,Wraps,165.0
142.9,65.8,59.1,M,Single-ply,156.5
317.5,205.0,92.5,M,Single-ply,300.0
195.0,130.0,81.2,M,Raw,230.0
135.0,80.0,81.6,F,Single-ply,115.0
195.04,138.35,74.48,M,Single-ply,199.58
181.44,99.79,97.07,M,Single-ply,158.76
227.5,142.5,92.0,M,Raw,232.5
244.94,138.35,107.5,M,Single-ply,247.21
230.0,147.5,97.5,M,Raw,222.5
200.0,125.0,93.0,M,Single-ply,200.0
102.5,60.0,54.9,F,Single-ply,115.0
122.5,70.0,92.8,F,Raw,140.0
149.69,92.99,105.01,M,Single-ply,156.49
152.5,90.0,69.4,M,Raw,190.0
195.0,122.5,82.2,M,Raw,237.5
280.0,200.0,67.24,M,Single-ply,247.5
192.5,160.0,91.1,M,Raw,240.0
205.0,102.5,122.2,M,Single-ply,210.0
229.06,124.74,98.07,M,Single-ply,260.82
120.0,102.5,90.08,M,Wraps,150.0
232.5,130.0,89.6,M,Single-ply,250.0
215.0,155.0,106.0,M,Wraps,252.5
230.0,105.0,,F,Single-ply,195.0
97.5,60.0,50.3,F,Raw,127.5
57.5,25.0,43.36,F,Wraps,55.0
342.5,215.0,99.6,M,Wraps,350.0
83.9,52.2,41.9,F,Single-ply,99.8
136.08,102.06,61.6,M,Single-ply,142.88
95.0,47.5,107.8,F,Raw,110.0
133.81,86.18,78.93,M,Single-ply,176.9
165.0,97.5,81.5,M,Raw,170.0
170.0,130.0,88.8,M,Raw,215.0
200.0,145.0,105.5,M,Raw,220.0
310.0,192.5,106.05,M,Multi-ply,262.5
172.5,92.5,79.79,M,Raw,192.5
362.87,188.24,99.06,M,Multi-ply,308.44
100.0,62.5,53.8,F,Raw,137.5
367.5,250.0,107.68,M,Single-ply,295.0
97.5,47.5,61.7,F,Raw,110.0
56.7,45.36,66.68,F,Wraps,102.06
181.44,106.59,109.32,M,Single-ply,215.46
158.76,102.06,75.66,M,Single-ply,176.9
82.5,62.5,59.9,F,Raw,102.5
140.0,80.0,67.5,F,Raw,185.0
340.0,205.0,124.2,M,Wraps,315.0
170.0,107.5,80.38,M,Raw,230.0
162.5,115.0,73.9,M,Wraps,192.5
200.0,115.0,89.6,M,Raw,275.0
158.76,102.06,99.25,M,Single-ply,183.7
177.5,142.5,81.0,M,Raw,202.5
240.0,155.0,88.5,M,Single-ply,277.5
170.0,95.0,110.0,M,Wraps,200.0
305.0,215.0,125.5,M,Raw,300.0
226.8,170.1,109.32,M,Raw,260.82
162.5,115.0,69.31,M,Wraps,167.5
127.5,60.0,73.5,F,Raw,165.0
132.5,80.0,62.1,F,Single-ply,135.0
104.33,68.04,72.12,M,Single-ply,147.42
187.5,105.0,55.8,F,Single-ply,172.5
215.46,133.81,81.19,M,Single-ply,229.06
190.0,132.5,65.31,M,Raw,220.0
110.0,55.0,72.2,F,Wraps,145.0
174.63,92.99,110.86,M,Single-ply,154.22
230.0,230.0,105.8,M,Multi-ply,240.0
225.0,165.0,129.6,M,Wraps,220.0
210.92,138.35,81.56,M,Wraps,256.28
105.0,50.0,74.2,F,Wraps,150.0
245.0,177.5,99.9,M,Single-ply,262.5
324.32,235.87,107.05,M,Single-ply,317.51
152.5,100.0,61.5,M,Raw,190.0
260.0,125.0,106.4,M,Single-ply,257.5
240.0,140.0,91.6,M,Single-ply,270.0
156.49,106.59,65.86,M,Single-ply,188.24
185.97,124.74,72.12,M,Single-ply,183.7
177.5,117.5,85.5,M,Raw,205.0
250.0,182.5,167.1,M,Raw,217.5
125.0,106.0,78.38,F,Raw,165.0
180.0,112.5,86.8,M,Raw,212.5
177.5,120.0,84.35,M,Raw,200.0
200.0,132.5,91.4,M,Single-ply,237.5
215.0,150.0,99.1,M,Raw,272.5
107.5,75.0,79.8,F,Raw,132.5
95.0,97.5,80.38,M,Raw,165.0
245.0,157.5,98.0,M,Single-ply,192.5
242.5,137.5,92.6,M,Raw,297.5
82.5,47.5,55.9,F,Raw,90.0
205.7,129.3,82.1,M,Single-ply,205.7
97.5,65.0,71.12,F,Raw,140.0
210.0,112.5,80.2,F,Wraps,205.0
182.5,137.5,76.7,M,Single-ply,220.0
160.0,115.0,81.4,M,Raw,170.0
260.0,180.0,101.4,M,Single-ply,230.0
120.0,70.0,67.0,F,Single-ply,120.0
215.46,131.54,119.2,M,Single-ply,213.19
312.5,180.0,103.96,M,Raw,305.0
157.5,115.0,84.7,M,Raw,187.5
185.0,95.0,81.4,M,Raw,200.0
187.5,127.5,100.7,M,Raw,200.0
137.5,77.5,61.99,F,Raw,182.5
137.5,145.0,70.6,M,Single-ply,157.5
222.5,160.0,91.9,M,Raw,260.0
160.0,115.0,81.2,M,Raw,205.0
180.0,125.0,102.35,M,Single-ply,210.0
170.0,132.5,109.1,M,Raw,205.0
200.0,117.5,82.5,M,Single-ply,207.5
90.0,57.5,87.5,F,Raw,112.5
105.0,60.0,92.9,F,Raw,140.0
117.5,47.5,80.8,F,Single-ply,137.5
170.0,100.0,74.49,M,Raw,190.0
232.5,192.5,91.44,M,Raw,260.0
160.0,105.0,58.7,M,Raw,185.0
131.5,65.8,51.12,F,Single-ply,131.5
317.5,232.5,73.33,M,Single-ply,270.0
237.5,195.0,99.2,M,Single-ply,275.0
197.5,95.0,81.53,M,Raw,237.5
215.0,160.0,72.2,M,Raw,260.0
80.0,47.5,52.0,F,Single-ply,115.0
265.0,152.5,103.47,M,Raw,295.0
75.98,47.63,54.98,F,Raw,97.52
147.42,106.59,88.99,M,Wraps,222.26
127.01,72.57,68.49,M,Single-ply,127.01
240.0,165.0,86.5,M,Single-ply,200.0
135.0,62.5,57.9,F,Raw,150.0
199.58,99.79,119.75,M,Single-ply,149.69
100.0,67.5,65.95,F,Raw,137.5
252.5,160.0,79.8,M,Single-ply,282.5
72.57,81.65,90.0,M,Raw,90.72
125.5,65.0,63.0,F,Raw,127.5
237.5,190.0,95.05,M,Single-ply,230.0
223.5,142.5,78.5,M,Raw,240.0
254.01,120.2,98.79,M,Single-ply,240.4
79.38,56.7,109.41,F,Raw,171.23
95.3,52.2,71.5,F,Single-ply,97.5
235.0,180.0,108.5,M,Single-ply,225.0
212.5,130.0,118.1,M,Raw,215.0
200.0,117.5,96.2,M,Raw,227.5
142.88,74.84,63.96,M,Single-ply,149.69
390.0,220.0,133.5,M,Wraps,345.0
227.5,165.0,73.3,M,Raw,277.5
202.5,137.5,108.4,M,Raw,225.0
125.0,60.0,64.2,F,Raw,140.0
163.29,129.27,97.89,M,Wraps,215.46
95.0,85.0,83.0,F,Raw,140.0
165.0,87.5,87.2,F,Raw,160.0
160.0,87.5,65.5,F,Raw,185.0
170.0,115.0,95.5,M,Raw,200.0
147.5,80.0,108.09,M,Wraps,182.5
165.0,135.0,90.5,M,Raw,200.0
127.5,72.5,90.7,F,Raw,172.5
230.0,150.0,89.4,M,Raw,232.5
170.0,110.0,65.1,M,Raw,220.0
240.0,130.0,73.15,M,Single-ply,247.5
295.0,187.5,107.0,M,Wraps,265.0
282.5,170.0,104.0,M,Raw,302.5
161.03,127.01,79.65,M,Raw,197.31
142.5,100.0,105.3,M,Raw,195.0
262.5,175.0,113.0,M,Raw,300.0
238.1,156.5,89.4,M,Single-ply,183.7
252.5,165.0,110.0,M,Wraps,265.0
255.0,177.5,74.9,M,Raw,282.5
117.5,105.0,75.02,M,Raw,160.0
127.5,80.0,55.4,M,Single-ply,150.0
155.0,107.5,77.6,M,Single-ply,155.0
170.0,120.0,81.9,M,Single-ply,165.0
206.38,142.88,133.54,M,Single-ply,192.78
45.0,37.5,47.8,F,Raw,70.0
147.42,124.74,102.15,M,Wraps,158.76
240.0,160.0,89.2,M,Raw,262.5
163.29,83.91,75.7,M,Single-ply,183.7
120.2,97.52,72.85,F,Raw,133.81
147.5,85.0,71.35,M,Raw,167.5
154.22,92.99,121.56,M,Single-ply,167.83
104.33,58.97,82.1,F,Raw,142.88
79.38,43.09,73.39,M,Single-ply,90.72
170.0,132.5,85.5,M,Raw,200.0
215.0,135.0,97.0,M,Single-ply,250.0
205.0,112.5,81.19,M,Raw,210.0
262.5,125.0,99.1,M,Wraps,310.5
77.5,52.5,56.2,F,Raw,92.5
232.5,147.5,99.3,M,Raw,277.5
75.0,52.5,67.36,F,Raw,135.0
192.78,154.22,97.75,M,Single-ply,204.12
174.63,104.33,97.79,M,Single-ply,195.04
175.0,115.0,66.4,M,Single-ply,185.0
105.0,65.0,73.6,M,Raw,142.5
180.0,135.0,106.4,M,Single-ply,225.0
195.0,110.0,109.9,M,Wraps,205.0
62.5,80.0,64.5,F,Raw,115.0
165.56,111.13,81.65,M,Single-ply,183.7
210.0,140.0,85.9,M,Single-ply,207.5
105.0,75.5,54.7,M,Raw,140.5
230.0,142.5,91.4,M,Raw,265.0
172.37,106.59,72.76,M,Single-ply,142.88
131.54,63.5,55.47,M,Single-ply,142.88
212.5,165.0,99.0,M,Raw,237.5
185.97,120.2,83.82,M,Single-ply,204.12
160.0,110.0,73.48,M,Wraps,195.0
257.5,162.5,117.6,M,Raw,272.5
77.5,42.5,55.4,F,Raw,102.5
140.0,105.0,66.9,M,Raw,202.5
240.4,133.81,91.72,M,Single-ply,240.4
82.5,50.0,89.81,F,Wraps,165.0
113.4,54.43,56.43,M,Single-ply,120.2
142.88,83.91,135.53,M,Single-ply,147.42
190.0,115.0,90.9,M,Raw,230.0
204.12,129.27,87.45,M,Raw,249.48
65.77,61.23,136.8,M,Single-ply,95.25
155.0,100.0,75.0,M,Single-ply,175.0
242.5,157.5,103.5,M,Raw,257.5
245.0,147.5,87.3,M,Single-ply,237.5
80.0,52.5,73.5,F,Raw,100.0
142.5,87.5,55.2,F,Single-ply,125.0
113.4,45.36,57.61,M,Single-ply,124.74
235.0,180.0,98.9,M,Raw,262.5
174.63,102.06,93.49,M,Single-ply,199.58
229.06,161.03,89.36,M,Wraps,226.8
117.5,55.0,76.6,F,Raw,125.0
145.0,107.5,64.68,M,Raw,155.0
230.0,145.0,82.4,M,Raw,235.0
108.86,104.33,124.74,M,Multi-ply,174.63
117.93,65.77,59.83,M,Single-ply,136.08
105.0,57.5,59.7,F,Raw,142.5
235.87,140.61,130.73,M,Single-ply,215.46
330.0,210.0,117.3,M,Wraps,345.0
160.0,97.5,134.5,F,Raw,182.5
112.5,65.0,72.0,F,Raw,130.0
378.75,265.35,121.2,M,Multi-ply,344.73
217.5,160.0,91.95,M,Raw,237.5
247.5,137.5,93.4,M,Raw,272.5
247.5,167.5,89.3,M,Wraps,297.5
155.0,165.0,90.1,M,Single-ply,160.0
390.0,322.5,104.42,M,Single-ply,317.5
240.0,147.5,86.2,M,Single-ply,250.0
137.5,65.0,73.0,F,Raw,157.5
160.0,100.0,76.75,M,Raw,170.0
124.74,90.72,89.77,M,Single-ply,142.88
292.5,200.0,108.77,M,Wraps,312.5
197.5,125.0,82.5,M,Raw,207.5
176.9,111.13,81.1,M,Single-ply,192.78
167.5,60.0,87.75,F,Wraps,162.5
100.0,65.0,64.1,M,Single-ply,120.0
180.0,137.5,74.9,M,Raw,237.5
133.81,83.91,67.18,M,Single-ply,145.15
95.0,45.0,59.45,F,Wraps,120.0
175.0,135.0,101.7,M,Raw,255.0
215.0,130.0,99.8,M,Single-ply,215.0
120.0,70.0,73.71,F,Raw,145.0
251.0,165.0,75.0,M,Single-ply,160.0
197.5,132.5,92.0,M,Raw,200.0
215.0,107.5,98.6,M,Single-ply,210.0
107.5,97.5,72.27,M,Raw,135.0
147.42,83.91,73.48,M,Single-ply,165.56
250.0,182.5,95.7,M,Raw,287.5
208.65,95.25,86.45,M,Single-ply,195.04
227.5,140.0,88.0,M,Wraps,250.0
120.2,63.5,56.7,M,Single-ply,129.27
204.91,159.89,90.81,M,Single-ply,262.4
222.5,152.5,132.3,M,Raw,252.5
162.5,120.0,82.1,M,Raw,210.0
162.5,125.0,93.5,M,Raw,217.5
90.0,50.0,62.4,F,Raw,132.5
88.45,63.5,64.14,M,Single-ply,99.79
210.0,117.5,67.5,M,Single-ply,260.0
220.0,140.0,89.6,M,Raw,275.0
182.5,107.5,74.16,M,Raw,225.0
165.0,95.0,73.2,M,Raw,205.0
183.7,83.91,57.97,M,Single-ply,147.42
157.75,82.5,110.95,F,Wraps,182.5
207.5,137.5,104.8,M,Raw,272.5
267.5,170.0,107.68,M,Raw,270.0
80.0,70.0,60.4,F,Single-ply,107.5
110.0,77.5,59.51,F,Single-ply,140.5
172.5,108.0,83.9,F,Raw,185.0
195.0,150.0,109.45,M,Raw,227.5
67.5,50.0,63.3,F,Raw,125.0
312.5,185.0,82.3,M,Single-ply,270.0
222.26,127.01,105.69,M,Single-ply,226.8
156.49,77.11,57.7,F,Wraps,183.7
110.0,57.5,85.09,F,Raw,115.0
190.0,140.0,85.3,M,Single-ply,210.0
142.5,55.0,117.8,F,Raw,155.0
230.0,150.0,107.5,M,Raw,240.0
106.6,70.3,62.6,F,Single-ply,161.0
167.5,115.0,79.11,M,Wraps,170.0
237.5,152.5,82.3,M,Wraps,245.0
152.5,110.0,68.3,M,Raw,180.0
122.5,47.5,68.2,F,Raw,150.0
181.44,99.79,55.34,M,Single-ply,197.31
79.38,61.23,51.53,M,Single-ply,113.4
202.5,142.5,92.24,M,Raw,267.5
287.5,193.0,89.8,M,Wraps,345.0
155.0,100.0,72.4,M,Raw,215.0
205.0,112.5,93.8,M,Raw,200.0
231.33,145.15,82.5,M,Wraps,240.4
149.69,81.65,91.63,M,Single-ply,183.7
140.0,120.0,77.4,M,Single-ply,180.0
210.0,167.5,109.81,M,Raw,235.0
90.72,58.97,57.52,F,Raw,124.74
188.24,45.36,74.84,M,Single-ply,61.23
292.5,177.5,94.4,M,Raw,282.5
220.0,122.5,89.6,M,Raw,250.0
67.5,37.5,46.8,F,Raw,80.0
181.44,111.13,97.25,M,Single-ply,181.44
165.56,106.59,111.4,M,Single-ply,163.29
247.5,192.5,137.1,M,Raw,245.0
97.5,52.5,69.6,F,Raw,147.5
227.5,130.0,98.79,M,Wraps,252.5
230.0,127.5,102.77,M,Raw,260.0
238.14,156.49,103.87,M,Wraps,263.08
295.0,192.5,135.17,M,Wraps,280.0
160.0,105.0,93.0,M,Raw,200.0
250.0,145.0,98.3,M,Raw,260.0
327.49,244.94,89.72,M,Single-ply,289.96
220.0,142.5,101.45,M,Raw,250.0
95.0,60.0,83.8,F,Raw,120.0
250.0,185.0,82.2,M,Raw,287.5
158.76,117.93,71.4,M,Single-ply,190.51
117.5,100.0,58.1,M,Raw,145.0
310.71,192.78,127.01,M,Wraps,326.59
342.5,217.5,130.1,M,Single-ply,320.0
190.51,102.06,91.49,M,Single-ply,204.12
167.5,107.5,91.0,M,Raw,205.0
265.0,185.0,113.2,M,Single-ply,265.0
227.5,135.0,90.7,M,Wraps,237.5
190.51,127.01,113.58,M,Single-ply,197.31
200.0,125.0,89.1,M,Wraps,180.0
110.0,70.0,64.2,M,Single-ply,135.0
205.0,157.5,110.0,M,Single-ply,220.0
224.53,136.08,111.13,M,Single-ply,213.19
238.14,185.97,109.41,M,Single-ply,233.6
220.0,127.5,81.3,M,Raw,300.0
102.5,60.0,66.22,F,Wraps,127.5
290.0,185.0,110.0,M,Single-ply,315.0
152.5,77.5,71.8,F,Raw,192.5
238.14,147.42,89.99,M,Wraps,226.8
177.5,117.5,88.8,M,Raw,205.0
215.0,170.0,102.4,M,Raw,240.0
247.5,162.5,97.9,M,Raw,272.5
212.5,157.5,141.3,M,Single-ply,262.5
127.5,117.5,119.75,M,Raw,182.5
80.0,40.0,57.0,F,Raw,100.0
127.5,72.5,70.37,F,Raw,172.5
67.5,50.0,73.9,F,Raw,87.5
110.0,65.0,82.5,F,Single-ply,120.0
185.0,112.5,55.9,M,Single-ply,205.0
330.0,182.5,119.9,M,Single-ply,320.0
272.2,152.0,107.6,M,Raw,283.5
235.0,180.0,91.5,M,Raw,265.0
172.5,115.0,69.17,F,Single-ply,167.5
140.0,107.5,96.6,M,Raw,207.5
190.0,95.0,77.7,M,Single-ply,215.0
155.0,102.5,78.7,F,Raw,180.0
215.0,150.0,97.2,M,Raw,250.0
187.5,120.0,87.8,M,Raw,215.0
125.0,70.0,101.15,M,Single-ply,117.5
213.19,120.2,108.59,M,Single-ply,195.04
117.93,63.5,74.84,F,Wraps,161.03
180.0,130.0,101.0,M,Single-ply,190.0
235.0,155.0,122.2,M,Raw,265.0
151.95,117.93,100.7,M,Single-ply,183.7
204.12,120.2,128.0,M,Single-ply,204.12
185.0,155.0,90.7,M,Raw,230.0
202.5,125.0,86.0,M,Single-ply,245.0
174.63,111.13,68.76,M,Raw,206.38
185.97,86.18,103.24,M,Single-ply,154.22
250.0,120.0,89.81,M,Wraps,280.0
105.0,57.5,93.6,F,Raw,137.5
230.0,150.0,103.6,M,Raw,260.0
265.0,180.0,109.7,M,Single-ply,292.5
174.63,111.13,65.77,M,Single-ply,183.7
149.69,70.31,55.7,M,Single-ply,142.88
158.76,86.18,96.16,M,Single-ply,192.78
129.27,61.23,55.16,F,Wraps,129.27
95.0,52.5,73.03,F,Wraps,115.0
195.0,130.0,109.0,M,Raw,250.0
150.0,140.0,88.9,M,Single-ply,190.0
112.5,70.0,70.4,F,Raw,150.0
200.0,105.0,52.0,M,Single-ply,230.0
220.0,210.0,117.3,M,Raw,270.0
175.0,127.5,81.1,M,Raw,205.0
147.42,83.91,83.46,M,Single-ply,151.95
247.5,195.0,96.3,M,Wraps,285.0
174.63,117.93,74.3,M,Wraps,213.19
215.46,120.2,96.62,M,Wraps,210.92
142.5,102.5,72.35,M,Wraps,145.0
400.0,210.0,,M,Single-ply,330.0
172.5,115.0,71.53,M,Raw,212.5
136.08,74.84,74.39,M,Single-ply,145.15
100.0,52.5,59.0,F,Raw,110.0
185.97,115.67,76.11,M,Single-ply,158.76
75.0,47.5,75.93,M,Wraps,105.0
172.5,92.5,70.11,M,Raw,185.0
150.0,120.0,80.73,M,Raw,220.0
257.5,172.5,118.0,M,Raw,310.0
147.5,65.0,70.05,F,Raw,170.0
183.7,108.86,92.08,M,Single-ply,185.97
92.5,45.0,64.1,F,Single-ply,117.5
272.16,136.08,97.43,M,Single-ply,244.94
290.0,167.5,139.2,M,Raw,340.0
87.5,57.5,60.0,F,Wraps,122.5
82.5,52.5,66.7,F,Raw,102.5
225.0,157.5,97.25,M,Single-ply,220.0
249.48,140.61,97.98,M,Single-ply,240.4
230.0,177.5,92.8,M,Raw,305.0
226.8,156.49,95.71,M,Raw,272.16
307.5,185.0,106.14,M,Single-ply,272.5
86.18,52.16,72.85,M,Single-ply,102.06
127.0,47.6,81.69,F,Single-ply,122.5
151.95,68.04,116.12,M,Single-ply,163.29
210.9,154.2,82.5,M,Raw,294.8
260.82,113.4,81.37,M,Single-ply,217.72
215.0,130.0,89.8,M,Single-ply,230.0
230.0,165.0,91.6,M,Raw,250.0
150.0,77.5,60.0,M,Single-ply,157.5
187.5,167.5,89.54,M,Raw,192.5
145.0,92.5,64.5,M,Raw,170.0
160.0,132.5,81.5,M,Raw,185.0
102.06,54.43,55.79,M,Single-ply,104.33
174.63,108.86,86.55,M,Single-ply,158.76
160.0,110.0,97.0,M,Single-ply,180.0
147.42,83.91,71.3,M,Single-ply,149.69
182.5,140.0,89.2,M,Raw,227.5
175.0,107.5,65.38,M,Raw,195.0
130.0,105.0,80.9,M,Raw,170.0
136.08,72.57,102.06,M,Single-ply,124.74
77.5,42.5,62.0,F,Raw,105.0
204.12,163.29,106.32,M,Wraps,233.6
142.88,106.59,73.71,M,Single-ply,170.1
92.5,75.0,65.9,F,Raw,130.0
120.0,70.0,71.6,F,Raw,145.0
115.0,62.5,55.9,F,Wraps,112.5
102.5,92.5,71.4,M,Single-ply,147.5
185.97,106.59,87.68,M,Single-ply,176.9
102.5,75.0,59.6,F,Wraps,127.5
200.0,120.0,100.61,M,Wraps,235.0
210.0,130.0,77.64,M,Single-ply,250.0
238.14,147.42,81.92,M,Wraps,251.74
172.37,99.79,74.3,M,Single-ply,192.78
217.5,140.0,81.5,M,Raw,267.5
187.5,120.0,107.2,M,Raw,220.0
182.5,117.5,99.65,M,Raw,190.0
140.0,110.0,120.15,M,Raw,127.5
90.0,47.5,69.85,F,Raw,117.5
163.29,104.33,74.57,M,Single-ply,154.22
183.7,83.91,66.86,M,Single-ply,185.97
240.0,175.0,103.5,M,Raw,275.0
175.0,112.5,102.3,M,Raw,200.0
180.0,122.5,89.7,M,Raw,240.0
208.65,83.91,57.61,M,Single-ply,188.24
90.0,50.0,50.25,F,Raw,107.5
95.0,62.5,59.47,F,Wraps,137.5
232.5,152.5,98.1,M,Raw,252.5
210.0,140.0,80.0,M,Raw,227.5
75.0,45.0,109.0,F,Raw,105.0
180.0,140.0,96.5,M,Single-ply,190.0
162.5,122.5,78.0,M,Raw,200.0
220.0,130.0,96.2,M,Raw,227.5
170.1,124.7,96.0,M,Raw,238.1
227.5,152.5,89.9,M,Wraps,215.0
207.5,135.0,90.8,M,Raw,255.0
195.0,130.0,98.16,M,Raw,210.0
124.74,58.97,53.48,M,Single-ply,124.74
227.5,150.0,74.53,M,Raw,272.5
85.0,37.5,66.8,F,Raw,105.0
265.0,140.0,116.91,M,Single-ply,245.0
195.04,97.52,73.09,M,Single-ply,213.19
185.0,85.0,,F,Single-ply,177.5
87.5,50.0,79.5,F,Raw,122.5
250.0,140.0,101.4,M,Raw,275.0
70.0,40.0,50.55,F,Wraps,102.5
220.0,165.0,74.0,M,Raw,242.5
204.12,113.4,116.12,M,Single-ply,136.08
160.0,100.0,91.2,M,Raw,197.5
163.29,97.52,103.42,M,Single-ply,190.51
231.33,131.54,73.12,M,Single-ply,204.12
61.23,38.56,52.0,M,Raw,72.57
255.0,147.5,88.77,M,Raw,297.5
85.0,40.0,61.4,F,Raw,110.0
217.5,155.0,89.09,M,Raw,210.0
180.0,120.0,88.75,M,Raw,215.0
158.76,104.33,99.79,M,Single-ply,158.76
156.49,83.91,117.48,M,Single-ply,165.56
105.0,65.0,59.7,F,Raw,120.0
190.0,125.0,67.5,F,Wraps,200.0
345.0,182.5,174.8,M,Wraps,345.0
217.5,170.0,101.8,M,Raw,227.5
154.22,58.97,69.31,F,Wraps,170.1
102.5,57.5,42.26,F,Single-ply,125.0
115.0,82.5,80.1,F,Raw,160.0
197.5,132.5,90.8,M,Raw,232.5
160.0,90.0,59.2,M,Single-ply,172.5
92.99,52.16,49.8,M,Single-ply,106.59
167.5,132.5,90.1,M,Raw,250.0
225.0,142.5,82.8,M,Raw,272.5
165.0,102.5,89.6,M,Raw,237.5
276.69,142.88,88.0,M,Single-ply,260.82
210.0,110.0,81.8,M,Raw,245.0
122.47,77.11,71.21,M,Single-ply,129.27
137.5,160.0,100.1,M,Raw,157.5
250.0,195.0,105.5,M,Wraps,250.0
250.0,200.0,104.8,M,Single-ply,220.0
120.0,77.5,56.4,F,Raw,132.5
117.93,79.38,55.75,M,Single-ply,115.67
150.0,62.5,82.6,M,Raw,172.5
220.0,137.5,71.7,M,Raw,227.5
190.0,110.0,90.6,M,Raw,200.0
175.0,105.0,66.0,M,Single-ply,175.0
95.0,52.5,50.7,F,Raw,100.0
174.63,102.06,96.07,M,Raw,222.26
181.44,115.67,85.73,M,Single-ply,197.31
213.19,117.93,74.48,M,Wraps,240.4
95.0,55.0,55.75,F,Raw,127.5
125.0,87.5,80.1,M,Raw,170.0
185.0,90.0,67.4,M,Single-ply,185.0
277.5,105.0,89.5,M,Single-ply,245.0
107.5,52.5,54.1,F,Raw,120.0
315.0,237.5,98.2,M,Single-ply,275.0
138.0,65.0,80.7,F,Raw,147.5
112.5,57.5,46.66,F,Raw,150.0
260.0,152.5,86.3,M,Raw,280.0
255.0,157.5,82.4,F,Wraps,255.0
185.97,151.95,104.96,M,Wraps,240.4
263.08,176.9,90.0,M,Wraps,299.37
156.5,77.5,51.55,F,Raw,160.0
217.5,117.5,84.7,M,Raw,227.5
137.5,80.0,84.4,M,Single-ply,140.0
155.0,105.0,110.4,M,Raw,230.0
262.5,175.0,145.9,M,Raw,265.0
160.0,137.5,71.5,M,Raw,227.5
130.0,80.0,82.8,M,Raw,182.5
225.0,115.0,105.0,M,Single-ply,230.0
142.5,105.0,73.0,M,Single-ply,177.5
319.78,217.72,98.43,M,Multi-ply,285.76
120.0,55.0,76.0,F,Raw,155.0
180.0,115.0,55.6,M,Single-ply,220.0
212.5,105.0,55.8,M,Single-ply,210.0
157.5,110.0,87.4,M,Raw,217.5
232.5,157.5,88.1,M,Raw,272.5
227.5,135.0,87.1,M,Raw,260.0
272.5,152.5,108.6,M,Wraps,272.5
102.5,62.5,56.0,M,Single-ply,102.5
161.03,92.99,82.01,M,Single-ply,172.37
104.33,58.97,68.86,F,Wraps,131.54
170.0,137.5,72.32,M,Raw,195.0
117.5,55.0,60.96,F,Raw,137.5
192.5,122.5,79.42,M,Raw,240.0
285.0,185.0,104.07,M,Raw,290.0
140.61,108.86,98.52,M,Single-ply,147.42
150.0,85.0,72.7,F,Raw,167.5
67.5,27.5,42.8,F,Wraps,70.0
263.08,163.29,85.55,M,Single-ply,233.6
272.5,197.4,125.0,M,Raw,272.5
87.5,55.0,57.3,F,Raw,102.5
210.0,92.5,131.81,M,Wraps,195.0
165.56,99.79,55.34,M,Single-ply,163.29
238.1,124.7,119.4,M,Raw,229.1
57.5,42.5,71.0,F,Raw,87.5
195.04,142.88,102.6,M,Raw,251.74
285.0,182.5,133.85,M,Wraps,282.5
86.18,52.16,131.09,F,Wraps,108.86
125.0,82.5,63.8,F,Raw,140.0
75.0,50.0,62.8,F,Raw,102.5
232.5,150.0,97.9,M,Raw,262.5
132.5,77.5,88.0,M,Raw,162.5
70.0,42.5,50.1,F,Raw,107.5
200.0,105.0,82.55,M,Raw,215.0
190.0,120.0,108.86,M,Wraps,237.5
238.14,136.08,130.54,M,Single-ply,215.46
185.0,180.0,130.5,M,Single-ply,202.5
104.3,49.9,53.9,F,Single-ply,95.3
225.0,165.0,129.0,M,Raw,250.0
142.88,79.38,63.96,M,Single-ply,154.22
170.0,120.0,94.12,M,Single-ply,200.0
90.0,55.0,56.9,F,Raw,115.0
100.0,47.5,59.2,F,Wraps,120.0
345.0,260.0,125.0,M,Single-ply,312.5
170.0,97.5,55.82,M,Single-ply,260.0
160.0,130.0,73.3,M,Single-ply,190.0
240.0,177.5,110.8,M,Single-ply,280.0
108.86,54.43,54.7,F,Wraps,127.01
295.0,210.0,92.9,M,Single-ply,265.0
163.29,83.91,62.23,M,Single-ply,190.51
250.0,160.0,152.9,M,Raw,195.0
122.5,80.0,57.5,M,Raw,142.5
115.0,75.0,96.25,F,Raw,170.0
160.0,112.5,103.3,M,Raw,200.0
210.0,140.0,113.0,M,Single-ply,245.0
170.1,88.45,83.46,M,Single-ply,172.37
137.5,70.0,72.9,M,Single-ply,157.5
100.0,60.0,47.94,F,Raw,156.0
260.0,142.5,87.8,M,Wraps,272.5
235.0,150.0,103.8,M,Raw,255.0
262.5,192.5,128.35,M,Raw,300.0
267.5,172.5,110.0,M,Single-ply,260.0
302.5,132.5,85.9,M,Single-ply,272.5
185.0,90.0,89.5,M,Raw,215.0
210.0,110.0,73.75,M,Single-ply,225.0
163.29,79.38,59.87,M,Single-ply,163.29
217.5,117.5,82.0,M,Raw,253.0
213.19,111.13,80.92,M,Single-ply,183.7
97.5,57.5,58.4,F,Raw,147.5
210.0,147.5,89.4,M,Single-ply,217.5
210.0,150.0,73.9,M,Raw,265.0
132.5,77.5,71.1,M,Single-ply,172.5
136.08,74.84,99.34,M,Single-ply,136.08
40.0,40.0,46.3,F,Raw,60.0
115.0,60.0,60.8,F,Single-ply,130.0
120.0,60.0,55.88,F,Wraps,142.5
99.79,43.09,54.88,F,Raw,131.54
242.5,160.0,99.8,M,Single-ply,280.0
217.5,145.0,96.2,M,Wraps,235.0
122.5,75.0,113.9,F,Raw,137.5
262.5,182.5,100.5,M,Single-ply,272.5
85.0,70.0,97.5,M,Single-ply,165.0
90.0,47.5,55.79,F,Wraps,107.5
124.74,86.18,75.3,M,Single-ply,158.76
137.5,70.0,56.0,F,Wraps,137.5
80.0,42.5,53.7,F,Raw,100.0
199.58,113.4,100.33,M,Single-ply,215.46
77.5,42.5,57.5,F,Raw,92.5
100.0,57.5,60.0,F,Raw,115.0
100.0,82.5,71.6,F,Raw,132.5
200.0,170.0,103.7,M,Raw,240.0
117.5,57.5,66.0,F,Raw,130.0
115.0,62.5,68.6,F,Raw,142.5
132.5,82.5,67.8,M,Raw,170.0
165.0,132.5,85.3,M,Single-ply,202.5
185.0,122.5,59.5,M,Single-ply,215.0
182.5,137.5,81.47,M,Raw,185.0
85.0,55.0,82.3,F,Raw,110.0
110.0,62.5,74.95,F,Raw,155.0
240.0,137.5,123.83,M,Wraps,232.5
249.48,124.74,80.1,M,Single-ply,215.46
95.0,47.5,54.4,F,Raw,97.5
120.2,79.38,84.37,M,Single-ply,165.56
86.18,52.16,47.26,M,Single-ply,117.93
280.0,190.0,122.65,M,Wraps,287.5
127.01,81.65,100.0,M,Wraps,181.44
322.05,192.78,138.25,M,Wraps,294.84
130.0,85.0,117.4,F,Raw,152.5
235.0,160.0,105.8,M,Raw,260.0
226.8,111.13,88.27,M,Single-ply,240.4
215.46,117.93,74.39,M,Wraps,229.06
140.0,87.5,77.95,F,Raw,165.0
120.0,77.5,73.12,M,Raw,150.0
105.0,67.5,72.05,M,Single-ply,135.0
130.0,42.5,82.2,F,Raw,142.5
167.5,107.5,78.5,M,Raw,175.0
72.5,52.5,59.2,F,Raw,117.5
182.5,120.0,74.7,M,Single-ply,227.5
182.5,122.5,90.5,M,Raw,230.0
175.0,115.0,82.3,M,Raw,215.0
129.27,74.84,60.78,M,Single-ply,165.56
150.0,80.0,88.5,F,Single-ply,130.0
165.0,120.0,70.0,M,Single-ply,200.0
300.0,195.0,125.9,M,Wraps,290.0
150.0,102.5,88.18,M,Raw,157.5
154.22,104.33,80.83,M,Single-ply,158.76
226.8,165.56,81.56,M,Wraps,242.67
172.37,127.01,144.42,M,Single-ply,167.83
192.5,125.0,56.0,M,Single-ply,210.0
235.9,163.3,96.8,M,Raw,258.6
190.0,122.5,66.9,M,Single-ply,202.5
120.0,55.0,54.1,F,Raw,127.5
107.5,80.0,97.8,F,Raw,135.0
240.0,173.0,92.75,M,Raw,250.0
155.0,75.0,59.69,F,Wraps,157.5
142.88,95.25,74.39,M,Single-ply,195.04
294.84,197.31,113.67,M,Multi-ply,265.35
120.0,85.0,74.0,M,Single-ply,150.0
245.0,157.5,102.5,M,Single-ply,230.0
195.04,122.47,87.72,M,Single-ply,181.44
280.0,160.0,98.8,M,Single-ply,260.0
150.0,105.0,79.6,M,Raw,172.5
210.0,135.0,67.4,M,Single-ply,230.0
197.5,135.0,73.65,M,Raw,217.5
112.5,52.5,63.7,F,Raw,107.5
100.0,52.5,66.6,F,Raw,125.0
222.26,142.88,80.51,M,Wraps,235.87
192.5,150.0,65.3,M,Raw,217.5
75.0,40.0,59.87,F,Raw,117.5
102.5,57.5,71.1,F,Raw,125.0
55.0,40.0,80.78,F,Raw,110.0
200.0,145.0,80.6,M,Raw,230.0
188.24,95.25,77.75,M,Single-ply,188.24
187.5,140.0,116.3,M,Raw,212.5
272.5,185.0,138.4,M,Raw,287.5
242.67,127.01,84.87,M,Single-ply,208.65
77.5,55.0,68.2,F,Raw,97.5
110.0,57.5,51.1,F,Raw,128.0
187.5,135.0,92.2,M,Raw,215.0
102.5,47.5,50.44,F,Raw,127.5
195.0,150.0,89.9,M,Raw,225.0
100.0,70.0,61.1,F,Raw,115.0
195.0,127.5,99.8,M,Wraps,235.0
180.0,125.0,91.0,M,Single-ply,180.0
175.0,97.5,59.96,F,Multi-ply,170.0
210.0,130.0,87.5,M,Wraps,220.0
135.0,67.5,79.25,F,Raw,162.5
212.5,162.5,99.2,M,Raw,252.5
240.0,160.0,72.1,M,Wraps,250.0
120.0,75.0,64.7,F,Raw,142.5
199.58,147.42,72.94,M,Raw,256.28
174.63,99.79,96.16,M,Single-ply,192.78
100.0,42.5,66.95,F,Wraps,125.0
252.5,157.5,99.7,M,Wraps,237.5
281.23,197.31,124.92,M,Wraps,303.91
207.5,115.0,104.9,M,Raw,210.0
170.0,180.0,96.9,M,Wraps,215.0
175.0,105.0,87.5,M,Single-ply,182.5
167.5,112.5,138.1,M,Raw,185.0
170.0,115.0,99.29,M,Wraps,230.0
265.0,187.5,82.48,M,Single-ply,245.0
170.1,102.06,83.01,M,Single-ply,204.12
188.24,88.45,88.27,F,Wraps,156.49
205.0,170.0,89.35,M,Raw,222.5
181.44,90.72,90.9,M,Single-ply,195.04
235.0,167.5,118.8,M,Raw,240.0
200.0,170.0,112.6,M,Raw,220.0
120.0,62.5,56.7,F,Raw,157.5
125.0,87.5,64.75,M,Raw,170.0
80.0,110.0,58.4,M,Single-ply,130.0
245.0,160.0,117.5,M,Raw,272.5
200.0,117.5,78.7,M,Raw,230.0
195.0,105.0,67.5,M,Single-ply,210.0
172.37,117.93,81.19,M,Wraps,183.7
130.0,85.0,72.8,M,Single-ply,190.0
200.0,122.5,82.5,M,Raw,247.5
142.5,137.5,96.4,M,Wraps,227.5
260.0,140.0,196.6,M,Raw,260.0
272.16,142.88,98.97,M,Single-ply,254.01
142.5,85.0,54.7,M,Raw,150.0
63.5,54.43,58.33,F,Raw,99.79
205.0,125.0,91.4,M,Raw,210.0
340.19,142.88,125.0,M,Multi-ply,294.84
105.0,52.5,70.2,F,Single-ply,122.5
137.5,122.5,75.0,M,Single-ply,192.5
100.0,42.5,67.5,F,Single-ply,135.0
124.74,68.04,74.03,M,Single-ply,147.42
230.0,137.5,95.98,M,Single-ply,245.0
160.0,110.0,88.8,M,Raw,187.5
90.0,55.0,80.4,F,Raw,140.0
102.5,62.5,56.9,F,Single-ply,147.5
158.8,131.5,73.8,M,Raw,201.9
55.0,30.0,52.0,M,Single-ply,95.0
227.5,185.0,107.5,M,Single-ply,250.0
142.88,83.91,59.69,M,Single-ply,154.22
120.2,40.8,54.9,F,Single-ply,120.2
165.0,120.0,97.2,M,Raw,205.0
227.5,165.0,98.1,M,Raw,250.0
160.0,120.0,65.5,M,Raw,170.0
272.16,233.6,96.12,M,Multi-ply,226.8
147.42,83.91,65.36,M,Single-ply,129.27
195.0,150.0,103.15,M,Raw,255.0
157.5,92.5,82.68,M,Raw,202.5
132.5,85.0,63.1,M,Raw,175.0
226.8,124.74,66.68,M,Single-ply,181.44
158.76,92.99,73.48,M,Single-ply,170.1
200.0,107.5,71.27,F,Single-ply,177.5
122.5,70.0,60.8,F,Raw,160.0
167.83,95.25,63.59,M,Single-ply,179.17
267.5,152.5,110.0,M,Single-ply,267.5
117.5,65.0,71.7,F,Raw,152.5
257.5,192.5,75.0,M,Single-ply,272.5
299.37,233.6,122.42,M,Multi-ply,317.51
227.5,145.0,86.4,M,Raw,282.5
77.5,50.0,57.0,F,Raw,92.5
350.0,212.5,118.6,M,Wraps,277.5
85.0,52.5,51.04,F,Raw,117.5
205.0,132.5,90.0,M,Single-ply,232.5
137.5,87.5,80.7,F,Raw,167.5
151.95,61.23,67.22,F,Wraps,102.06
260.0,195.0,81.6,M,Single-ply,280.0
190.51,97.52,77.56,M,Single-ply,206.38
242.67,156.49,114.94,M,Single-ply,192.78
165.0,117.5,72.8,M,Raw,217.5
172.5,112.5,82.2,M,Raw,200.0
88.45,56.7,67.86,F,Raw,106.59
220.0,162.5,82.3,M,Single-ply,232.5
124.74,90.72,80.83,M,Single-ply,142.88
170.0,122.5,82.9,F,Single-ply,187.5
295.0,160.0,119.0,M,Single-ply,275.0
300.0,227.5,179.5,M,Raw,300.0
240.0,170.0,97.7,M,Raw,302.5
249.48,127.01,80.92,M,Single-ply,265.35
167.83,90.72,74.39,F,Wraps,170.1
240.0,155.0,96.5,M,Raw,272.5
183.7,97.52,96.16,M,Single-ply,183.7
170.0,130.0,81.2,M,Raw,220.0
79.38,45.36,67.68,M,Single-ply,99.79
195.0,130.0,67.0,M,Single-ply,182.5
157.5,102.5,81.55,M,Raw,177.5
122.5,90.0,58.51,F,Wraps,117.5
145.0,85.0,79.8,F,Raw,175.0
150.0,105.0,88.68,M,Wraps,212.5
242.5,162.5,97.6,M,Raw,265.0
230.0,155.0,104.2,M,Raw,260.0
90.0,47.5,55.6,F,Wraps,120.0
176.9,102.06,73.48,M,Single-ply,192.78
90.72,36.29,40.19,M,Single-ply,86.18
353.5,227.5,111.4,M,Wraps,310.0
190.0,160.0,81.9,M,Raw,227.5
208.65,129.27,74.21,M,Wraps,238.14
192.5,150.0,65.41,F,Multi-ply,165.0
136.08,79.38,58.69,M,Single-ply,165.56
120.0,50.0,97.9,F,Single-ply,135.0
250.0,175.0,127.0,M,Single-ply,240.0
150.0,95.0,75.0,M,Wraps,155.0
158.76,92.99,59.47,M,Single-ply,176.9
155.0,127.5,65.32,M,Raw,185.0
215.0,157.5,105.23,M,Wraps,235.0
152.5,100.0,80.46,M,Raw,175.0
235.87,117.93,129.55,M,Single-ply,195.04
190.0,125.0,88.2,M,Single-ply,205.0
195.04,136.08,89.81,M,Wraps,238.14
465.0,352.5,130.6,M,Single-ply,382.5
132.5,60.0,55.3,F,Single-ply,144.5
220.0,170.0,90.2,M,Raw,247.5
183.7,113.4,116.57,M,Single-ply,181.44
195.04,106.59,74.57,M,Single-ply,213.19
140.0,102.5,82.05,M,Wraps,160.0
245.0,172.5,102.6,M,Raw,247.5
125.5,65.0,66.3,F,Raw,155.0
106.59,61.23,62.14,F,Wraps,147.42
225.0,160.0,99.35,M,Raw,235.0
142.5,77.5,68.6,F,Raw,170.0
125.0,82.5,58.97,F,Wraps,155.0
205.0,145.0,102.0,M,Raw,285.0
131.54,83.91,66.77,M,Single-ply,147.42
135.0,95.0,58.97,M,Wraps,155.0
205.0,140.0,89.54,M,Raw,230.0
310.71,188.24,115.67,M,Wraps,301.64
138.35,117.93,115.3,M,Single-ply,170.1
160.0,112.5,80.3,M,Raw,160.0
192.78,108.86,99.34,M,Single-ply,185.97
440.0,300.0,150.8,M,Single-ply,372.5
360.0,245.0,103.19,M,Single-ply,305.0
167.5,140.0,108.3,M,Raw,200.0
158.76,90.72,88.9,M,Single-ply,158.76
122.5,120.0,66.8,M,Wraps,170.0
80.0,40.0,54.9,F,Raw,95.0
172.37,102.06,74.39,M,Single-ply,172.37
204.12,147.42,97.25,M,Single-ply,213.19
180.0,107.5,84.2,M,Wraps,170.0
192.5,130.0,82.5,M,Raw,235.0
142.5,80.0,83.6,F,Raw,165.0
197.5,150.0,81.9,M,Raw,255.0
74.84,47.63,58.51,M,Single-ply,122.47
115.0,70.0,67.0,F,Single-ply,107.5
179.17,102.06,122.11,M,Single-ply,149.69
197.5,115.0,79.2,M,Raw,242.5
172.5,97.5,72.8,M,Raw,205.0
195.0,120.0,90.35,M,Raw,230.0
115.0,52.5,59.4,F,Raw,145.0
56.7,27.22,53.52,M,Raw,79.38
160.0,90.0,109.27,M,Raw,215.0
142.88,86.18,57.15,M,Single-ply,147.42
200.0,200.0,90.1,M,Single-ply,250.0
272.16,181.44,88.68,M,Single-ply,238.14
170.0,122.5,102.15,M,Raw,215.0
199.58,97.52,55.61,M,Single-ply,215.46
90.0,60.0,61.0,F,Single-ply,117.5
122.5,110.0,89.81,M,Raw,165.0
272.5,165.0,102.8,M,Raw,260.0
192.78,117.93,132.45,M,Single-ply,208.65
280.0,155.0,117.6,M,Single-ply,255.0
215.0,137.5,89.4,M,Wraps,245.0
170.1,120.2,80.65,M,Wraps,206.38
250.0,152.5,91.0,M,Single-ply,237.5
160.0,110.0,99.6,M,Raw,185.0
281.23,163.29,121.38,M,Wraps,299.37
165.0,130.0,67.5,M,Single-ply,192.5
295.0,210.0,113.4,M,Raw,285.0
192.5,182.5,80.29,M,Single-ply,215.0
170.0,125.0,89.3,M,Single-ply,205.0
111.13,45.36,85.73,F,Wraps,127.01
117.5,70.0,80.6,F,Raw,135.0
275.0,175.0,117.4,M,Single-ply,285.0
217.5,155.0,108.3,M,Raw,265.0
155.0,107.5,71.2,M,Single-ply,182.5
127.5,60.0,56.91,F,Single-ply,140.0
249.93,202.3,135.85,M,Wraps,254.92
181.44,102.06,74.84,M,Single-ply,161.03
117.9,63.5,70.5,F,Raw,127.0
182.5,122.5,114.2,M,Raw,220.0
280.0,110.0,119.0,M,Raw,272.5
87.5,50.0,47.0,F,Raw,107.5
177.5,142.5,77.95,M,Raw,210.0
156.49,77.11,73.94,M,Single-ply,167.83
190.51,145.15,59.87,F,Multi-ply,183.7
100.0,80.0,63.75,M,Single-ply,130.0
185.0,132.5,95.06,M,Raw,240.0
325.0,200.0,65.24,M,Single-ply,270.0
195.0,142.5,88.6,M,Raw,227.5
165.0,110.0,97.0,M,Single-ply,185.0
110.0,65.0,73.6,F,Raw,147.5
152.5,102.5,73.94,M,Wraps,185.0
125.0,75.0,89.2,F,Raw,132.5
275.0,200.0,90.0,M,Single-ply,280.0
215.0,140.0,85.2,M,Wraps,240.0
254.01,176.9,103.42,M,Wraps,299.37
175.0,152.5,85.9,M,Single-ply,200.0
192.5,127.5,111.4,M,Raw,215.0
205.0,125.0,87.9,M,Raw,242.5
167.83,102.06,84.46,M,Single-ply,181.44
107.5,60.0,64.3,F,Raw,150.0
183.7,129.27,78.56,M,Single-ply,231.33
208.65,136.08,81.42,M,Single-ply,233.6
135.0,85.0,74.1,F,Raw,177.5
226.8,174.63,106.78,M,Wraps,285.76
182.5,122.5,66.0,M,Raw,200.0
154.22,86.18,57.61,M,Single-ply,163.29
272.5,227.5,123.8,M,Raw,272.5
227.5,135.0,97.98,M,Raw,235.0
272.16,147.42,86.09,M,Single-ply,249.48
256.28,142.88,86.45,M,Raw,247.21
120.0,72.5,76.9,F,Raw,152.5
327.5,200.0,93.0,M,Single-ply,300.0
195.0,147.5,111.5,M,Raw,275.0
150.0,80.0,84.8,M,Single-ply,200.0
231.33,145.15,125.65,M,Single-ply,217.72
127.01,65.77,62.96,F,Wraps,151.95
170.0,132.5,90.8,M,Raw,220.0
113.4,58.97,66.86,F,Wraps,117.93
150.0,82.5,94.4,F,Raw,172.5
136.08,83.91,59.69,M,Single-ply,122.47
206.38,102.06,71.12,M,Single-ply,195.04
165.56,108.86,87.36,M,Single-ply,195.04
160.0,142.5,84.3,M,Wraps,200.0
245.0,155.0,88.0,M,Wraps,290.0
251.74,136.08,93.71,M,Single-ply,226.8
150.0,150.0,116.15,M,Wraps,240.0
272.5,190.0,102.5,M,Wraps,265.0
127.01,56.7,57.15,F,Raw,140.61
135.0,145.0,95.6,M,Single-ply,165.0
147.5,77.5,72.1,M,Raw,150.0
197.31,142.88,98.88,M,Wraps,247.21
230.0,162.5,89.72,M,Raw,280.0
220.0,150.0,94.3,M,Raw,230.0
151.95,102.06,65.32,M,Single-ply,165.56
265.0,185.0,102.8,M,Single-ply,245.0
152.5,102.5,83.0,M,Single-ply,212.5
255.0,187.5,108.59,M,Raw,260.0
136.08,58.97,62.6,M,Single-ply,124.74
107.5,57.5,62.9,F,Raw,142.5
87.5,47.5,56.4,F,Raw,97.5
155.0,75.0,66.3,F,Raw,165.0
150.0,102.5,93.1,M,Raw,195.0
205.0,132.5,67.3,M,Wraps,227.5
204.12,113.4,87.82,M,Single-ply,204.12
152.5,77.5,54.66,F,Wraps,137.5
260.0,152.5,103.9,M,Single-ply,260.0
115.0,95.0,128.4,F,Wraps,142.5
142.88,102.06,65.18,M,Single-ply,147.42
79.38,47.63,71.85,F,Wraps,136.08
175.0,112.5,73.46,M,Raw,205.0
136.08,92.99,88.72,M,Single-ply,204.12
104.33,63.5,59.42,M,Single-ply,127.01
300.0,182.5,104.22,M,Raw,292.5
120.0,60.0,81.8,F,Raw,122.5
250.0,150.0,100.95,M,Single-ply,220.0
122.47,70.31,72.85,M,Single-ply,161.03
335.66,210.92,98.34,M,Wraps,306.17
192.5,110.0,87.5,M,Raw,232.5
307.5,230.0,89.27,M,Single-ply,280.0
170.1,108.86,109.04,M,Single-ply,136.08
108.86,83.91,74.84,M,Single-ply,115.67
115.0,57.5,66.6,F,Raw,130.0
165.0,125.0,72.35,M,Raw,205.0
140.0,90.0,62.32,M,Raw,182.5
176.9,131.54,91.44,M,Single-ply,188.24
145.0,95.0,66.09,M,Wraps,170.0
197.31,115.67,78.93,M,Wraps,165.56
217.5,95.0,106.3,F,Wraps,197.5
92.5,95.0,119.8,M,Wraps,147.5
150.0,65.0,66.7,F,Single-ply,135.0
195.04,111.13,71.67,M,Single-ply,210.92
140.0,92.5,88.7,M,Raw,162.5
132.5,82.5,72.4,M,Raw,162.5
205.0,150.0,91.0,M,Raw,260.0
132.5,87.5,52.9,M,Raw,152.5
172.37,102.06,88.45,M,Single-ply,174.63
95.0,47.5,67.5,F,Wraps,112.5
197.31,133.81,72.94,M,Wraps,213.19
302.5,155.0,104.4,M,Raw,307.5
150.0,97.5,64.05,M,Raw,150.0
172.5,145.0,80.5,M,Raw,187.5
230.0,160.0,92.6,M,Single-ply,240.0
215.0,132.5,108.2,M,Raw,257.5
155.0,80.0,63.68,F,Single-ply,157.5
140.0,70.0,74.4,F,Raw,150.0
155.0,120.0,75.0,M,Raw,205.0
165.56,86.18,64.18,M,Single-ply,174.63
161.03,90.72,73.71,M,Single-ply,147.42
235.0,160.0,82.5,M,Single-ply,260.0
182.5,122.5,81.3,M,Raw,212.5
190.0,142.5,99.61,M,Wraps,230.0
250.0,200.0,89.4,M,Multi-ply,272.5
160.0,112.5,92.0,M,Raw,195.0
217.5,130.0,101.2,M,Raw,232.5
129.27,68.04,69.85,M,Single-ply,102.06
97.5,50.0,70.6,F,Raw,117.5
158.76,95.25,84.82,M,Single-ply,179.17
220.0,147.5,98.6,M,Raw,297.5
152.5,115.0,58.74,M,Raw,195.0
112.5,65.0,70.3,F,Raw,165.0
249.48,136.08,112.04,M,Single-ply,233.6
167.5,80.0,65.4,M,Single-ply,195.0
202.5,142.5,73.1,M,Raw,232.5
160.0,127.5,74.3,M,Raw,185.0
161.03,104.33,74.57,M,Single-ply,172.37
60.5,35.5,63.37,F,Raw,97.5
197.5,170.0,101.7,M,Raw,285.0
210.0,120.0,87.0,M,Raw,217.5
188.2,102.1,87.59,M,Single-ply,249.5
235.0,150.0,82.3,M,Single-ply,237.5
135.0,65.0,69.52,F,Raw,145.0
72.5,37.5,75.2,F,Raw,80.0
190.0,132.5,73.35,M,Raw,217.5
100.0,55.0,56.8,M,Raw,137.5
255.0,162.5,117.6,M,Raw,290.0
235.0,180.0,98.8,M,Raw,260.0
160.0,82.5,95.15,M,Wraps,200.0
229.06,167.83,99.52,M,Wraps,258.55
308.44,183.7,101.97,M,Wraps,308.44
182.5,105.0,100.6,M,Raw,215.0
115.0,72.5,70.2,F,Raw,145.0
215.0,145.0,102.6,M,Raw,260.0
215.0,142.5,65.5,M,Raw,205.0
257.5,160.0,138.98,M,Raw,295.0
135.0,50.0,76.0,F,Single-ply,142.5
280.0,180.0,93.1,M,Single-ply,297.5
142.88,74.84,98.43,M,Single-ply,188.24
49.9,43.09,61.87,M,Single-ply,65.77
205.0,127.5,65.95,M,Raw,227.5
136.08,79.38,65.77,M,Single-ply,147.42
79.38,61.23,58.97,F,Raw,102.06
247.21,165.56,106.14,M,Wraps,265.35
87.5,47.5,55.2,F,Single-ply,107.5
204.12,106.59,96.89,M,Single-ply,213.19
140.0,70.0,58.0,M,Single-ply,165.0
182.5,137.5,72.9,M,Raw,227.5
188.24,115.67,87.27,M,Single-ply,174.63
160.0,95.0,51.72,F,Single-ply,165.0
145.0,95.0,85.0,M,Single-ply,200.0
135.0,110.0,73.4,M,Raw,170.0
75.0,52.5,57.15,M,Wraps,92.5
115.0,60.0,87.3,F,Raw,120.0
100.0,140.0,82.6,M,Raw,160.0
105.0,45.0,58.32,F,Raw,107.5
157.5,80.0,66.24,F,Raw,177.5
240.4,156.49,121.11,M,Wraps,272.16
290.0,202.5,89.7,M,Single-ply,272.5
247.5,162.5,92.2,M,Raw,265.0
105.0,52.5,60.3,F,Raw,132.5
111.13,70.31,46.72,M,Single-ply,124.74
99.79,47.63,70.58,F,Raw,140.61
152.5,110.0,80.8,M,Single-ply,175.0
257.5,167.5,89.81,M,Wraps,302.5
245.0,162.5,92.3,M,Raw,265.0
155.0,107.5,69.1,M,Raw,165.0
215.0,155.0,100.1,M,Raw,245.0
152.5,95.0,58.7,M,Raw,180.0
230.0,170.0,104.2,M,Single-ply,232.5
107.5,47.5,91.6,F,Single-ply,117.5
255.0,147.5,90.4,M,Raw,294.0
150.0,105.0,71.2,M,Single-ply,195.0
140.0,75.0,70.93,F,Raw,157.5
226.8,151.95,97.43,M,Wraps,219.99
225.0,97.5,108.2,M,Raw,247.5
217.5,75.0,112.45,M,Raw,255.0
87.5,47.5,61.4,F,Raw,95.0
105.0,70.0,71.3,F,Raw,155.0
182.5,110.0,74.1,M,Raw,247.5
215.46,142.88,98.88,M,Raw,249.48
185.0,115.0,59.0,M,Raw,170.0
95.0,63.5,50.89,F,Single-ply,126.0
170.1,115.67,93.89,M,Raw,229.06
272.16,113.4,135.71,M,Single-ply,226.8
140.0,75.0,65.68,F,Wraps,152.5
157.5,145.0,73.94,M,Raw,210.0
152.5,102.5,70.9,M,Raw,187.5
190.0,117.5,74.4,M,Raw,227.5
99.79,58.97,63.96,F,Wraps,127.01
82.5,60.0,61.7,F,Raw,122.5
152.5,115.0,54.5,F,Single-ply,172.5
122.5,77.5,91.6,M,Raw,160.0
127.5,65.0,71.67,F,Wraps,145.0
40.0,40.0,67.0,F,Raw,57.5
50.0,47.5,51.5,F,Raw,110.0
180.0,165.0,103.4,M,Raw,215.0
127.5,70.0,69.9,F,Raw,166.0
87.5,57.5,61.8,F,Raw,110.0
281.23,136.08,98.61,M,Wraps,256.28
130.0,80.0,59.0,F,Raw,150.0
226.8,129.27,120.2,M,Single-ply,192.78
110.0,65.0,62.0,F,Single-ply,125.0
90.0,77.5,47.5,F,Raw,135.0
190.0,142.5,64.5,M,Raw,200.0
140.0,67.5,74.2,F,Raw,140.0
145.0,125.0,88.3,M,Raw,230.0
108.9,61.2,51.8,M,Single-ply,129.3
142.5,127.5,90.0,M,Single-ply,182.5
111.13,70.31,57.79,M,Single-ply,136.08
70.0,70.0,72.0,F,Single-ply,100.0
145.0,60.0,83.5,F,Single-ply,147.5
161.03,140.61,98.43,M,Wraps,238.14
124.74,83.91,75.0,M,Single-ply,156.49
160.0,180.0,84.95,M,Raw,180.0
110.0,65.0,92.9,F,Raw,125.0
130.0,115.0,89.0,M,Single-ply,205.0
170.0,170.0,98.5,M,Single-ply,190.0
154.22,90.72,80.1,M,Single-ply,158.76
127.5,80.0,57.95,M,Raw,177.5
290.0,175.0,85.3,M,Raw,327.5
107.5,50.0,48.0,F,Single-ply,125.0
140.0,77.5,61.95,F,Single-ply,147.5
219.99,145.15,81.56,M,Single-ply,215.46
79.38,47.63,63.78,F,Raw,102.06
152.5,87.5,73.8,M,Raw,172.5
158.76,136.08,81.28,M,Single-ply,163.29
197.31,163.29,108.18,M,Raw,251.74
260.0,195.0,125.0,M,Single-ply,290.0
90.0,35.0,67.4,F,Raw,127.5
183.7,106.59,98.43,M,Single-ply,197.31
70.0,45.0,70.3,F,Raw,115.0
220.0,50.0,100.25,M,Raw,220.0
162.5,75.0,82.9,F,Raw,160.0
242.5,152.5,65.2,M,Single-ply,240.0
137.5,115.0,67.5,M,Single-ply,227.5
115.0,52.5,62.4,F,Wraps,127.5
240.0,222.5,104.05,M,Raw,250.0
177.5,150.0,75.0,M,Wraps,205.0
85.0,45.0,55.7,F,Raw,110.0
362.87,274.42,109.72,M,Multi-ply,317.51
147.42,86.18,66.41,M,Single-ply,149.69
117.5,67.5,54.6,F,Raw,147.5
175.0,122.5,74.1,M,Raw,237.5
185.0,137.5,81.7,M,Wraps,207.5
181.44,86.18,99.34,F,Wraps,167.83
227.5,155.0,73.7,M,Raw,257.5
124.74,79.38,49.53,M,Single-ply,117.93
115.67,70.31,66.81,M,Single-ply,124.74
155.0,100.0,64.25,M,Raw,190.0
167.5,100.0,67.05,M,Raw,192.5
205.0,135.0,100.2,M,Raw,220.0
247.5,175.0,65.23,M,Single-ply,230.0
220.0,107.5,90.0,M,Single-ply,232.5
105.0,90.0,105.8,M,Raw,200.0
245.0,165.0,124.6,M,Raw,262.5
207.5,137.5,89.6,M,Raw,247.5
117.5,62.5,80.35,F,Raw,152.5
150.0,105.0,73.65,M,Raw,185.0
252.5,175.0,102.38,M,Raw,290.0
80.0,47.5,59.0,F,Wraps,90.0
108.86,68.04,47.72,M,Single-ply,136.08
340.19,208.65,130.82,M,Wraps,283.5
170.0,70.0,88.4,F,Raw,162.5
170.0,75.0,71.3,M,Raw,195.0
140.0,90.0,109.08,M,Raw,170.0
250.0,142.5,129.1,M,Raw,272.5
167.83,102.06,58.79,M,Single-ply,172.37
270.0,180.0,89.9,M,Wraps,270.0
185.0,85.0,100.6,M,Single-ply,240.0
147.5,70.0,81.7,M,Raw,187.5
180.0,120.0,62.72,F,Single-ply,172.5
250.0,170.0,96.8,M,Single-ply,230.0
125.0,67.5,69.8,F,Single-ply,125.0
254.01,170.1,109.77,M,Single-ply,219.99
130.0,85.0,58.5,M,Raw,152.5
181.44,106.59,81.65,F,Wraps,199.58
295.0,215.5,105.87,M,Single-ply,252.5
140.0,115.0,81.5,M,Single-ply,160.0
158.76,79.38,86.18,M,Single-ply,188.24
170.1,83.91,63.96,M,Single-ply,181.44
95.0,65.0,88.9,F,Raw,155.0
161.03,113.4,76.2,M,Single-ply,163.29
320.0,240.0,98.7,M,Single-ply,275.0
188.24,161.03,99.25,M,Wraps,251.74
149.69,92.99,85.28,M,Single-ply,149.69
283.5,233.6,129.46,M,Single-ply,231.33
104.33,61.23,58.6,M,Single-ply,142.88
124.74,58.97,55.34,M,Single-ply,158.76
290.3,208.65,97.7,M,Multi-ply,213.19
200.0,115.0,124.8,M,Wraps,230.0
215.0,145.0,95.5,M,Raw,285.0
277.5,167.5,75.0,M,Single-ply,277.5
265.0,180.0,103.0,M,Single-ply,275.0
167.83,104.33,63.59,F,Multi-ply,170.1
158.76,97.52,77.56,M,Single-ply,136.08
219.99,136.08,81.74,M,Wraps,278.96
240.0,160.0,89.0,M,Raw,282.5
242.5,157.5,92.3,M,Raw,272.5
172.5,117.5,84.7,M,Raw,222.5
125.0,85.0,66.0,M,Raw,195.0
172.5,117.5,79.6,M,Wraps,190.0
80.0,55.0,65.1,M,Raw,65.5
220.0,122.5,97.0,M,Raw,222.5
85.0,35.0,56.8,F,Single-ply,97.5
181.44,136.08,88.18,M,Raw,240.4
77.5,40.0,90.9,F,Raw,102.5
104.33,52.16,50.37,M,Single-ply,106.59
200.0,140.0,105.23,M,Wraps,255.0
161.03,86.18,57.15,M,Single-ply,156.49
165.56,108.86,71.03,M,Single-ply,165.56
108.86,49.9,54.25,F,Wraps,124.74
226.8,133.81,79.2,M,Single-ply,233.6
270.0,125.0,121.7,M,Raw,297.5
182.5,110.0,101.6,M,Raw,200.0
172.37,81.65,88.81,F,Wraps,181.44
133.81,99.79,64.86,M,Single-ply,154.22
267.5,162.5,92.27,M,Raw,272.5
324.32,192.78,100.0,M,Multi-ply,272.16
220.0,150.0,91.5,M,Raw,277.5
230.0,155.0,75.0,M,Single-ply,245.0
190.0,120.0,104.15,M,Raw,225.0
112.5,82.5,70.3,F,Raw,142.5
107.5,52.5,63.4,F,Raw,135.0
199.58,106.59,167.97,M,Single-ply,192.78
160.0,187.5,96.95,M,Single-ply,200.0
192.5,102.5,95.0,M,Raw,230.0
250.0,162.5,124.2,M,Wraps,282.5
120.0,57.5,49.4,F,Single-ply,125.0
245.0,172.5,88.9,M,Wraps,282.5
230.0,200.0,103.22,M,Raw,260.0
210.0,122.5,105.2,M,Raw,227.5
150.0,112.5,58.5,M,Raw,177.5
57.5,52.5,65.6,F,Raw,95.0
137.5,80.0,63.45,M,Raw,200.0
175.0,182.5,104.24,M,Single-ply,227.0
157.5,92.5,88.7,F,Multi-ply,125.0
183.7,156.49,97.98,M,Raw,192.78
172.5,70.0,75.0,F,Single-ply,155.0
265.0,162.5,109.59,M,Raw,272.5
195.0,152.5,118.9,M,Single-ply,227.5
200.0,135.0,73.2,M,Single-ply,192.5
342.46,190.51,98.79,M,Wraps,340.19
157.5,100.0,88.1,F,Single-ply,150.0
200.0,125.0,87.9,M,Raw,265.0
215.0,137.5,70.76,M,Wraps,227.5
205.0,145.0,96.8,M,Single-ply,160.0
237.5,182.5,107.8,M,Wraps,262.5
147.5,80.0,80.35,F,Raw,167.5
188.24,136.08,89.18,M,Single-ply,204.12
100.0,65.0,56.2,F,Raw,142.5
238.14,142.88,94.35,M,Wraps,274.42
200.0,130.0,79.29,M,Raw,285.0
75.0,95.0,92.7,M,Raw,145.0
117.5,60.0,63.6,M,Single-ply,147.5
277.5,150.0,114.7,M,Raw,260.0
195.0,147.5,117.57,M,Raw,227.5
215.0,157.5,82.4,M,Raw,285.0
122.47,56.7,65.86,M,Single-ply,136.08
205.0,147.5,80.6,M,Raw,250.0
200.0,136.0,59.78,M,Single-ply,223.5
202.5,122.5,71.1,M,Raw,225.0
115.0,80.0,66.0,M,Raw,150.0
206.38,136.08,73.03,F,Multi-ply,183.7
232.5,172.5,117.6,M,Raw,257.5
249.48,172.37,98.16,M,Wraps,306.17
247.5,165.0,89.8,M,Raw,305.0
115.0,55.0,61.6,F,Single-ply,120.0
170.1,102.06,109.86,M,Raw,226.8
185.0,137.5,81.3,M,Raw,215.0
100.0,70.0,71.1,F,Raw,140.0
317.5,272.5,139.8,M,Raw,342.5
183.7,140.61,74.39,M,Wraps,219.99
260.0,157.5,111.77,M,Wraps,275.0
222.5,137.5,72.7,M,Raw,235.0
97.5,67.5,55.3,F,Raw,125.0
150.0,82.5,68.9,F,Raw,170.0
199.58,127.01,122.47,M,Single-ply,174.63
290.0,165.0,74.6,M,Single-ply,295.0
257.5,165.0,111.13,M,Wraps,242.5
117.5,47.5,72.0,F,Raw,150.0
150.0,112.5,94.9,F,Single-ply,135.0
225.0,152.5,96.4,M,Raw,265.0
225.0,145.0,92.9,M,Raw,252.5
158.76,145.15,94.8,M,Wraps,192.78
97.52,72.57,60.78,F,Raw,131.54
160.0,120.0,140.0,M,Raw,207.5
181.44,129.27,73.57,M,Single-ply,174.63
210.0,112.5,90.7,M,Raw,240.0
257.5,177.5,100.0,M,Single-ply,272.5
109.0,35.0,51.9,F,Raw,95.0
181.44,108.86,99.25,F,Wraps,181.44
158.76,88.45,66.32,M,Single-ply,158.76
256.28,142.88,134.49,M,Single-ply,231.33
130.0,65.0,56.2,F,Raw,125.0
185.0,125.0,89.5,M,Single-ply,210.0
280.0,165.0,111.58,M,Wraps,310.0
172.5,92.5,74.3,M,Raw,212.5
149.69,86.18,74.66,F,Wraps,142.88
199.58,99.79,82.1,M,Single-ply,219.99
222.5,155.0,107.73,M,Raw,260.0
254.01,176.9,124.74,M,Single-ply,249.48
265.35,174.63,154.22,M,Raw,272.16
142.5,82.5,103.2,F,Raw,170.0
175.0,125.0,104.8,M,Raw,192.5
270.0,172.5,58.32,M,Single-ply,237.5
344.73,192.78,124.24,M,Wraps,344.73
242.67,183.7,136.08,M,Wraps,272.16
245.0,152.5,72.2,M,Raw,260.0
215.0,152.5,81.1,M,Raw,262.5
255.0,160.0,104.2,M,Single-ply,240.0
350.0,250.0,158.9,M,Single-ply,290.0
117.93,104.33,95.93,M,Single-ply,138.35
90.0,75.0,74.4,M,Single-ply,120.0
135.0,97.5,66.7,M,Raw,197.5
320.0,147.5,107.77,M,Wraps,295.0
111.13,56.7,64.5,M,Single-ply,129.27
255.0,165.0,103.5,M,Single-ply,270.0
172.37,140.61,122.02,M,Wraps,238.14
229.06,149.69,141.7,F,Multi-ply,165.56
280.0,200.0,121.6,M,Single-ply,327.5
85.0,57.5,62.6,F,Raw,135.0
247.21,172.37,109.68,M,Wraps,254.01
285.0,160.0,74.7,M,Single-ply,291.5
190.0,135.0,82.2,M,Raw,230.0
192.5,128.0,102.5,M,Wraps,242.5
85.0,37.5,60.7,F,Raw,102.5
152.5,92.5,55.8,M,Raw,200.0
80.0,27.5,60.0,F,Raw,85.0
227.5,162.5,91.7,M,Raw,275.0
274.42,185.97,135.99,M,Single-ply,235.87
322.5,210.0,89.9,M,Single-ply,265.0
92.5,57.5,53.75,M,Wraps,120.0
92.5,35.0,44.8,F,Raw,92.5
155.0,77.5,82.4,F,Raw,150.0
167.5,127.5,65.4,M,Raw,215.0
90.0,57.5,86.0,F,Single-ply,135.0
105.0,60.0,64.8,M,Single-ply,140.0
282.5,172.5,92.2,M,Raw,282.5
137.5,85.0,97.85,F,Single-ply,157.5
177.5,125.0,81.75,M,Raw,207.5
206.38,147.42,119.11,M,Wraps,238.14
217.5,160.0,82.79,M,Raw,265.0
190.0,177.5,94.53,M,Wraps,255.0
70.31,54.43,50.03,M,Single-ply,102.06
152.5,90.0,74.4,F,Raw,190.0
105.0,55.0,61.0,F,Raw,142.5
150.0,107.5,91.6,M,Raw,185.0
287.5,167.5,89.6,M,Single-ply,250.0
201.85,97.52,59.78,M,Single-ply,183.7
106.59,63.5,55.79,M,Single-ply,131.54
67.5,40.0,49.44,F,Raw,100.0
240.0,160.0,118.2,M,Raw,280.0
157.5,80.0,73.6,F,Raw,155.0
138.0,92.5,81.6,M,Raw,170.5
142.88,81.65,58.6,M,Single-ply,185.97
200.0,127.5,99.9,M,Raw,230.0
113.4,124.74,66.5,M,Raw,204.12
230.0,147.5,91.6,M,Single-ply,262.5
238.14,147.42,82.01,M,Wraps,294.84
125.0,90.0,61.6,F,Single-ply,130.0
174.63,92.99,71.76,M,Single-ply,161.03
170.0,90.0,72.6,M,Single-ply,177.5
172.5,117.5,82.0,M,Raw,232.5
175.0,115.0,62.1,F,Single-ply,165.0
25.0,110.0,99.49,M,Single-ply,110.0
145.0,92.5,69.2,M,Raw,177.5
132.5,92.5,63.96,M,Raw,185.0
225.0,125.0,90.63,M,Wraps,227.5
105.0,62.5,55.57,F,Single-ply,135.0
92.5,60.0,70.5,F,Raw,135.0
95.0,62.5,55.7,F,Raw,140.0
105.0,52.5,65.6,F,Raw,135.0
105.0,72.5,70.6,F,Raw,155.0
250.0,160.0,118.4,M,Raw,285.0
115.0,65.0,59.0,F,Wraps,130.0
63.5,49.9,62.6,F,Wraps,102.06
170.0,112.5,80.0,M,Raw,215.0
95.25,52.16,51.35,M,Single-ply,111.13
160.0,65.0,126.5,F,Single-ply,175.0
132.5,85.0,89.1,M,Raw,145.0
77.5,47.5,70.4,F,Raw,140.0
262.5,122.5,129.15,M,Raw,272.5
125.0,55.0,64.7,M,Single-ply,125.0
125.0,75.0,62.9,M,Raw,175.0
197.5,115.0,82.1,M,Multi-ply,185.0
281.23,145.15,124.83,M,Single-ply,240.4
152.5,100.0,57.6,F,Single-ply,150.0
265.0,210.0,99.3,M,Single-ply,262.5
220.0,155.0,118.2,M,Raw,270.0
106.59,43.09,54.61,F,Wraps,129.27
147.42,83.91,72.76,M,Single-ply,167.83
285.76,142.88,132.9,M,Single-ply,231.33
142.5,87.5,57.5,F,Raw,167.5
142.5,115.0,81.1,M,Wraps,206.0
125.0,57.5,80.6,F,Raw,150.0
300.0,185.0,109.4,M,Wraps,305.0
142.88,83.91,51.17,M,Single-ply,142.88
435.0,387.5,124.74,M,Multi-ply,335.0
176.9,99.79,97.98,M,Single-ply,183.7
207.5,112.5,156.99,M,Wraps,205.0
257.5,162.5,91.55,M,Raw,290.5
137.5,87.5,65.4,F,Raw,172.5
175.0,110.0,99.4,M,Single-ply,190.0
363.0,280.0,122.8,M,Single-ply,295.0
265.0,165.0,138.0,M,Raw,285.0
183.7,99.79,99.34,M,Single-ply,183.7
287.5,200.0,131.0,M,Raw,287.5
230.0,140.0,99.67,M,Raw,267.5
210.0,90.0,75.75,M,Single-ply,165.0
110.0,70.0,71.5,F,Raw,135.0
157.5,107.5,74.03,M,Raw,195.0
135.0,110.0,97.3,M,Raw,222.5
140.0,105.0,58.6,M,Raw,162.5
167.5,122.5,58.1,M,Raw,195.0
137.5,80.0,72.6,M,Raw,155.0
75.0,70.0,58.43,M,Raw,142.5
95.0,62.5,93.9,F,Raw,107.5
80.0,45.0,60.2,F,Raw,97.5
235.0,152.5,104.1,M,Raw,255.0
287.5,197.5,147.9,M,Raw,332.5
254.01,142.88,120.11,M,Single-ply,222.26
227.5,167.5,108.77,M,Raw,257.5
185.97,108.86,137.89,M,Single-ply,167.83
62.5,37.5,47.05,F,Raw,87.5
97.5,72.6,118.0,M,Single-ply,138.4
170.1,108.86,62.32,M,Single-ply,161.03
120.0,85.0,85.0,M,Single-ply,165.0
200.0,150.0,88.4,M,Wraps,227.5
124.74,74.84,86.91,M,Single-ply,147.42
55.0,25.0,63.2,M,Raw,77.5
201.85,111.13,88.27,M,Wraps,251.74
105.0,50.0,67.35,F,Raw,145.0
117.93,54.43,53.52,M,Single-ply,113.4
192.78,102.06,80.06,M,Single-ply,210.92
160.0,110.0,89.5,M,Raw,182.5
175.0,155.0,81.9,M,Raw,242.5
142.88,88.45,55.34,M,Single-ply,145.15
142.5,127.5,90.0,M,Single-ply,182.5
187.5,132.5,86.3,M,Raw,207.5
150.0,80.0,88.66,M,Single-ply,167.5
299.37,190.51,122.15,M,Single-ply,265.35
100.0,83.0,69.35,F,Raw,115.0
105.0,82.5,75.43,M,Wraps,150.0
210.0,130.0,90.9,M,Raw,240.0
295.0,185.0,79.92,M,Wraps,287.5
136.08,74.84,58.69,M,Single-ply,154.22
150.0,122.5,90.4,M,Raw,182.5
226.8,161.03,118.75,M,Wraps,317.51
257.5,155.0,82.37,M,Wraps,265.0
337.5,192.5,115.4,M,Raw,335.0
138.35,90.72,58.33,M,Single-ply,131.54
81.65,54.43,53.71,M,Single-ply,102.06
280.0,170.0,167.92,M,Raw,250.0
220.0,167.5,119.5,M,Raw,220.0
185.0,130.0,87.4,M,Raw,242.5
172.37,99.79,95.62,M,Single-ply,142.88
80.0,45.0,86.9,F,Single-ply,120.0
158.76,83.91,73.48,M,Wraps,165.56
295.0,190.0,120.0,M,Raw,317.5
105.0,55.0,69.6,F,Raw,137.5
137.5,92.5,73.6,M,Raw,157.5
181.44,102.06,70.13,M,Single-ply,181.44
245.0,160.0,109.8,M,Raw,272.5
172.5,105.0,89.1,M,Raw,217.5
112.5,65.0,44.3,F,Raw,155.0
130.0,135.5,82.1,M,Raw,150.0
110.0,70.0,70.9,M,Single-ply,130.0
215.46,149.69,122.38,M,Wraps,254.01
108.86,61.23,60.96,M,Single-ply,115.67
185.0,110.0,101.5,M,Raw,227.5
151.95,102.06,70.9,M,Single-ply,170.1
220.0,150.0,82.14,M,Single-ply,240.0
182.5,122.5,65.7,M,Single-ply,197.5
160.0,120.0,72.6,M,Raw,197.5
150.0,100.0,89.0,F,Wraps,180.0
165.0,135.0,90.6,M,Raw,192.5
227.5,127.5,88.1,M,Raw,232.5
247.5,147.5,101.0,M,Raw,257.5
306.17,208.65,118.66,M,Single-ply,290.3
120.0,77.5,74.0,M,Raw,167.5
122.47,102.06,61.28,M,Single-ply,154.22
129.27,70.31,63.5,M,Single-ply,147.42
217.5,122.5,135.5,F,Single-ply,197.5
222.5,142.5,90.1,M,Raw,260.0
230.0,147.5,91.8,M,Raw,287.5
202.5,130.0,87.8,M,Raw,260.0
122.47,68.04,54.43,M,Single-ply,145.15
92.5,55.0,66.8,F,Raw,112.5
297.1,136.08,111.58,M,Single-ply,288.03
258.55,161.03,109.72,M,Wraps,244.94
250.0,175.0,136.9,M,Raw,310.0
210.0,145.0,65.8,M,Raw,270.0
227.5,160.0,107.3,M,Raw,265.0
167.5,117.5,65.23,M,Wraps,222.5
232.5,125.0,92.3,M,Wraps,250.0
170.0,102.5,73.9,M,Raw,205.0
167.5,105.0,100.4,M,Raw,215.0
185.97,113.4,81.1,M,Raw,206.38
167.5,127.5,91.1,M,Raw,202.5
185.97,95.25,95.66,M,Single-ply,199.58
205.0,120.0,93.2,M,Single-ply,220.0
226.8,142.88,74.12,M,Wraps,219.99
182.5,142.5,82.4,M,Single-ply,215.0
245.0,182.5,134.7,M,Wraps,265.0
200.0,125.0,73.4,M,Raw,230.0
295.0,200.0,81.96,M,Single-ply,262.5
86.18,56.7,58.74,F,Wraps,102.06
280.0,182.5,148.1,M,Single-ply,270.0
147.42,79.38,70.03,M,Wraps,147.42
155.0,115.0,59.6,M,Single-ply,187.5
125.0,60.0,64.4,F,Single-ply,140.0
215.0,140.0,80.2,M,Raw,260.0
136.08,74.84,61.42,M,Single-ply,158.76
180.5,117.5,81.3,M,Raw,177.5
120.0,55.0,79.45,F,Raw,140.0
204.12,111.13,87.95,M,Single-ply,183.7
222.5,162.5,93.0,M,Single-ply,222.5
167.83,95.25,101.97,M,Single-ply,181.44
100.0,47.5,83.3,F,Raw,120.0
129.27,79.38,67.18,M,Single-ply,149.69
154.22,92.99,70.4,M,Single-ply,151.95
210.92,142.88,81.74,M,Wraps,242.67
80.0,55.0,56.0,F,Raw,122.5
263.08,174.63,108.68,M,Wraps,333.39
165.56,111.13,81.47,M,Single-ply,167.83
192.5,132.5,76.4,M,Raw,237.5
260.0,190.0,82.5,M,Single-ply,270.0
102.06,151.95,89.81,M,Wraps,102.06
217.5,150.0,122.7,M,Raw,215.0
220.0,145.0,90.0,M,Single-ply,245.0
242.5,157.5,73.7,M,Single-ply,260.0
87.5,65.0,66.18,F,Wraps,137.5
129.3,127.0,82.5,M,Single-ply,170.1
147.5,90.0,103.2,M,Raw,175.0
170.1,131.5,102.1,M,Single-ply,188.2
138.35,63.5,55.52,M,Single-ply,165.56
172.5,142.5,91.58,M,Raw,245.0
260.0,155.0,125.0,M,Single-ply,250.0
122.5,60.0,45.4,F,Single-ply,137.5
125.0,70.0,79.7,F,Raw,140.0
300.0,230.0,143.5,M,Single-ply,280.0
115.0,60.0,51.05,F,Raw,130.0
175.0,120.0,87.7,M,Raw,200.0
127.01,68.04,80.74,F,Wraps,167.83
172.5,110.0,79.24,M,Wraps,200.0
162.5,120.0,80.5,M,Raw,202.5
249.48,190.51,124.38,M,Raw,317.51
244.94,151.95,120.56,M,Single-ply,204.12
215.0,92.5,148.9,F,Single-ply,195.0
242.5,122.5,81.3,M,Single-ply,205.0
294.84,181.44,104.87,M,Multi-ply,308.44
295.5,205.0,158.67,M,Raw,275.0
217.72,97.52,65.95,M,Single-ply,213.19
161.03,111.13,74.03,M,Single-ply,165.56
217.7,140.6,98.2,M,Single-ply,224.5
287.5,220.0,95.6,M,Single-ply,255.0
275.0,197.5,157.4,M,Raw,300.0
204.12,167.83,88.54,M,Wraps,242.67
137.5,90.0,59.0,M,Raw,167.5
170.1,92.99,97.43,M,Single-ply,149.69
124.74,102.06,55.79,M,Wraps,151.95
142.88,90.72,82.28,M,Wraps,190.51
370.0,260.0,92.59,M,Single-ply,342.5
227.5,170.0,82.4,M,Wraps,105.0
136.08,61.23,51.17,M,Single-ply,127.01
142.88,131.54,73.75,M,Wraps,204.12
125.0,87.0,69.35,F,Raw,140.0
365.0,190.0,138.98,M,Wraps,330.0
200.0,135.0,82.1,M,Single-ply,220.0
285.0,210.0,89.36,M,Single-ply,292.5
340.0,272.5,123.7,M,Multi-ply,250.0
230.0,155.0,90.5,M,Single-ply,235.0
137.5,95.0,81.1,F,Raw,165.0
208.65,138.35,96.34,M,Single-ply,215.46
347.5,195.0,100.0,M,Single-ply,335.0
170.0,157.5,82.5,M,Single-ply,200.0
195.04,97.52,80.1,M,Single-ply,199.58
97.52,68.04,48.08,M,Single-ply,136.08
132.5,92.5,95.5,M,Single-ply,152.5
170.0,97.5,97.0,M,Wraps,205.0
100.0,60.0,71.94,F,Raw,127.5
137.5,110.0,65.9,M,Raw,165.0
182.5,115.0,73.25,M,Raw,255.0
129.27,79.38,72.12,M,Single-ply,124.74
235.0,170.0,74.9,M,Single-ply,245.0
238.14,136.08,118.39,M,Wraps,238.14
272.5,187.5,127.91,M,Single-ply,245.0
182.5,140.0,74.12,M,Raw,222.5
308.44,161.03,99.43,M,Wraps,328.85
107.5,62.5,57.24,M,Raw,142.5
140.0,95.0,60.0,M,Single-ply,165.0
197.5,127.5,80.0,M,Raw,225.0
192.78,127.01,99.79,M,Single-ply,201.85
100.0,105.0,90.7,M,Raw,120.0
195.04,136.08,84.46,M,Single-ply,195.04
165.0,110.0,88.1,M,Raw,210.0
115.0,50.0,58.3,F,Raw,155.0
87.5,55.0,47.9,F,Raw,120.0
215.0,107.5,104.05,M,Raw,215.0
183.7,124.74,65.95,M,Wraps,204.12
222.5,150.5,80.2,M,Raw,230.0
87.5,50.0,54.7,F,Raw,130.0
240.4,108.86,125.74,M,Single-ply,197.31
182.5,105.0,81.33,M,Raw,222.5
285.0,165.0,73.64,M,Single-ply,270.0
102.5,77.5,88.5,F,Raw,130.0
250.0,165.0,133.5,M,Single-ply,250.0
212.5,137.5,101.0,M,Single-ply,227.5
87.5,60.0,55.97,M,Wraps,165.0
300.0,197.5,115.96,M,Raw,325.0
325.0,225.0,118.61,M,Single-ply,325.0
222.26,136.08,74.84,M,Single-ply,219.99
105.0,45.0,52.0,F,Single-ply,110.0
351.53,190.51,140.0,M,Wraps,274.42
92.5,50.0,64.1,F,Raw,105.0
124.74,92.99,90.0,M,Single-ply,142.88
186.0,115.7,96.9,M,Raw,213.2
131.54,72.57,58.06,M,Single-ply,147.42
130.0,60.0,81.18,F,Raw,130.0
150.0,80.0,68.4,F,Raw,160.0
147.5,115.0,98.0,M,Raw,202.5
95.0,52.5,87.6,F,Raw,137.5
190.51,136.08,89.63,M,Single-ply,201.85
102.5,92.5,103.2,M,Wraps,147.5
130.0,95.0,62.3,M,Single-ply,155.0
374.21,272.16,89.63,M,Multi-ply,283.5
176.9,102.06,57.42,M,Single-ply,165.56
185.0,130.0,85.6,M,Raw,192.5
132.5,87.5,66.4,F,Raw,140.0
142.88,79.38,68.76,M,Single-ply,154.22
235.0,155.0,91.5,M,Raw,245.0
272.16,204.12,107.86,M,Multi-ply,226.8
192.5,147.5,98.5,M,Wraps,210.0
80.0,55.0,51.7,F,Raw,102.5
240.0,182.5,98.0,M,Raw,270.0
232.5,175.0,119.8,M,Wraps,280.0
185.0,137.5,106.96,M,Raw,220.0
167.83,111.13,79.74,M,Single-ply,174.63
152.5,110.0,91.4,M,Raw,185.0
170.0,130.0,86.8,M,Single-ply,200.0
185.0,130.0,96.4,M,Raw,220.0
285.0,205.0,119.1,M,Single-ply,290.0
160.0,102.5,72.2,M,Raw,200.0
160.0,77.8,72.0,F,Single-ply,147.5
272.16,249.48,107.59,M,Multi-ply,226.8
80.0,50.0,74.0,F,Raw,115.0
52.16,24.95,36.29,M,Single-ply,74.84
179.17,113.4,82.01,M,Single-ply,165.56
315.0,252.5,127.73,M,Single-ply,302.5
190.51,161.03,72.12,M,Single-ply,181.44
106.59,63.5,57.7,M,Single-ply,127.01
113.4,72.57,73.84,M,Single-ply,142.88
205.0,137.5,104.6,M,Raw,237.5
227.5,132.5,90.0,M,Wraps,277.5
240.0,140.0,101.2,M,Wraps,270.0
165.0,110.0,72.95,M,Raw,220.0
238.14,149.69,124.74,M,Wraps,219.99
195.0,160.0,110.0,M,Single-ply,220.0
200.0,112.5,86.82,M,Raw,210.0
142.88,99.79,88.0,M,Single-ply,149.69
111.13,90.72,83.01,M,Single-ply,149.69
331.12,251.74,139.71,M,Multi-ply,315.25
165.0,140.0,101.9,M,Raw,175.0
200.0,175.0,112.1,M,Single-ply,120.0
210.0,125.0,70.1,M,Single-ply,212.5
100.0,50.0,62.6,F,Raw,125.0
80.0,47.5,74.3,F,Raw,127.5
140.0,72.5,57.8,F,Raw,150.0
90.0,60.0,81.0,F,Raw,122.5
142.88,79.38,103.33,M,Single-ply,183.7
205.0,132.5,101.8,M,Raw,235.0
117.5,72.5,62.95,M,Raw,160.0
283.5,170.1,124.74,M,Single-ply,226.8
180.0,105.0,66.6,M,Single-ply,207.5
145.0,107.5,98.8,M,Raw,195.0
254.01,176.9,108.23,M,Single-ply,240.4
163.29,129.27,75.3,M,Single-ply,172.37
175.0,95.0,77.1,M,Single-ply,185.0
100.0,70.0,91.9,M,Raw,150.0
229.06,149.69,102.06,M,Wraps,254.01
227.5,155.0,97.7,M,Raw,242.5
140.61,88.45,55.79,M,Single-ply,147.42
260.82,174.63,105.23,M,Wraps,265.35
220.0,145.0,118.25,M,Raw,260.0
135.0,60.0,54.3,F,Single-ply,137.5
174.63,133.81,132.18,M,Wraps,183.7
305.0,215.0,114.2,M,Wraps,310.0
120.0,92.5,51.2,M,Raw,155.0
105.0,47.5,55.57,F,Wraps,120.0
150.0,125.0,81.8,M,Raw,205.0
150.0,137.5,79.9,M,Raw,215.0
222.26,129.27,89.27,M,Single-ply,215.46
230.0,155.0,81.2,M,Raw,230.0
132.5,110.0,70.3,M,Single-ply,175.0
90.72,43.09,66.77,F,Wraps,111.13
30.0,105.0,103.5,M,Wraps,220.0
217.5,127.5,88.6,M,Raw,222.5
181.44,102.06,80.29,M,Single-ply,192.78
124.74,49.9,58.69,F,Wraps,124.74
95.0,65.0,53.7,F,Raw,125.0
181.44,102.06,91.31,M,Single-ply,172.37
180.0,85.0,108.8,M,Raw,200.0
142.88,88.45,146.87,M,Single-ply,183.7
192.5,142.5,114.4,M,Raw,227.5
100.0,70.0,84.8,F,Single-ply,115.0
175.0,115.0,59.2,M,Single-ply,195.0
111.13,70.31,83.73,M,Single-ply,145.15
215.46,113.4,88.52,M,Single-ply,188.24
285.0,170.0,105.1,M,Single-ply,250.0
352.5,222.5,99.34,M,Multi-ply,280.0
172.5,90.0,65.0,M,Single-ply,235.5
175.0,132.5,84.6,M,Raw,227.5
135.0,72.5,85.25,F,Raw,200.0
152.5,125.0,73.4,M,Raw,197.5
112.5,70.0,60.0,F,Raw,157.5
150.0,95.0,72.6,M,Raw,177.5
183.7,97.52,110.86,M,Single-ply,174.63
160.0,100.0,72.1,M,Raw,195.0
225.0,132.5,82.95,M,Raw,280.0
155.0,92.5,82.5,F,Wraps,177.5
204.12,124.74,122.02,M,Single-ply,183.7
120.0,72.5,59.0,M,Raw,115.0
350.0,220.0,119.52,M,Single-ply,340.0
175.0,125.0,73.85,M,Raw,212.5
70.0,47.5,50.25,F,Raw,117.5
160.0,95.0,97.1,M,Single-ply,182.5
83.91,47.63,48.81,M,Single-ply,99.79
215.0,150.0,65.7,M,Raw,227.5
75.0,50.0,58.5,F,Single-ply,100.0
165.0,85.0,74.1,M,Single-ply,175.0
155.0,72.5,73.6,F,Raw,190.0
149.69,81.65,74.66,M,Single-ply,117.93
133.8,77.1,96.8,M,Raw,165.6
250.0,205.0,107.1,M,Single-ply,227.5
245.0,152.5,86.0,M,Raw,272.5
150.0,112.5,81.7,M,Raw,205.0
172.37,104.33,127.28,M,Single-ply,183.7
195.0,100.5,67.0,F,Wraps,185.0
147.5,95.0,72.6,M,Raw,162.5
325.0,240.0,125.0,M,Single-ply,270.0
102.5,102.5,82.8,M,Raw,197.5
150.0,122.5,75.0,M,Single-ply,197.5
176.9,124.74,63.59,M,Single-ply,195.04
220.0,147.5,92.1,M,Raw,240.0
147.42,102.06,59.87,M,Single-ply,183.7
182.5,97.5,70.69,F,Raw,187.5
150.0,87.5,90.75,M,Raw,170.0
187.5,135.0,115.0,M,Raw,280.0
105.0,90.0,102.8,M,Raw,162.5
165.56,108.86,133.86,M,Single-ply,181.44
88.45,61.23,55.16,M,Single-ply,124.74
237.5,150.0,106.14,F,Multi-ply,160.0
292.5,180.0,73.55,M,Single-ply,260.0
175.0,115.0,75.9,M,Raw,207.5
190.0,122.5,73.82,M,Raw,195.0
125.0,70.0,74.0,F,Raw,157.5
220.0,150.0,89.5,M,Raw,227.5
217.5,120.0,128.46,M,Raw,247.5
115.0,55.0,54.8,F,Raw,107.5
182.5,135.0,94.0,M,Raw,237.5
215.0,117.5,71.8,M,Raw,262.5
102.06,52.16,47.72,M,Single-ply,113.4
56.7,56.7,85.73,M,Raw,122.5
136.08,81.65,72.76,M,Single-ply,172.37
210.0,137.5,82.6,M,Raw,265.0
195.0,125.0,90.0,M,Raw,250.0
227.5,137.5,80.5,M,Raw,267.5
140.0,107.5,75.5,M,Single-ply,225.0
190.0,135.0,106.8,M,Single-ply,227.5
222.26,156.49,98.07,M,Single-ply,233.6
124.74,70.31,73.8,M,Single-ply,136.08
187.5,137.5,82.4,M,Wraps,235.0
185.97,149.69,99.16,M,Raw,213.19
155.0,95.0,71.05,M,Wraps,172.5
222.5,150.0,93.7,M,Raw,247.5
158.76,86.18,98.43,M,Single-ply,183.7
182.5,140.0,85.3,M,Wraps,170.0
132.5,75.0,59.74,M,Raw,142.5
95.0,45.0,70.4,F,Raw,122.5
95.0,47.5,73.6,F,Raw,137.5
95.0,45.0,55.3,F,Raw,100.0
187.5,132.5,82.3,M,Raw,240.0
192.5,112.5,73.6,M,Raw,225.0
257.5,157.5,118.5,M,Wraps,257.5
145.0,100.0,71.0,F,Single-ply,137.5
205.0,167.5,89.7,M,Raw,235.0
97.5,60.0,52.0,F,Single-ply,115.0
225.0,120.0,91.1,M,Raw,220.0
187.5,127.5,73.85,M,Raw,250.0
97.5,57.5,75.1,F,Raw,135.0
137.5,75.0,71.3,F,Raw,150.0
167.5,92.5,80.1,M,Wraps,177.5
154.22,108.86,64.86,M,Wraps,201.85
204.12,136.08,71.4,F,Multi-ply,170.1
255.0,135.0,89.3,M,Single-ply,245.0
122.5,62.5,67.13,F,Wraps,137.5
135.0,60.0,76.4,F,Raw,150.0
272.5,182.5,96.71,M,Single-ply,250.0
229.06,124.74,144.29,M,Single-ply,215.46
227.5,140.0,81.0,M,Raw,232.5
142.5,75.0,73.2,F,Raw,162.5
92.5,60.0,83.2,F,Raw,120.0
202.5,130.0,89.2,M,Wraps,250.0
147.5,75.0,67.5,F,Single-ply,147.5
165.0,142.5,107.8,M,Raw,237.5
147.42,92.99,89.45,M,Single-ply,138.35
97.5,65.0,54.75,F,Raw,110.0
175.0,95.0,122.8,F,Wraps,202.5
225.0,147.5,82.85,M,Raw,250.0
67.5,35.0,60.6,F,Raw,82.5
277.83,163.29,89.54,M,Wraps,292.57
480.0,347.5,,M,Single-ply,352.5
182.5,130.0,98.16,M,Wraps,222.5
138.35,83.91,89.81,M,Single-ply,183.7
120.2,68.04,63.14,F,Raw,142.88
156.49,95.25,65.86,F,Multi-ply,161.03
145.0,90.0,82.56,F,Raw,182.5
102.5,80.0,88.54,M,Raw,102.5
154.22,92.99,78.02,M,Single-ply,163.29
215.0,200.0,110.8,M,Single-ply,222.5
185.0,117.5,87.1,M,Raw,200.0
172.5,142.5,81.4,M,Raw,217.5
180.0,135.0,80.2,M,Raw,202.5
107.5,55.0,83.2,F,Raw,145.0
132.5,77.5,73.2,F,Wraps,160.0
142.5,92.5,56.6,M,Raw,160.0
179.17,97.52,71.12,M,Single-ply,201.85
85.0,42.5,59.6,F,Raw,110.0
265.0,187.5,114.6,M,Wraps,277.5
255.0,170.0,125.0,M,Single-ply,272.5
215.46,145.15,82.05,M,Wraps,274.42
113.4,61.23,63.05,M,Single-ply,113.4
120.0,90.0,99.6,M,Raw,165.0
95.0,45.0,72.8,F,Raw,115.0
115.0,60.0,57.2,F,Raw,117.5
170.1,97.52,86.73,M,Single-ply,170.1
127.5,65.0,56.25,F,Raw,160.0
237.5,120.0,82.1,M,Single-ply,227.5
204.12,131.54,94.8,M,Single-ply,208.65
112.5,77.5,81.5,F,Raw,137.5
370.0,210.0,110.0,M,Single-ply,345.0
325.0,200.0,120.6,M,Wraps,322.5
102.5,62.5,94.8,F,Raw,147.5
155.0,102.5,70.4,F,Single-ply,170.0
152.5,117.5,65.7,M,Raw,190.0
215.0,130.0,91.9,M,Raw,260.0
227.5,145.0,103.87,M,Wraps,217.5
292.5,205.0,126.0,M,Raw,320.0
177.5,105.0,65.5,M,Single-ply,190.0
190.0,115.0,90.0,M,Single-ply,200.0
145.15,63.5,63.5,M,Single-ply,138.35
133.81,58.97,85.87,F,Wraps,154.22
136.1,88.5,81.74,F,Single-ply,158.8
217.5,135.0,79.0,M,Wraps,195.0
152.5,67.5,55.6,M,Single-ply,175.0
238.14,151.95,115.3,M,Single-ply,215.46
132.5,90.0,51.21,F,Single-ply,145.0
200.0,87.5,90.7,F,Wraps,225.0
337.5,177.5,133.27,M,Wraps,272.5
137.5,70.0,82.2,M,Raw,182.5
115.67,95.25,59.42,M,Single-ply,138.35
206.38,113.4,114.31,M,Single-ply,158.76
282.5,200.0,91.6,M,Single-ply,300.0
120.0,87.5,64.7,M,Raw,137.5
113.4,65.77,66.22,F,Wraps,147.42
217.5,155.0,80.4,M,Raw,235.0
245.0,165.0,82.5,M,Single-ply,242.5
181.44,74.84,59.87,M,Single-ply,151.95
175.0,120.0,80.35,M,Wraps,200.0
180.0,120.0,74.6,M,Wraps,232.5
170.1,104.33,72.85,M,Wraps,206.38
275.0,187.5,108.9,M,Single-ply,257.5
200.0,140.0,76.4,M,Single-ply,212.5
165.0,117.5,91.8,M,Raw,227.5
399.16,192.78,124.28,M,Wraps,360.61
113.4,79.38,74.39,M,Raw,172.37
272.5,200.0,146.0,M,Wraps,277.5
197.31,74.84,105.78,M,Single-ply,190.51
327.5,210.0,125.0,M,Single-ply,272.5
152.5,95.0,79.33,M,Raw,152.5
160.0,75.0,58.1,M,Raw,220.0
244.94,185.97,107.41,M,Wraps,272.16
205.0,127.5,71.4,M,Raw,257.5
165.0,130.0,85.2,M,Raw,195.0
250.0,205.0,116.7,M,Wraps,280.0
210.0,122.5,89.2,M,Raw,272.5
82.5,87.5,61.4,F,Raw,105.0
226.8,147.42,92.99,M,Single-ply,226.8
150.0,112.5,74.6,M,Raw,175.0
193.0,125.0,96.8,M,Raw,245.0
250.0,177.5,96.4,M,Raw,307.5
200.0,110.0,81.8,M,Raw,250.0
210.0,150.0,100.3,M,Raw,227.5
182.5,117.5,81.6,M,Raw,222.5
430.91,331.12,80.29,M,Multi-ply,249.48
111.0,65.0,82.0,F,Raw,136.0
255.0,172.5,92.3,M,Raw,325.0
192.5,112.5,87.8,M,Raw,210.0
192.5,117.5,75.0,M,Single-ply,225.0
195.04,124.74,108.59,M,Single-ply,195.04
154.22,104.33,78.93,M,Raw,174.63
217.5,185.0,98.97,M,Single-ply,202.5
170.1,97.52,104.78,M,Single-ply,183.7
332.5,245.0,123.3,M,Single-ply,270.0
100.0,62.5,69.0,F,Raw,122.5
210.92,158.76,96.03,M,Raw,260.82
182.5,152.5,78.3,M,Raw,237.5
231.33,156.49,108.77,M,Wraps,265.35
267.62,156.49,106.59,M,Single-ply,249.48
285.76,213.19,99.7,M,Raw,317.51
97.5,55.0,55.0,F,Raw,135.0
232.5,140.0,92.6,M,Raw,240.0
240.0,145.0,74.9,M,Wraps,270.0
155.0,122.5,98.7,M,Raw,247.5
100.0,65.0,84.9,M,Single-ply,150.0
235.0,167.5,104.5,M,Raw,260.0
137.5,72.5,55.4,F,Raw,190.0
200.0,117.5,75.5,M,Raw,227.5
230.0,165.0,100.0,M,Single-ply,265.0
90.0,50.0,62.8,F,Single-ply,97.5
205.0,130.0,126.7,M,Raw,240.0
170.0,112.5,82.24,M,Wraps,182.5
245.0,152.5,64.15,M,Single-ply,217.5
117.5,70.0,108.3,F,Raw,137.5
137.5,65.0,58.8,F,Single-ply,135.0
229.06,195.04,142.88,M,Wraps,233.6
285.76,149.69,95.8,M,Wraps,281.23
290.0,155.0,95.8,M,Multi-ply,272.5
95.0,70.0,74.9,F,Single-ply,100.0
127.5,60.0,46.3,F,Raw,127.5
200.0,137.5,114.9,M,Raw,210.0
215.0,135.0,95.2,M,Wraps,220.0
152.5,92.5,77.25,M,Raw,185.0
125.0,80.0,81.6,F,Raw,150.0
180.0,135.0,105.9,M,Raw,185.0
254.01,149.69,98.34,M,Single-ply,219.99
227.5,132.5,89.2,M,Raw,275.0
156.49,81.65,73.62,M,Single-ply,181.44
142.5,80.0,77.9,M,Raw,145.0
150.0,90.0,58.4,M,Raw,167.5
195.04,90.72,117.48,M,Wraps,204.12
102.06,65.77,66.13,M,Single-ply,127.01
226.8,129.27,137.89,M,Single-ply,172.37
183.7,136.08,73.94,M,Wraps,217.72
260.0,150.0,92.45,M,Raw,250.0
145.0,95.0,101.6,M,Raw,202.5
257.5,182.5,108.3,M,Wraps,272.5
295.0,185.0,120.3,M,Single-ply,332.5
262.5,152.5,108.8,M,Wraps,265.0
295.02,227.52,147.05,M,Wraps,272.52
117.5,75.0,70.7,F,Raw,150.0
112.5,50.0,47.8,F,Single-ply,125.0
180.0,125.0,74.0,M,Raw,202.5
206.38,154.22,124.19,M,Raw,251.74
245.0,155.0,87.7,M,Single-ply,252.5
200.0,147.5,73.7,M,Raw,257.5
129.27,70.31,81.19,F,Raw,149.69
225.0,135.0,67.3,M,Single-ply,285.0
179.17,113.4,87.82,M,Single-ply,147.42
145.0,100.0,73.6,F,Single-ply,155.0
200.0,165.0,78.8,M,Single-ply,222.5
140.0,130.0,79.3,M,Single-ply,192.5
122.5,82.5,59.1,M,Wraps,145.0
283.5,179.17,131.54,M,Single-ply,224.53
127.5,62.5,70.99,F,Single-ply,130.0
181.44,99.79,89.09,M,Single-ply,195.04
87.5,60.0,60.9,F,Raw,125.0
102.1,47.6,,F,Single-ply,108.9
100.0,110.0,63.84,M,Raw,130.0
147.42,95.25,66.32,M,Single-ply,151.95
244.94,158.76,88.36,M,Single-ply,213.19
190.0,132.5,99.5,M,Raw,222.5
99.79,70.31,67.9,M,Single-ply,147.42
87.5,50.0,56.2,F,Raw,130.0
262.5,167.5,65.23,M,Single-ply,230.0
88.45,45.36,58.69,F,Wraps,111.13
215.46,133.81,98.52,M,Wraps,215.46
124.74,99.79,74.62,M,Single-ply,136.08
217.5,130.0,103.0,M,Wraps,230.0
265.0,207.5,101.65,M,Raw,277.5
278.96,188.24,99.34,M,Wraps,290.3
147.5,92.5,51.14,F,Raw,172.5
272.5,182.5,101.7,M,Raw,300.0
150.0,85.0,50.85,F,Single-ply,157.5
215.0,152.5,67.4,M,Single-ply,230.0
111.13,54.43,51.07,M,Single-ply,122.47
195.0,122.5,78.5,M,Raw,215.0
65.0,42.5,63.28,F,Wraps,110.0
145.0,102.5,73.15,M,Raw,180.0
150.0,95.0,74.3,F,Raw,175.0
132.5,72.5,74.3,F,Wraps,160.0
155.0,115.0,88.36,M,Raw,172.5
160.0,110.0,83.0,M,Raw,200.0
125.0,70.0,59.75,F,Single-ply,125.0
327.5,220.0,132.27,M,Wraps,320.0
207.5,120.0,73.0,M,Raw,250.0
137.5,72.5,68.61,F,Raw,160.0
88.45,47.63,48.44,M,Single-ply,90.72
182.5,115.0,110.0,M,Single-ply,217.5
100.0,42.5,63.7,F,Raw,117.5
225.0,190.0,105.0,M,Raw,260.0
192.5,130.0,69.8,M,Single-ply,215.0
145.15,72.57,84.82,M,Wraps,163.29
175.0,132.5,82.28,M,Raw,190.0
135.0,92.5,85.82,M,Raw,175.0
265.35,195.04,133.63,M,Wraps,274.42
72.57,49.9,45.45,M,Single-ply,81.65
142.88,102.06,108.5,M,Single-ply,142.88
235.87,124.74,103.33,M,Single-ply,235.87
115.0,57.5,61.2,F,Raw,137.5
182.5,145.0,102.9,M,Raw,227.5
220.0,205.0,65.0,M,Single-ply,220.0
72.5,50.0,71.35,F,Raw,125.0
102.5,55.0,61.9,F,Raw,117.5
240.0,117.5,90.0,M,Single-ply,242.5
97.52,56.7,74.98,F,Raw,145.15
254.01,172.37,74.39,M,Single-ply,283.5
192.5,115.0,109.68,M,Wraps,227.5
137.5,112.5,92.6,M,Raw,192.5
215.46,145.15,113.22,M,Single-ply,208.65
302.5,215.0,116.8,M,Wraps,322.5
233.6,142.88,89.04,M,Single-ply,251.74
75.0,57.5,67.81,F,Raw,102.5
65.0,35.0,67.5,F,Wraps,100.0
136.1,79.4,69.9,F,Raw,136.1
192.5,107.5,78.8,M,Raw,215.0
315.0,215.0,127.7,M,Raw,300.0
250.0,172.5,88.5,M,Raw,287.5
113.4,63.5,51.62,M,Single-ply,136.08
154.22,92.99,79.11,M,Single-ply,133.81
183.7,122.47,119.66,M,Single-ply,190.51
235.0,155.0,98.4,M,Single-ply,220.0
230.0,142.5,96.07,M,Wraps,265.0
125.0,75.0,76.5,F,Raw,140.0
172.5,115.0,88.1,M,Raw,197.5
167.5,125.0,94.9,M,Wraps,172.5
87.5,42.5,69.9,F,Raw,110.0
306.17,195.04,113.63,M,Multi-ply,247.21
142.5,90.0,73.03,F,Single-ply,137.5
170.1,115.67,117.48,M,Single-ply,170.1
205.0,182.5,92.66,M,Single-ply,250.0
258.55,140.61,98.29,M,Single-ply,238.14
297.5,220.0,119.0,M,Raw,305.0
167.5,90.0,73.8,M,Raw,195.0
158.8,97.5,82.5,M,Raw,201.9
90.72,65.77,82.5,M,Single-ply,90.72
152.5,115.0,81.8,M,Raw,195.0
147.42,81.65,99.61,M,Raw,149.69
132.5,65.0,74.7,F,Raw,175.0
185.0,147.5,117.7,M,Raw,192.5
140.0,90.0,72.8,M,Raw,137.5
220.0,180.0,100.0,M,Single-ply,222.5
106.59,83.91,74.48,M,Raw,154.22
102.5,55.0,96.8,F,Raw,122.5
320.0,200.0,116.6,M,Wraps,330.0
140.61,97.52,108.41,M,Single-ply,138.35
82.5,47.5,51.0,F,Raw,97.5
217.5,155.0,97.7,M,Single-ply,242.5
199.58,129.27,86.18,M,Single-ply,127.01
235.87,117.93,127.19,M,Single-ply,188.24
125.0,87.5,92.4,M,Single-ply,185.0
85.0,145.5,74.62,M,Single-ply,125.0
199.58,140.61,146.78,M,Single-ply,199.58
113.4,47.63,50.53,M,Single-ply,106.59
180.0,115.0,85.8,M,Raw,212.5
165.0,90.0,82.0,M,Single-ply,180.0
242.5,140.0,89.6,M,Single-ply,222.5
212.5,122.5,101.4,M,Raw,232.5
195.0,125.0,90.9,M,Raw,230.0
200.0,142.5,79.2,M,Raw,235.0
172.37,115.67,56.15,M,Single-ply,206.38
175.0,102.5,70.7,M,Raw,175.0
150.0,150.0,83.1,M,Single-ply,215.0
217.72,131.54,97.52,M,Single-ply,190.51
197.5,157.5,100.0,M,Raw,300.0
155.0,85.0,60.0,F,Single-ply,170.0
163.29,117.93,73.66,M,Single-ply,147.42
92.5,57.5,61.06,F,Raw,125.0
105.0,100.0,93.0,M,Raw,147.5
177.5,152.5,125.65,M,Single-ply,220.0
147.42,88.45,54.7,F,Wraps,156.49
82.5,47.5,71.9,F,Raw,132.5
117.5,68.0,45.4,F,Raw,120.0
142.5,75.0,64.0,F,Single-ply,142.5
172.5,105.0,80.4,M,Raw,200.0
145.0,107.5,74.1,M,Raw,187.5
220.0,117.5,89.22,M,Raw,247.5
145.0,85.0,97.5,F,Raw,150.0
165.0,72.5,125.1,F,Single-ply,157.5
131.54,68.04,77.56,F,Wraps,127.01
200.0,167.5,91.1,M,Raw,275.0
190.0,172.5,90.22,M,Raw,230.0
137.5,82.5,60.1,F,Raw,165.0
382.5,320.0,152.8,M,Single-ply,312.5
212.5,120.0,91.2,M,Raw,267.5
242.5,160.0,82.3,M,Raw,260.0
245.0,155.0,117.5,M,Wraps,292.5
175.0,105.0,80.55,M,Raw,210.0
157.5,102.5,60.0,M,Single-ply,172.5
240.0,172.5,99.79,M,Wraps,257.5
79.38,58.97,66.86,F,Wraps,127.01
180.0,115.0,118.65,M,Raw,210.0
136.08,95.25,107.95,M,Single-ply,142.88
230.0,150.0,94.0,M,Single-ply,242.5
238.14,90.72,106.96,M,Single-ply,192.78
167.5,142.5,66.04,M,Raw,207.5
90.0,52.5,56.3,F,Raw,150.0
195.0,115.0,72.05,F,Single-ply,160.0
185.0,140.0,80.9,M,Raw,242.5
135.0,82.5,66.6,F,Single-ply,152.5
77.5,35.0,52.0,F,Raw,90.0
230.0,180.0,92.3,M,Single-ply,270.0
131.54,97.52,115.76,M,Single-ply,149.69
75.0,42.5,60.5,F,Raw,112.5
115.67,83.91,67.13,M,Single-ply,140.61
265.0,145.0,81.5,M,Wraps,272.5
217.5,120.0,73.4,M,Raw,225.0
120.2,61.23,69.4,M,Single-ply,120.2
140.0,100.0,67.5,M,Single-ply,172.5
210.0,122.5,98.11,M,Raw,232.5
172.37,90.72,96.43,M,Single-ply,172.37
140.0,107.5,69.48,M,Raw,200.0
127.01,92.99,72.76,M,Wraps,181.44
85.0,40.0,51.3,F,Wraps,87.5
140.0,90.0,62.18,F,Raw,160.0
85.0,47.5,61.9,F,Raw,115.0
210.0,120.0,108.1,M,Single-ply,220.0
97.52,61.23,58.83,M,Single-ply,113.4
92.5,50.0,65.5,F,Raw,117.5
102.5,62.5,63.6,F,Wraps,122.5
92.5,52.5,56.2,F,Raw,107.5
181.44,129.27,85.73,M,Wraps,204.12
197.5,145.0,85.28,M,Raw,207.5
57.5,47.5,88.0,F,Raw,125.0
199.58,145.15,91.63,M,Single-ply,199.58
75.0,135.0,82.44,M,Raw,75.0
285.0,180.0,82.69,M,Raw,297.5
250.0,145.0,97.0,M,Raw,250.0
230.0,195.0,98.78,M,Raw,230.0
175.0,90.0,167.4,F,Wraps,165.0
156.49,86.18,95.98,M,Single-ply,163.29
130.0,80.0,59.38,F,Raw,170.0
137.5,92.5,69.4,M,Wraps,185.0
111.13,86.18,67.68,M,Single-ply,149.69
249.48,181.44,122.2,M,Wraps,263.08
249.48,147.42,80.65,M,Single-ply,276.69
195.0,127.5,78.3,M,Single-ply,207.5
149.69,92.99,145.15,M,Single-ply,145.15
163.29,99.79,119.29,M,Single-ply,170.1
165.0,100.0,130.8,M,Raw,185.0
244.94,142.88,100.33,M,Single-ply,201.85
277.5,167.5,99.11,M,Raw,312.5
87.5,47.5,71.2,F,Raw,125.0
235.0,157.5,96.1,M,Raw,257.5
272.5,155.0,100.7,M,Raw,307.5
210.0,140.0,74.4,M,Single-ply,230.0
140.0,77.5,81.0,F,Raw,170.0
208.65,106.59,94.35,M,Single-ply,197.31
240.0,152.5,99.9,M,Raw,250.0
217.5,155.0,71.8,M,Single-ply,197.5
220.0,132.5,71.3,M,Raw,277.5
200.0,110.0,107.2,F,Single-ply,152.5
260.82,176.9,123.92,M,Wraps,256.28
185.0,110.0,95.8,M,Single-ply,185.0
127.5,67.5,46.7,F,Single-ply,130.0
175.0,140.0,92.2,M,Wraps,200.0
120.0,67.5,62.4,F,Raw,145.0
142.5,80.0,61.78,F,Raw,165.0
130.0,70.0,103.7,F,Single-ply,135.0
172.5,125.0,73.9,M,Raw,247.5
187.5,137.5,94.89,M,Wraps,227.5
202.5,130.0,73.0,M,Raw,215.0
140.0,67.5,69.95,F,Wraps,145.0
115.0,50.0,62.4,F,Raw,150.0
155.0,112.5,73.8,M,Raw,200.0
195.0,130.0,97.0,M,Raw,260.0
200.0,117.5,52.6,M,Single-ply,230.0
226.8,127.01,58.97,M,Single-ply,199.58
105.0,57.5,56.6,F,Raw,120.0
212.5,142.5,92.7,M,Raw,230.0
165.0,142.5,79.38,M,Wraps,192.5
285.0,192.5,138.0,M,Raw,320.0
162.5,120.0,73.5,M,Raw,175.0
75.0,45.0,57.42,F,Wraps,85.0
175.0,147.5,88.99,M,Single-ply,215.0
155.0,92.5,71.7,F,Wraps,162.5
104.33,70.31,67.31,M,Single-ply,120.2
183.7,104.33,125.78,M,Single-ply,174.63
182.5,50.0,152.54,F,Single-ply,147.5
267.62,204.12,113.31,M,Single-ply,240.4
35.0,27.5,55.88,F,Raw,42.5
82.5,52.5,76.3,F,Wraps,95.0
147.5,100.0,65.3,M,Raw,205.0
172.5,77.5,81.9,F,Raw,170.0
135.0,80.0,89.7,M,Single-ply,160.0
227.5,190.0,110.2,M,Raw,235.0
92.5,50.0,55.7,F,Raw,85.0
100.0,47.5,56.8,F,Raw,130.0
295.0,185.0,130.18,M,Wraps,295.0
260.0,180.0,100.0,M,Single-ply,260.0
132.5,77.5,62.6,F,Raw,137.5
167.5,105.0,79.25,M,Raw,182.5
195.0,137.5,90.5,M,Raw,215.0
102.5,70.0,55.2,F,Wraps,142.5
132.5,50.0,61.2,F,Single-ply,115.0
360.0,240.0,132.3,M,Single-ply,325.0
86.18,54.43,47.49,M,Single-ply,92.99
92.99,88.45,63.19,M,Single-ply,104.33
215.0,137.5,89.2,M,Wraps,205.0
185.0,122.5,121.6,M,Wraps,175.0
278.96,176.9,140.0,M,Wraps,260.82
235.0,180.0,73.5,M,Raw,272.5
197.31,117.93,89.99,M,Wraps,242.67
140.61,74.84,83.91,M,Single-ply,156.49
156.49,92.99,80.38,M,Single-ply,185.97
180.0,140.0,104.5,M,Single-ply,230.0
181.44,102.06,83.46,M,Single-ply,158.76
102.06,65.77,100.0,M,Raw,136.08
92.99,49.9,75.0,F,Wraps,106.59
100.0,55.0,50.8,F,Raw,155.0
137.5,80.0,78.7,M,Raw,190.0
157.5,105.0,65.23,M,Single-ply,205.0
180.0,155.0,105.8,M,Raw,230.0
192.5,160.0,75.7,M,Raw,227.5
142.5,90.0,72.57,M,Wraps,180.0
158.76,92.99,97.07,M,Single-ply,151.95
410.0,255.0,,M,Single-ply,337.5
110.0,72.5,137.4,F,Raw,142.5
102.5,60.0,55.8,F,Raw,147.5
130.0,57.5,58.9,F,Single-ply,152.5
183.7,138.35,107.95,M,Wraps,206.38
145.15,108.86,104.78,M,Single-ply,156.49
226.8,117.93,129.05,M,Single-ply,183.7
161.03,86.18,58.6,M,Single-ply,122.47
79.38,70.31,67.5,M,Raw,124.74
127.5,95.0,94.2,M,Raw,142.5
81.65,49.9,54.88,F,Wraps,102.06
157.5,115.0,84.7,M,Raw,182.5
204.12,129.27,88.45,M,Single-ply,206.38
165.0,112.5,79.8,M,Raw,220.0
205.0,135.0,81.4,M,Raw,230.0
170.0,167.5,88.8,M,Raw,230.0
156.49,106.59,124.01,M,Single-ply,165.56
167.83,99.79,83.05,M,Single-ply,195.04
120.0,72.5,53.89,F,Single-ply,125.0
215.46,108.86,140.93,M,Single-ply,183.7
120.0,57.5,46.59,F,Raw,127.5
192.5,115.0,87.3,M,Raw,210.0
227.5,152.5,85.9,M,Raw,305.0
122.47,65.77,55.79,M,Single-ply,142.88
95.0,55.0,61.3,F,Raw,105.0
110.0,60.0,74.7,F,Raw,140.0
158.76,104.33,88.22,M,Single-ply,163.29
255.0,197.5,109.59,M,Wraps,332.5
117.93,83.91,50.53,M,Single-ply,142.88
315.0,210.0,122.7,M,Wraps,320.0
135.0,110.0,71.5,F,Wraps,160.0
222.5,132.5,79.6,M,Raw,232.5
285.0,207.5,82.4,M,Single-ply,267.5
140.0,110.0,74.0,M,Raw,200.0
255.0,155.0,105.0,M,Raw,240.0
200.0,127.5,65.0,M,Single-ply,192.5
163.29,88.45,79.83,M,Single-ply,215.46
130.0,47.5,62.25,F,Single-ply,120.0
177.5,90.0,77.8,M,Raw,180.0
197.5,125.0,87.9,M,Raw,215.0
320.0,175.0,110.0,M,Single-ply,320.0
180.0,115.0,74.95,M,Raw,205.0
102.5,57.5,47.6,F,Raw,132.5
105.0,52.5,59.1,F,Raw,107.5
170.0,140.0,89.3,M,Raw,230.0
222.5,127.5,89.8,M,Wraps,245.0
244.94,172.37,107.68,M,Single-ply,199.58
150.0,65.0,59.4,F,Single-ply,147.5
117.5,78.5,49.35,F,Wraps,125.0
95.0,47.5,78.0,F,Raw,100.0
92.99,47.63,59.87,F,Raw,120.2
97.5,67.5,57.6,M,Raw,107.5
163.3,70.3,59.6,M,Single-ply,183.7
152.5,92.5,57.4,M,Raw,170.0
117.93,63.5,67.5,F,Wraps,142.88
180.0,120.0,91.3,M,Raw,175.0
192.78,136.08,124.38,M,Wraps,231.33
142.5,105.0,117.7,M,Wraps,177.5
87.5,47.5,53.57,F,Raw,110.0
217.5,142.5,134.0,M,Wraps,232.5
197.5,130.0,82.9,M,Raw,235.0
87.5,50.0,51.7,M,Single-ply,90.0
277.5,177.5,98.3,M,Wraps,282.5
197.5,130.0,68.75,M,Raw,210.0
260.0,175.0,102.3,M,Raw,265.0
90.0,52.5,56.9,M,Raw,112.5
237.5,142.5,112.7,M,Raw,255.0
227.5,160.0,107.0,M,Raw,245.0
177.5,115.0,88.0,M,Raw,225.0
25.0,60.0,72.9,F,Raw,115.0
285.0,185.0,154.3,M,Raw,252.5
52.5,40.0,103.1,F,Raw,97.5
207.5,120.0,67.4,M,Wraps,250.0
161.03,102.06,87.27,M,Single-ply,181.44
240.4,131.54,123.74,M,Single-ply,222.26
65.0,45.0,48.0,F,Raw,113.0
138.35,61.23,82.5,M,Raw,172.37
182.5,115.0,80.2,M,Raw,240.0
317.51,158.76,89.45,M,Multi-ply,317.51
187.5,110.0,59.0,M,Single-ply,202.5
242.5,135.0,82.5,M,Single-ply,260.0
92.5,45.0,73.3,F,Raw,112.5
158.76,120.2,108.41,M,Single-ply,181.44
120.2,61.23,67.13,F,Wraps,129.27
288.03,136.08,90.0,M,Wraps,265.35
167.5,87.5,78.3,M,Raw,205.0
213.19,111.13,77.16,M,Single-ply,213.19
132.5,92.5,61.28,M,Raw,185.0
105.0,55.0,86.5,F,Raw,132.5
113.4,83.91,90.0,M,Multi-ply,113.4
250.0,167.5,88.2,M,Raw,230.0
200.0,112.5,81.7,M,Single-ply,217.5
130.0,82.5,100.0,F,Raw,145.0
110.0,62.5,67.9,F,Raw,125.0
170.0,115.0,99.55,M,Raw,192.5
342.46,240.4,109.77,M,Multi-ply,274.42
124.74,65.77,67.5,F,Wraps,129.27
240.0,132.5,104.3,M,Single-ply,227.5
197.31,74.84,115.03,M,Single-ply,179.17
85.0,42.5,81.2,F,Wraps,87.5
80.0,55.0,56.88,F,Raw,100.0
155.0,67.5,87.63,M,Wraps,157.5
288.03,165.56,102.74,M,Wraps,238.14
81.65,43.09,77.38,M,Single-ply,102.06
145.15,136.08,95.62,M,Wraps,154.22
167.5,102.5,64.2,M,Raw,215.0
140.61,129.27,88.18,M,Wraps,210.92
75.0,55.0,68.8,F,Raw,127.5
154.22,90.72,74.84,M,Single-ply,136.08
182.5,132.5,104.9,M,Wraps,215.0
122.47,92.99,83.82,M,Single-ply,131.54
165.56,129.27,86.36,M,Raw,188.24
408.23,290.3,145.15,M,Multi-ply,256.28
238.14,115.67,98.88,M,Single-ply,226.8
75.0,45.0,61.9,F,Raw,120.0
150.0,110.0,75.0,M,Single-ply,205.0
115.0,102.5,102.4,M,Raw,172.5
195.0,125.0,89.54,M,Wraps,227.5
192.5,125.0,67.5,M,Wraps,207.5
170.0,90.0,67.5,M,Raw,190.0
150.0,159.98,127.46,M,Wraps,199.99
107.5,82.5,89.4,F,Wraps,125.0
205.0,145.0,102.0,M,Raw,260.0
136.08,83.91,80.2,M,Single-ply,142.88
410.0,272.5,107.32,M,Multi-ply,320.0
292.5,195.0,96.52,M,Wraps,280.0
185.0,117.5,74.5,M,Single-ply,207.5
106.59,63.5,50.71,M,Single-ply,120.2
192.5,87.5,107.0,M,Raw,227.5
142.5,72.5,68.22,F,Raw,145.0
192.78,92.99,71.4,M,Single-ply,197.31
151.95,102.06,74.84,M,Single-ply,165.56
215.0,140.0,87.86,M,Wraps,237.5
330.0,155.0,136.9,M,Wraps,302.5
197.31,142.88,104.33,M,Wraps,233.6
115.67,70.31,82.1,M,Single-ply,129.27
249.48,181.44,125.01,M,Single-ply,206.38
258.55,154.22,123.56,M,Single-ply,229.06
185.0,173.0,73.82,M,Raw,242.5
100.0,47.5,82.1,F,Raw,132.5
172.5,122.5,66.9,M,Wraps,155.0
250.0,175.0,100.1,M,Raw,280.0
233.6,165.56,89.81,M,Wraps,226.8
176.9,99.79,97.79,M,Single-ply,158.76
82.5,52.5,49.9,F,Single-ply,85.0
380.0,215.0,125.0,M,Single-ply,365.0
230.0,150.0,104.5,M,Single-ply,280.0
222.26,122.47,92.35,M,Single-ply,208.65
258.55,172.37,169.01,M,Single-ply,213.19
136.08,74.84,93.03,M,Single-ply,151.95
122.5,47.5,71.1,F,Raw,120.0
232.5,155.0,100.0,M,Single-ply,262.5
317.51,142.88,108.41,M,Single-ply,260.82
110.0,75.0,64.9,M,Single-ply,150.0
170.1,129.27,74.3,M,Raw,215.46
138.35,86.18,79.83,M,Single-ply,142.88
150.0,127.5,72.7,M,Single-ply,170.0
105.0,60.0,62.25,F,Raw,130.0
105.0,95.0,82.28,M,Raw,157.5
240.0,182.5,123.83,M,Single-ply,227.5
142.5,85.0,78.4,M,Raw,140.0
225.0,147.5,104.5,M,Single-ply,230.0
230.0,132.5,116.35,M,Raw,250.0
342.5,167.5,110.0,M,Single-ply,292.5
272.16,172.37,86.91,M,Single-ply,238.14
95.25,65.77,102.33,F,Raw,142.88
80.0,42.5,60.2,F,Single-ply,85.0
77.1,34.0,58.6,F,Single-ply,97.5
185.0,140.0,98.6,M,Raw,235.0
215.0,122.5,75.0,M,Raw,227.5
82.5,60.0,68.2,F,Raw,110.0
142.5,145.0,85.96,M,Wraps,185.0
204.12,127.01,77.38,M,Single-ply,190.51
195.0,142.5,96.39,M,Wraps,240.0
145.15,83.91,113.85,M,Single-ply,158.76
172.5,112.5,78.34,M,Wraps,170.0
227.5,165.0,91.9,M,Raw,267.5
127.5,145.0,97.0,M,Single-ply,182.5
197.5,145.0,99.3,M,Single-ply,210.0
110.0,67.5,66.25,F,Raw,167.5
140.0,100.0,82.5,F,Single-ply,160.0
142.88,88.45,79.92,M,Single-ply,165.56
130.0,62.5,62.6,F,Raw,145.0
210.92,115.67,104.78,M,Wraps,249.48
142.5,90.0,116.0,M,Single-ply,180.0
238.14,131.54,166.74,M,Wraps,229.06
100.0,52.5,58.5,F,Raw,115.0
127.5,70.0,67.05,F,Raw,157.5
170.0,130.0,84.4,M,Wraps,175.0
115.67,79.38,66.68,M,Single-ply,138.35
195.0,137.5,73.4,M,Single-ply,220.0
224.53,120.2,99.11,M,Single-ply,265.35
170.1,102.06,78.02,M,Single-ply,140.61
130.0,120.0,101.9,M,Raw,210.0
170.1,124.74,74.3,M,Wraps,183.7
220.0,155.0,101.9,M,Raw,245.0
204.12,142.88,109.5,M,Single-ply,213.19
62.5,32.5,75.25,F,Raw,87.5
137.5,62.5,87.0,F,Wraps,147.5
138.35,92.99,138.35,M,Single-ply,165.56
226.8,115.67,77.56,M,Single-ply,195.04
319.78,163.29,99.7,M,Single-ply,272.16
160.0,117.5,70.55,M,Raw,192.5
165.0,107.5,71.5,M,Raw,217.5
365.0,280.0,119.2,M,Single-ply,307.5
160.0,85.0,82.5,F,Wraps,172.5
157.5,112.5,90.7,M,Raw,205.0
117.5,62.5,72.25,F,Raw,152.5
182.5,75.0,81.9,F,Raw,185.0
137.5,125.0,91.1,M,Raw,167.5
227.5,142.5,100.6,M,Raw,250.0
167.5,105.0,95.7,M,Raw,212.5
110.0,60.0,61.95,F,Raw,150.0
176.9,115.67,120.29,M,Single-ply,181.44
131.54,70.31,86.64,M,Single-ply,124.74
230.0,165.0,118.6,M,Raw,262.5
280.0,240.0,90.5,M,Single-ply,230.0
142.5,82.5,80.1,F,Single-ply,127.5
105.0,57.5,80.0,F,Raw,120.0
133.81,104.33,58.33,M,Single-ply,163.29
229.97,114.99,89.27,M,Single-ply,209.9
280.0,205.0,73.6,M,Single-ply,255.0
230.0,171.0,81.29,M,Raw,252.5
131.54,65.77,48.81,M,Single-ply,145.15
130.0,77.5,59.5,M,Single-ply,170.0
115.67,81.65,57.97,M,Single-ply,138.35
152.5,112.5,78.5,M,Raw,182.5
300.0,197.5,132.2,M,Raw,295.0
256.28,158.76,100.0,M,Wraps,238.14
70.0,52.5,65.5,F,Raw,102.5
132.5,62.5,59.3,F,Raw,130.0
117.5,65.0,56.6,F,Raw,120.0
117.5,65.0,77.1,F,Raw,155.0
265.0,172.5,131.0,M,Wraps,297.5
254.01,147.42,116.75,M,Single-ply,195.04
255.0,180.0,118.4,M,Raw,302.5
182.5,102.5,149.8,M,Raw,207.5
99.79,77.11,59.51,M,Single-ply,113.4
175.0,85.0,122.0,F,Raw,190.0
142.5,72.5,81.5,F,Single-ply,170.0
300.0,215.0,88.2,M,Multi-ply,240.0
92.5,52.5,74.8,F,Raw,110.0
107.5,60.0,58.5,F,Raw,117.5
100.0,60.0,78.5,F,Raw,117.5
110.0,67.5,51.36,F,Raw,160.0
110.0,52.5,52.0,F,Single-ply,115.0
88.45,54.43,90.0,F,Wraps,102.06
90.7,59.0,51.7,M,Single-ply,136.1
127.5,80.0,73.7,F,Raw,132.5
210.0,167.5,134.0,M,Raw,200.0
192.78,170.1,109.41,M,Wraps,233.6
215.0,80.0,99.0,M,Raw,250.0
157.5,102.5,58.65,M,Raw,187.5
208.65,138.35,98.16,M,Raw,233.6
255.0,180.0,91.91,M,Raw,277.5
265.0,182.5,99.5,M,Wraps,260.0
201.85,117.93,74.8,M,Single-ply,215.46
150.14,107.5,74.12,M,Wraps,202.3
222.5,152.5,135.62,M,Wraps,250.0
138.35,106.59,76.48,M,Single-ply,140.61
165.0,87.5,61.8,F,Single-ply,162.5
55.0,37.5,51.24,F,Raw,67.5
185.0,145.0,89.9,M,Single-ply,210.0
230.0,165.0,98.2,M,Raw,245.0
127.5,60.0,65.1,F,Single-ply,137.5
160.0,132.5,94.6,M,Single-ply,200.0
140.0,85.0,73.8,M,Single-ply,220.0
217.5,125.0,82.1,M,Raw,247.5
180.0,112.5,78.4,M,Raw,187.5
210.0,120.0,82.1,M,Raw,237.5
113.4,70.3,,M,Single-ply,138.3
199.58,111.13,75.0,M,Single-ply,188.24
102.5,55.0,76.9,F,Raw,105.0
230.0,120.0,90.0,M,Single-ply,227.5
202.5,132.5,73.6,M,Raw,242.5
140.0,72.5,83.9,F,Raw,160.0
170.0,100.0,65.4,M,Raw,180.0
204.12,95.25,114.58,M,Single-ply,197.31
212.5,137.5,96.3,M,Raw,272.5
245.0,152.5,83.19,M,Raw,250.0
140.0,120.0,72.2,M,Single-ply,190.0
142.88,79.38,55.79,M,Single-ply,149.69
82.5,57.5,59.56,F,Raw,110.0
162.5,95.0,73.3,M,Single-ply,187.5
110.5,47.5,58.69,F,Raw,122.5
106.59,68.04,54.43,M,Single-ply,151.95
250.0,205.0,135.62,M,Wraps,287.5
215.0,117.5,63.96,M,Single-ply,227.5
217.5,170.0,80.92,M,Single-ply,205.0
100.0,65.0,67.5,F,Single-ply,117.5
102.5,72.5,78.8,F,Raw,110.0
224.53,127.01,124.65,M,Single-ply,222.26
170.0,102.5,84.0,M,Raw,200.0
145.0,125.0,92.3,M,Raw,167.5
190.0,130.0,97.6,M,Raw,232.5
102.5,60.0,51.85,F,Raw,122.5
111.13,61.23,67.68,M,Single-ply,142.88
290.0,167.5,65.62,M,Single-ply,315.0
167.5,112.5,82.8,M,Raw,245.0
230.0,150.0,111.7,M,Single-ply,240.0
185.0,150.0,100.7,M,Raw,185.0
137.5,112.5,70.7,M,Raw,187.5
120.0,45.0,73.1,F,Single-ply,102.5
200.0,165.0,89.7,M,Raw,262.5
157.5,130.0,82.2,M,Raw,205.5
272.5,170.0,73.28,M,Single-ply,250.0
140.0,85.0,52.0,M,Single-ply,162.5
210.0,155.0,82.6,M,Raw,235.0
317.51,192.78,118.39,M,Wraps,292.57
207.5,135.0,72.4,M,Single-ply,227.5
255.0,167.5,89.99,M,Raw,257.5
232.5,152.5,78.68,M,Single-ply,262.5
83.9,45.4,58.83,F,Single-ply,120.2
185.0,92.5,145.0,F,Raw,227.5
77.11,52.16,62.69,F,Raw,120.2
247.66,160.12,117.03,M,Wraps,262.18
310.0,192.5,89.9,M,Wraps,265.0
180.0,160.0,99.0,M,Raw,260.0
122.5,80.0,67.4,F,Raw,135.0
130.0,82.5,75.07,M,Single-ply,165.0
200.0,147.5,61.7,M,Wraps,232.5
180.0,105.0,100.5,M,Raw,230.0
310.71,197.31,81.74,M,Wraps,260.82
125.0,75.0,69.2,F,Raw,130.0
97.5,52.5,65.1,F,Wraps,122.5
192.78,138.35,88.99,M,Wraps,244.94
255.0,172.5,80.5,M,Raw,267.5
160.0,92.5,78.7,M,Raw,225.0
187.5,130.0,91.9,M,Raw,257.5
220.0,120.0,90.3,M,Raw,245.0
213.19,163.29,87.18,M,Wraps,276.69
250.0,152.5,89.05,M,Raw,305.0
157.5,102.5,74.2,M,Single-ply,100.0
310.71,145.15,134.81,M,Single-ply,235.87
182.5,132.5,73.5,M,Raw,217.5
220.0,140.0,98.8,M,Raw,250.0
200.0,117.5,91.5,M,Raw,217.5
140.0,87.5,63.87,M,Raw,167.5
210.92,167.83,96.16,M,Wraps,272.16
120.0,70.0,67.2,F,Raw,130.0
150.0,122.5,80.35,M,Raw,182.5
172.37,108.86,83.19,M,Single-ply,176.9
185.0,105.0,103.9,M,Raw,175.0
151.95,83.91,73.39,M,Single-ply,165.56
107.5,60.0,61.4,F,Raw,97.5
150.0,87.5,78.45,M,Raw,200.0
158.76,129.27,73.66,M,Wraps,204.12
105.0,67.5,71.15,F,Raw,142.5
165.0,102.5,80.8,F,Raw,202.5
151.95,68.04,92.62,M,Single-ply,149.69
195.0,100.0,72.95,M,Wraps,200.0
165.0,120.0,86.9,M,Raw,230.0
60.0,42.5,70.0,F,Raw,102.5
165.0,125.0,58.6,M,Raw,200.0
149.69,90.72,98.88,M,Single-ply,197.31
256.28,170.1,146.51,M,Wraps,272.16
208.65,136.08,112.94,M,Single-ply,192.78
125.0,70.0,82.72,F,Raw,150.0
240.0,155.0,73.6,M,Single-ply,247.5
95.0,62.5,76.6,F,Raw,140.0
197.5,120.0,89.9,M,Wraps,250.0
120.0,65.0,63.0,F,Raw,127.5
207.5,117.5,67.5,M,Raw,260.0
147.5,95.0,90.4,M,Raw,167.5
145.0,90.0,71.67,M,Raw,152.5
217.5,132.5,92.2,M,Single-ply,230.0
317.51,154.22,148.51,M,Single-ply,208.65
270.0,190.0,109.1,M,Wraps,295.0
250.0,155.0,90.0,M,Wraps,275.0
145.15,83.91,58.69,M,Single-ply,161.03
182.5,127.5,98.2,M,Wraps,182.5
160.0,127.5,87.9,M,Raw,200.0
170.0,122.5,65.09,M,Raw,235.0
240.0,137.5,99.3,M,Raw,272.5
80.0,55.0,56.4,F,Raw,105.0
272.16,151.95,122.47,M,Multi-ply,260.82
277.5,235.0,90.0,M,Single-ply,280.0
212.5,182.5,67.0,M,Single-ply,217.5
105.0,57.5,83.2,F,Raw,137.5
52.16,34.02,44.36,M,Single-ply,74.84
200.0,120.0,93.0,M,Single-ply,205.0
106.59,61.23,63.78,M,Single-ply,147.42
260.0,165.0,93.4,M,Single-ply,342.5
90.0,47.5,74.0,F,Raw,105.0
180.0,120.0,83.0,M,Raw,227.5
65.0,85.0,88.8,F,Raw,125.0
155.0,75.0,70.3,F,Single-ply,137.5
229.06,149.69,108.68,M,Wraps,263.08
154.2,77.1,58.0,M,Single-ply,174.6
115.67,63.5,64.68,M,Single-ply,131.54
142.5,97.5,69.6,M,Raw,167.5
242.5,165.0,125.7,M,Raw,265.0
160.0,112.5,66.3,M,Raw,240.0
90.0,40.0,91.7,F,Raw,120.0
260.0,187.5,98.9,M,Raw,280.0
210.0,170.0,130.2,M,Raw,240.0
62.5,52.5,72.2,M,Raw,97.5
165.0,90.0,63.7,M,Raw,180.0
227.5,137.5,73.3,M,Raw,247.5
97.5,50.0,108.3,F,Wraps,112.5
165.0,120.0,95.6,M,Raw,162.5
112.5,57.5,55.75,F,Raw,122.5
175.0,102.5,88.8,M,Raw,172.5
172.37,97.52,59.06,M,Single-ply,142.88
205.0,147.5,74.4,M,Single-ply,272.5
124.7,49.9,79.61,F,Single-ply,149.7
233.6,117.93,123.38,M,Single-ply,226.8
172.5,102.5,81.3,M,Raw,185.0
230.0,182.5,89.81,M,Raw,282.5
157.5,87.5,73.3,F,Wraps,165.0
160.0,102.5,107.0,M,Wraps,210.0
207.5,170.0,81.9,M,Raw,250.0
117.5,62.5,75.0,F,Single-ply,152.5
200.0,160.0,81.46,M,Single-ply,225.0
172.5,110.0,84.0,M,Raw,212.5
90.72,58.97,92.62,F,Wraps,131.54
190.0,152.5,76.6,M,Single-ply,212.5
125.0,57.5,85.6,F,Raw,130.0
197.31,149.69,89.63,M,Raw,242.67
102.06,79.38,75.66,M,Single-ply,111.13
187.5,107.5,85.65,M,Raw,190.0
155.0,92.5,82.0,M,Raw,200.0
254.01,133.81,111.22,M,Single-ply,238.14
180.0,120.0,82.1,M,Raw,195.0
92.5,50.0,88.27,F,Wraps,97.5
55.0,35.0,75.7,F,Raw,92.5
125.0,85.0,127.73,F,Wraps,150.0
145.0,65.0,71.85,F,Single-ply,132.5
136.08,74.84,67.59,M,Single-ply,181.44
205.0,150.0,101.8,M,Raw,255.0
177.5,142.5,84.4,M,Wraps,192.5
92.5,42.5,55.5,F,Raw,115.0
315.0,190.0,,M,Single-ply,335.0
183.7,129.3,108.0,M,Raw,226.8
260.0,175.0,119.55,M,Raw,275.0
192.5,132.5,76.05,M,Raw,265.0
319.78,240.4,123.56,M,Multi-ply,276.69
181.44,106.59,74.84,F,Wraps,165.56
100.0,50.0,71.2,F,Raw,140.0
270.0,170.0,108.8,M,Single-ply,282.5
120.0,140.0,115.0,M,Raw,220.0
174.63,97.52,85.55,M,Single-ply,174.63
245.0,145.0,93.0,M,Single-ply,240.0
227.5,125.0,60.0,M,Wraps,275.0
226.0,150.0,74.8,M,Single-ply,225.0
92.5,52.5,61.6,F,Raw,122.5
154.22,102.06,51.71,M,Single-ply,183.7
237.5,160.0,76.0,M,Wraps,272.5
294.84,197.31,124.1,M,Wraps,317.51
297.5,205.0,108.0,M,Wraps,365.0
175.0,90.0,95.8,F,Single-ply,157.5
222.5,132.5,74.05,M,Wraps,240.0
167.83,106.59,114.31,M,Single-ply,181.44
160.0,92.5,65.7,M,Raw,175.0
56.7,43.09,92.53,M,Single-ply,54.43
175.0,127.5,67.2,M,Raw,170.0
142.88,129.27,113.76,M,Single-ply,158.76
142.88,72.57,84.55,M,Single-ply,142.88
195.04,149.69,98.97,M,Wraps,254.01
133.81,133.81,88.0,M,Wraps,188.24
65.0,37.5,64.4,F,Raw,102.5
205.0,125.0,83.6,M,Raw,237.5
182.5,127.5,89.55,M,Wraps,185.0
142.5,125.0,102.9,M,Single-ply,210.0
272.5,162.5,93.89,M,Single-ply,262.5
185.0,130.0,69.6,F,Single-ply,200.0
142.5,97.5,80.9,M,Raw,147.5
190.0,112.5,81.7,M,Raw,225.0
233.6,136.08,95.07,M,Single-ply,215.46
75.0,58.0,72.0,F,Raw,115.0
182.5,132.5,82.5,M,Raw,235.0
102.5,72.5,65.8,M,Raw,137.5
85.0,45.0,66.12,F,Raw,90.0
135.0,85.0,65.5,M,Single-ply,175.0
226.8,154.22,98.43,M,Wraps,254.01
117.5,75.0,73.7,F,Raw,162.5
292.5,160.0,73.3,M,Single-ply,265.0
230.0,127.5,97.43,M,Raw,252.5
87.5,60.0,59.2,M,Raw,115.0
151.95,83.91,72.67,M,Single-ply,147.42
200.0,142.5,99.1,M,Single-ply,212.5
453.59,340.19,99.84,M,Multi-ply,340.19
92.5,67.5,54.79,F,Raw,142.5
257.5,167.5,80.5,M,Single-ply,250.0
120.0,67.5,61.5,F,Raw,145.0
107.5,80.0,78.3,F,Raw,185.0
140.0,105.0,88.4,M,Single-ply,160.0
205.0,175.0,104.3,M,Raw,210.0
267.5,172.5,110.6,M,Single-ply,262.5
110.0,60.0,51.0,F,Single-ply,110.0
245.0,185.0,92.7,M,Raw,305.0
183.7,113.4,72.85,M,Wraps,215.46
160.0,160.0,107.3,F,Single-ply,145.0
232.5,175.0,82.6,M,Raw,280.0
92.5,50.0,66.8,F,Raw,117.5
150.0,62.5,62.2,F,Raw,160.0
210.0,160.0,92.85,M,Raw,255.0
95.25,72.57,63.23,M,Single-ply,106.59
260.0,192.5,137.1,M,Wraps,250.0
213.19,127.01,98.79,M,Single-ply,195.04
410.0,312.5,161.3,M,Single-ply,363.0
220.0,160.0,108.95,M,Wraps,250.0
352.5,197.5,121.38,M,Wraps,357.5
200.0,110.0,88.65,M,Raw,215.0
170.0,127.5,72.6,M,Raw,207.5
277.5,180.0,81.9,M,Raw,287.5
158.0,88.0,71.35,F,Raw,173.0
158.76,99.79,62.32,M,Single-ply,181.44
151.95,74.84,,F,Wraps,158.76
132.5,77.5,65.0,M,Wraps,132.5
199.58,95.25,71.49,M,Wraps,238.14
175.0,107.5,100.5,M,Raw,182.5
200.0,135.0,87.8,M,Single-ply,230.0
367.5,275.01,123.2,M,Multi-ply,227.52
155.0,80.0,63.68,F,Single-ply,157.5
229.06,172.37,80.0,M,Wraps,190.51
317.51,215.46,82.19,M,Multi-ply,256.28
249.48,142.88,140.16,M,Single-ply,226.8
70.31,47.63,65.32,F,Raw,117.93
170.0,135.0,91.5,M,Raw,240.0
215.0,132.5,93.7,M,Raw,250.0
115.67,104.33,80.47,M,Raw,204.12
165.0,95.0,81.19,M,Raw,190.0
130.0,87.5,74.0,M,Raw,145.0
80.0,52.5,52.0,F,Raw,95.0
240.4,158.76,94.44,M,Wraps,267.62
170.1,106.59,78.47,M,Wraps,206.38
199.58,129.27,113.85,M,Wraps,213.19
160.0,157.5,109.32,M,Single-ply,250.0
272.16,206.38,138.62,M,Raw,299.37
204.12,138.35,98.7,M,Single-ply,233.6
188.24,136.08,101.51,M,Single-ply,170.1
251.74,151.95,115.94,M,Wraps,297.1
112.5,127.5,97.8,M,Raw,167.5
165.56,95.25,74.75,F,Wraps,183.7
180.0,77.5,56.0,F,Single-ply,165.0
102.1,68.0,61.23,M,Raw,149.7
180.0,152.5,122.8,M,Raw,230.0
120.0,100.0,84.1,M,Single-ply,150.0
176.9,106.59,75.0,M,Wraps,183.7
102.5,52.5,70.1,F,Raw,110.0
158.76,102.06,80.83,M,Single-ply,158.76
252.5,152.5,119.05,M,Raw,272.5
115.0,60.0,61.2,F,Raw,135.0
212.5,125.0,73.5,M,Raw,245.0
102.06,83.91,70.49,M,Wraps,199.58
282.5,162.5,90.0,M,Single-ply,260.0
165.56,92.99,110.68,M,Single-ply,158.76
72.57,68.04,90.45,F,Raw,97.52
136.08,72.57,63.05,M,Single-ply,163.29
154.22,85.05,88.63,F,Wraps,154.22
187.5,120.0,96.98,M,Wraps,237.5
86.2,40.8,55.8,F,Single-ply,93.0
161.03,83.91,73.48,M,Single-ply,204.12
227.5,142.5,97.4,M,Raw,242.5
115.0,55.0,46.1,F,Single-ply,117.5
305.0,220.0,122.8,M,Single-ply,322.5
151.95,97.52,73.75,M,Raw,215.46
180.0,85.0,81.1,M,Single-ply,190.0
215.46,120.2,110.59,M,Single-ply,219.99
275.0,172.5,132.7,M,Raw,300.0
226.8,117.93,111.4,M,Single-ply,217.72
185.0,102.5,73.7,M,Single-ply,200.0
188.24,124.74,100.0,M,Raw,183.7
187.5,145.0,87.54,M,Wraps,227.5
226.8,170.1,89.45,M,Wraps,215.46
135.0,82.5,80.5,F,Single-ply,92.5
330.0,230.0,115.0,M,Single-ply,320.0
152.5,60.0,68.7,F,Single-ply,137.5
305.0,197.5,73.77,M,Single-ply,312.5
162.5,72.5,71.6,F,Raw,165.0
117.5,95.0,74.84,F,Wraps,162.5
205.0,140.0,95.6,M,Wraps,245.0
77.5,52.5,67.4,F,Raw,87.5
100.0,67.5,51.5,F,Raw,122.5
272.5,177.5,99.1,M,Raw,277.5
167.83,106.59,107.95,F,Wraps,183.7
135.0,85.0,74.2,M,Raw,185.0
154.22,120.2,65.86,M,Single-ply,181.44
111.13,86.18,109.77,M,Single-ply,136.08
295.0,205.0,89.91,M,Single-ply,305.0
142.88,95.25,78.83,M,Single-ply,190.51
92.5,57.5,56.47,F,Single-ply,107.5
275.0,200.0,107.6,M,Wraps,260.0
167.5,100.0,72.0,M,Raw,210.0
175.0,105.0,88.4,M,Raw,220.0
182.5,120.0,85.0,M,Single-ply,202.5
190.51,120.2,86.27,M,Single-ply,199.58
220.0,120.0,94.8,M,Single-ply,232.5
138.4,70.3,80.1,F,Raw,156.5
175.0,100.0,81.8,M,Single-ply,100.0
160.0,130.0,121.1,M,Raw,210.0
262.5,157.5,116.7,M,Raw,240.0
204.12,204.12,87.45,M,Raw,204.12
238.14,111.13,92.99,M,Single-ply,210.92
234.0,150.0,122.2,M,Single-ply,189.0
232.5,137.5,82.8,M,Raw,220.0
182.5,105.0,90.99,M,Wraps,192.5
83.91,56.7,57.61,M,Single-ply,95.25
310.71,201.85,131.09,M,Raw,303.91
249.48,176.9,143.7,M,Raw,292.57
105.0,60.0,78.28,F,Raw,120.0
156.49,61.23,120.84,M,Single-ply,145.15
217.72,124.74,73.84,M,Single-ply,217.72
215.46,136.08,108.41,M,Raw,215.46
132.5,85.0,71.69,F,Raw,162.5
147.5,100.0,94.9,M,Raw,200.0
86.18,63.5,50.62,M,Single-ply,111.13
247.5,132.5,110.4,M,Single-ply,275.0
200.0,115.0,79.97,M,Raw,227.5
170.0,127.5,79.7,M,Wraps,220.0
110.0,70.0,50.3,F,Raw,140.0
160.0,117.5,99.7,M,Wraps,190.0
152.5,92.5,71.25,M,Raw,170.0
277.5,142.5,81.19,M,Wraps,240.0
92.5,70.0,67.0,F,Raw,137.5
247.5,175.0,122.5,M,Raw,240.0
206.38,145.15,79.29,M,Wraps,226.8
230.0,147.5,117.9,M,Raw,227.5
202.5,110.0,80.1,M,Wraps,232.5
151.95,97.52,64.14,M,Single-ply,149.69
185.0,122.5,81.5,M,Raw,252.5
222.26,154.22,102.6,M,Single-ply,226.8
72.57,65.77,115.35,M,Single-ply,104.33
272.5,200.0,110.0,M,Single-ply,275.0
132.5,77.5,47.7,F,Single-ply,135.0
210.0,150.0,119.6,M,Raw,247.5
170.0,82.5,73.8,M,Single-ply,177.5
165.0,112.5,72.4,M,Raw,205.0
140.0,80.0,67.7,F,Raw,187.5
160.0,110.0,79.6,M,Raw,202.5
195.04,108.86,95.44,M,Single-ply,174.63
120.0,65.0,85.28,M,Raw,120.0
242.67,145.15,124.74,M,Single-ply,222.26
124.74,68.04,54.88,M,Single-ply,136.08
183.7,131.54,78.47,M,Wraps,217.72
65.0,30.0,61.1,F,Raw,82.5
295.0,160.0,108.7,M,Single-ply,320.0
111.13,52.16,67.86,F,Wraps,111.13
197.5,127.5,124.3,M,Raw,235.0
222.5,140.0,72.61,M,Raw,287.5
215.46,99.79,97.07,M,Single-ply,197.31
113.4,63.5,51.53,F,Raw,129.27
217.5,127.5,91.7,M,Raw,255.0
337.5,167.5,89.45,M,Wraps,290.0
217.5,145.0,82.1,M,Raw,275.0
100.0,55.0,74.8,F,Raw,137.5
151.95,111.13,80.38,M,Single-ply,185.97
130.0,72.5,64.1,M,Raw,165.0
142.88,124.74,72.48,M,Wraps,174.63
140.61,70.31,86.18,M,Single-ply,149.69
117.93,68.04,72.57,M,Single-ply,142.88
185.0,137.5,104.33,M,Wraps,195.0
255.0,185.0,103.5,M,Raw,282.5
136.08,86.18,70.85,F,Wraps,167.83
142.5,87.5,111.75,M,Raw,187.5
220.0,150.0,105.23,M,Raw,245.0
200.0,125.0,74.98,M,Raw,205.0
167.5,135.0,113.6,M,Raw,227.5
160.0,115.0,73.3,F,Wraps,177.5
222.5,155.0,92.85,M,Raw,250.0
207.5,155.0,82.1,M,Raw,260.0
172.5,85.0,85.1,M,Raw,187.5
115.0,85.0,81.8,M,Raw,135.0
180.0,87.5,67.4,M,Raw,195.0
215.46,129.27,77.79,M,Single-ply,190.51
285.0,192.5,102.7,M,Single-ply,267.5
140.0,105.0,77.05,M,Raw,210.0
110.0,62.5,55.3,F,Raw,137.5
205.0,147.5,72.9,M,Wraps,235.0
167.83,104.33,66.5,M,Single-ply,188.24
99.9,74.96,58.97,M,Single-ply,117.48
265.35,161.03,99.97,M,Wraps,258.55
245.0,137.5,117.3,M,Raw,280.0
227.5,155.0,102.4,M,Raw,247.5
102.5,55.0,59.6,F,Wraps,95.0
219.99,113.4,73.66,M,Single-ply,161.03
108.86,56.7,55.97,M,Single-ply,140.61
106.59,65.77,59.56,M,Single-ply,127.01
110.0,55.0,78.2,F,Raw,145.0
111.13,70.31,59.38,M,Single-ply,129.27
97.5,42.5,52.53,F,Wraps,127.5
87.5,90.0,67.77,M,Raw,122.5
135.0,60.0,81.5,F,Raw,137.5
38.56,83.91,79.92,M,Wraps,238.14
158.76,95.25,63.87,M,Single-ply,165.56
226.8,136.08,93.89,M,Single-ply,210.92
245.0,145.0,101.9,M,Raw,282.5
172.37,99.79,81.15,M,Single-ply,206.38
175.0,112.5,82.5,M,Single-ply,202.5
135.0,80.0,51.35,F,Single-ply,150.0
112.5,75.0,74.4,F,Raw,172.5
300.0,215.0,138.1,M,Raw,325.0
125.0,85.0,63.5,M,Single-ply,137.5
182.5,137.5,101.7,M,Raw,245.0
130.0,165.0,108.1,M,Single-ply,240.0
95.0,47.5,71.1,F,Raw,127.5
137.5,87.5,89.8,M,Raw,137.5
151.95,88.45,97.34,M,Single-ply,147.42
97.5,42.5,50.7,F,Single-ply,117.5
100.0,40.0,57.8,F,Single-ply,90.0
161.03,88.45,70.31,M,Single-ply,151.95
165.0,110.0,73.3,M,Raw,187.5
167.5,120.0,121.4,M,Raw,212.5
132.5,57.5,62.1,F,Raw,150.0
220.0,145.0,79.3,F,Wraps,220.0
142.5,75.0,64.68,F,Raw,152.5
192.5,112.5,90.9,M,Raw,227.5
212.5,120.0,91.9,M,Raw,222.5
120.0,20.0,62.6,F,Single-ply,122.5
192.5,135.0,91.0,M,Raw,207.5
238.14,149.69,72.48,M,Single-ply,206.38
95.0,50.0,57.5,F,Wraps,125.0
117.5,52.5,51.17,F,Wraps,125.0
172.37,90.72,66.59,M,Single-ply,195.04
130.0,155.0,104.5,M,Wraps,160.0
187.5,142.5,85.7,M,Raw,205.0
244.94,167.83,109.04,M,Raw,290.3
112.5,80.0,78.7,F,Raw,157.5
181.44,88.45,88.9,M,Single-ply,156.49
130.0,65.0,57.95,F,Single-ply,137.5
351.53,301.64,154.86,M,Multi-ply,226.8
275.0,172.5,98.34,M,Single-ply,255.0
135.0,105.0,80.1,M,Raw,222.5
333.39,247.21,139.62,M,Multi-ply,251.74
105.0,47.5,60.4,F,Raw,97.5
138.35,74.84,104.33,M,Single-ply,138.35
140.0,105.0,82.5,M,Single-ply,190.0
210.0,160.0,121.81,M,Raw,272.5
102.06,79.38,94.35,M,Single-ply,129.27
232.5,182.5,120.0,M,Wraps,285.0
154.2,213.2,104.6,M,Raw,172.4
252.5,180.0,123.6,M,Single-ply,265.0
112.5,57.5,51.6,F,Raw,137.5
177.5,125.0,99.1,M,Raw,215.0
172.5,130.0,80.7,M,Raw,192.5
235.0,172.5,107.52,M,Raw,262.5
195.0,160.0,81.6,M,Wraps,235.0
111.13,83.91,77.16,M,Single-ply,145.15
185.0,87.5,53.43,M,Single-ply,167.5
217.5,160.0,81.7,M,Raw,215.0
233.6,145.15,97.98,M,Single-ply,204.12
176.9,124.7,89.8,M,Raw,220.0
250.0,130.0,118.9,M,Single-ply,275.0
79.38,47.63,66.13,F,Raw,97.52
185.0,122.5,82.1,M,Wraps,212.5
222.5,107.5,65.6,M,Single-ply,200.0
274.42,179.17,88.0,M,Single-ply,210.92
145.0,75.0,76.6,F,Raw,152.5
275.0,192.5,82.4,M,Single-ply,277.5
176.9,122.47,99.11,M,Single-ply,192.78
120.0,75.0,91.9,F,Raw,150.0
205.0,105.0,97.4,M,Raw,240.0
220.0,135.0,115.21,M,Wraps,255.0
175.0,145.0,95.7,M,Single-ply,195.0
120.2,70.31,62.28,M,Single-ply,115.67
215.0,125.0,111.5,M,Raw,227.5
172.5,122.5,74.0,M,Raw,210.0
182.5,87.5,54.8,M,Single-ply,187.5
115.67,63.5,51.53,M,Single-ply,127.01
130.0,60.0,44.0,F,Single-ply,127.5
182.5,137.5,100.5,M,Raw,232.5
137.5,87.5,68.7,M,Raw,170.0
215.0,127.5,81.3,M,Raw,232.5
185.0,125.0,66.8,M,Wraps,202.5
77.5,100.0,73.4,M,Raw,162.5
190.0,130.0,73.98,M,Raw,240.0
104.33,63.5,52.44,M,Single-ply,133.81
137.5,80.0,54.72,F,Raw,175.0
113.4,52.16,44.72,M,Single-ply,113.4
317.5,190.0,82.56,M,Single-ply,267.5
150.0,105.0,112.9,M,Raw,180.0
265.35,210.92,126.92,M,Wraps,201.85
130.0,145.0,88.81,M,Raw,160.0
107.5,62.5,56.8,F,Raw,140.0
185.0,125.0,79.4,M,Raw,210.0
110.0,82.5,73.1,M,Raw,147.5
182.5,97.5,73.75,M,Raw,237.5
250.0,180.0,122.11,M,Wraps,275.0
210.0,145.0,86.3,M,Single-ply,240.0
330.0,202.5,119.1,M,Raw,285.0
140.0,94.0,64.4,F,Raw,162.5
97.5,47.5,89.81,F,Wraps,117.5
97.5,47.5,56.1,F,Raw,145.0
195.0,132.5,51.92,F,Single-ply,185.0
102.5,62.5,59.42,F,Raw,130.0
235.87,158.76,113.94,M,Single-ply,204.12
192.5,142.5,89.09,M,Single-ply,185.0
158.76,108.86,74.84,M,Wraps,174.63
165.0,115.0,116.66,M,Wraps,182.5
142.88,83.91,95.89,M,Single-ply,183.7
152.5,112.5,80.8,M,Raw,190.0
165.56,138.35,118.93,M,Single-ply,181.44
208.65,104.33,81.96,M,Single-ply,217.72
226.8,147.42,78.38,M,Wraps,215.46
290.0,197.5,82.39,M,Single-ply,260.0
117.5,82.5,56.2,F,Single-ply,147.5
250.0,202.5,107.4,M,Multi-ply,197.5
88.45,58.97,72.39,F,Wraps,108.86
180.0,110.0,81.5,M,Raw,215.0
347.5,277.5,104.12,M,Single-ply,340.0
232.5,167.5,83.01,M,Raw,250.0
190.0,127.5,92.5,M,Raw,215.0
190.0,122.5,114.1,F,Single-ply,170.0
102.06,74.84,63.59,M,Single-ply,138.35
172.37,106.59,87.45,M,Single-ply,181.44
90.72,49.9,83.55,F,Wraps,106.59
328.85,20.41,88.45,M,Multi-ply,290.3
132.5,77.5,71.0,M,Single-ply,145.0
272.5,140.0,81.95,M,Wraps,297.5
245.0,147.5,67.44,M,Single-ply,227.5
125.0,80.0,91.7,M,Wraps,137.5
195.04,106.59,71.67,M,Single-ply,188.24
162.5,107.5,72.1,M,Raw,210.0
287.5,220.0,95.6,M,Single-ply,255.0
127.01,68.04,64.23,M,Single-ply,136.08
205.0,165.0,101.8,M,Raw,227.5
252.5,187.5,135.7,M,Single-ply,320.0
213.19,115.67,108.05,M,Wraps,233.6
158.76,102.06,106.78,M,Single-ply,172.37
192.78,106.59,97.16,M,Raw,226.8
112.5,60.0,62.45,F,Raw,165.0
115.67,70.31,72.57,M,Single-ply,147.42
156.49,83.91,73.48,M,Single-ply,151.95
155.0,82.5,59.9,F,Wraps,172.5
260.0,201.5,128.14,F,Single-ply,200.0
150.0,90.0,66.8,M,Wraps,155.0
237.5,182.5,81.9,M,Raw,285.0
77.5,40.0,76.2,F,Raw,115.0
142.88,86.18,58.92,M,Single-ply,151.95
400.0,315.0,123.56,M,Single-ply,340.0
130.0,92.5,69.4,M,Raw,177.5
154.22,90.72,127.05,M,Single-ply,172.37
170.0,117.5,109.3,M,Raw,205.0
180.0,127.5,75.0,M,Single-ply,175.0
110.0,75.0,67.7,M,Raw,140.0
205.0,125.0,66.4,M,Raw,230.0
100.0,50.0,64.1,F,Raw,115.0
310.0,170.0,94.8,M,Single-ply,280.0
422.5,310.0,146.82,M,Single-ply,340.0
222.5,145.0,103.8,M,Raw,277.5
122.5,47.5,57.0,F,Raw,127.5
107.5,47.5,79.2,F,Raw,140.0
110.0,75.0,60.0,M,Single-ply,135.0
235.0,160.0,73.65,M,Raw,291.0
274.42,172.37,98.61,M,Raw,272.16
163.29,97.52,65.91,M,Single-ply,183.7
124.7,47.6,59.1,F,Single-ply,136.1
272.16,181.44,87.09,M,Multi-ply,238.14
165.0,117.5,71.1,F,Single-ply,152.5
100.0,140.0,75.5,M,Single-ply,125.0
190.0,87.5,65.9,F,Single-ply,197.5
142.88,83.91,67.68,M,Single-ply,127.01
122.5,72.5,69.8,F,Raw,130.0
105.0,142.5,56.0,M,Single-ply,150.0
157.5,130.0,65.6,M,Raw,207.5
162.5,100.0,75.5,F,Raw,202.5
307.5,182.5,133.8,M,Wraps,277.5
188.24,111.13,119.11,M,Single-ply,226.8
158.76,79.38,73.21,M,Single-ply,161.03
149.69,102.06,87.09,M,Single-ply,170.1
25.0,220.0,140.2,M,Single-ply,45.0
122.5,75.0,71.55,F,Raw,140.0
185.0,127.5,90.4,M,Raw,212.5
240.0,132.5,90.5,M,Wraps,250.0
112.5,57.5,61.0,F,Raw,155.0
62.5,40.0,69.7,F,Raw,102.5
180.0,115.0,74.5,M,Single-ply,222.5
240.4,167.83,88.45,M,Wraps,274.42
151.95,99.79,59.15,M,Single-ply,154.22
142.88,83.91,76.66,M,Single-ply,183.7
227.5,182.5,108.8,M,Wraps,257.5
110.0,90.0,58.7,M,Raw,117.5
190.51,104.33,66.41,M,Single-ply,201.85
177.5,112.5,89.0,M,Raw,205.0
75.0,127.5,88.5,M,Raw,125.0
86.18,47.63,47.99,F,Raw,86.18
197.5,142.5,77.4,M,Raw,237.5
180.0,142.5,101.4,M,Single-ply,260.0
170.1,145.15,88.9,M,Wraps,213.19
160.0,110.0,88.9,M,Raw,202.5
72.5,40.0,60.6,F,Raw,105.0
233.6,145.15,80.79,M,Single-ply,226.8
185.0,97.5,103.0,M,Raw,195.0
260.5,147.5,89.3,M,Wraps,280.5
180.0,135.0,74.0,M,Raw,192.5
72.5,45.0,77.2,M,Single-ply,80.0
104.33,61.23,53.52,M,Single-ply,136.08
113.4,61.23,64.41,M,Single-ply,136.08
185.0,122.5,98.9,M,Raw,247.5
182.5,127.5,73.4,M,Raw,235.0
105.0,52.5,58.69,F,Raw,125.0
170.0,132.5,73.2,M,Raw,200.0
77.5,40.0,58.9,M,Raw,107.5
247.5,152.5,109.3,M,Wraps,250.0
136.08,99.79,68.95,M,Single-ply,170.1
245.0,193.5,89.18,M,Raw,295.0
110.0,60.0,90.6,M,Raw,135.0
195.0,122.5,81.7,M,Raw,235.0
137.5,95.0,72.7,M,Raw,172.5
70.31,40.82,70.22,F,Raw,92.99
200.0,122.5,,F,Single-ply,225.0
60.0,60.0,64.9,F,Raw,60.0
249.48,131.54,98.88,M,Single-ply,249.48
167.83,113.4,78.56,M,Single-ply,217.72
185.0,177.5,86.1,M,Single-ply,202.5
281.23,142.88,97.16,M,Single-ply,240.4
140.0,70.0,71.35,F,Raw,160.0
208.65,131.54,86.77,M,Single-ply,192.78
217.5,140.0,97.8,M,Raw,252.5
173.0,95.0,117.0,F,Raw,227.5
305.0,195.0,114.5,M,Wraps,305.0
190.0,100.0,89.65,M,Single-ply,237.5
107.5,60.0,55.5,F,Single-ply,122.5
175.0,110.0,95.7,M,Raw,175.0
132.5,67.5,98.5,F,Raw,170.0
60.0,45.0,55.0,F,Raw,80.0
217.5,142.5,92.2,M,Raw,270.0
205.0,132.5,78.2,M,Raw,237.5
149.69,86.18,58.24,M,Single-ply,158.76
190.0,167.5,89.3,M,Raw,237.5
263.1,170.1,132.86,M,Single-ply,235.9
106.59,63.5,68.95,M,Single-ply,138.35
238.14,142.88,119.84,M,Wraps,258.55
75.0,125.0,89.22,M,Single-ply,75.0
231.33,129.27,125.1,M,Single-ply,185.97
182.5,127.5,99.4,M,Raw,220.0
204.12,120.2,88.09,M,Single-ply,226.8
142.5,92.5,58.19,M,Raw,182.5
87.5,50.0,70.4,F,Raw,105.0
138.35,90.72,78.38,M,Single-ply,149.69
362.87,244.94,107.95,M,Multi-ply,294.84
295.0,215.0,152.7,M,Wraps,275.0
130.0,70.0,65.85,F,Raw,150.0
72.6,40.8,60.8,F,Raw,90.7
240.0,182.5,106.3,M,Raw,240.0
111.13,61.23,48.08,M,Single-ply,106.59
190.51,156.49,106.87,M,Wraps,208.65
75.0,52.5,55.8,F,Raw,90.0
150.0,130.0,111.5,M,Single-ply,200.0
235.0,162.5,90.0,M,Raw,272.5
182.5,87.5,74.25,F,Multi-ply,165.0
152.5,87.5,59.74,M,Wraps,177.5
208.65,136.08,84.05,M,Single-ply,195.04
207.5,142.5,105.3,M,Raw,232.5
182.5,117.5,65.6,M,Single-ply,215.0
225.0,140.0,108.5,M,Raw,247.5
197.31,115.67,73.57,M,Single-ply,185.97
183.7,97.52,67.13,M,Single-ply,170.1
210.0,125.0,80.3,M,Raw,247.5
270.0,182.5,103.6,M,Raw,297.5
135.0,135.0,81.0,M,Raw,157.5
210.0,90.0,81.8,F,Single-ply,180.0
192.78,115.67,124.38,M,Single-ply,188.24
260.0,125.0,125.5,M,Single-ply,200.0
117.93,52.16,69.4,M,Single-ply,108.86
155.0,102.5,80.15,M,Wraps,190.0
182.5,117.5,93.0,M,Raw,215.0
188.24,90.72,103.6,M,Single-ply,176.9
322.5,210.0,116.66,M,Single-ply,307.49
154.22,83.91,70.76,M,Single-ply,172.37
207.5,125.0,81.6,M,Wraps,257.5
174.63,99.79,94.89,M,Single-ply,158.76
225.0,147.5,74.5,F,Single-ply,205.5
112.5,62.5,80.6,F,Raw,155.0
100.0,67.5,63.0,F,Raw,112.5
130.0,67.5,79.2,F,Raw,167.5
180.0,137.5,81.5,M,Wraps,220.0
190.51,122.47,77.84,M,Single-ply,240.4
190.51,117.93,80.83,M,Wraps,206.38
110.0,82.5,70.8,F,Raw,160.0
210.0,122.5,79.7,M,Raw,242.5
300.0,217.5,133.15,M,Single-ply,307.5
140.0,77.5,103.0,F,Raw,162.5
131.54,74.84,74.75,M,Single-ply,129.27
122.5,45.4,89.22,F,Single-ply,120.2
210.0,160.0,78.3,M,Raw,230.0
107.5,72.5,72.8,F,Single-ply,117.5
124.7,93.0,52.5,M,Single-ply,145.2
135.0,120.0,125.0,M,Single-ply,160.0
90.0,100.0,71.95,M,Single-ply,140.0
190.0,95.0,84.9,M,Single-ply,200.0
272.16,219.99,113.67,M,Wraps,272.16
205.0,147.5,124.7,M,Raw,227.5
95.0,52.5,75.7,F,Raw,127.5
207.5,147.5,107.7,M,Wraps,237.5
257.5,165.0,104.6,M,Wraps,255.0
183.7,95.25,81.56,M,Wraps,213.19
230.0,220.0,135.3,M,Raw,255.0
215.46,149.69,98.79,M,Single-ply,217.72
155.0,92.5,66.7,F,Wraps,175.0
155.0,105.0,61.5,M,Raw,182.5
185.0,157.5,98.8,M,Raw,190.0
230.0,150.0,95.2,M,Raw,260.0
285.76,183.7,109.5,M,Wraps,272.16
202.5,130.0,99.2,M,Raw,275.0
147.5,127.5,60.0,M,Single-ply,182.5
83.91,54.43,51.94,F,Wraps,117.93
317.51,195.04,122.56,M,Wraps,306.17
272.16,174.63,107.95,M,Multi-ply,278.96
92.5,52.5,104.25,F,Raw,125.0
100.0,57.5,58.8,M,Wraps,150.0
220.0,140.0,89.2,M,Wraps,290.0
142.88,102.06,118.84,M,Single-ply,145.15
220.0,127.5,89.65,M,Raw,282.5
136.08,81.65,108.86,M,Single-ply,145.15
215.0,132.5,90.35,M,Wraps,215.0
195.0,125.0,82.3,M,Raw,220.0
117.5,60.0,84.0,F,Raw,142.5
215.0,155.0,91.1,M,Raw,235.0
197.5,142.5,81.47,M,Wraps,232.5
205.0,180.0,88.59,M,Raw,247.5
180.0,125.0,73.75,M,Raw,250.0
353.8,206.38,90.0,M,Multi-ply,292.57
183.7,95.25,86.77,M,Single-ply,147.42
183.7,120.2,112.67,M,Single-ply,161.03
102.5,75.0,80.0,F,Raw,147.5
81.65,54.43,55.34,M,Single-ply,113.4
235.0,157.5,103.71,M,Raw,272.5
210.92,147.42,98.97,M,Wraps,226.8
127.5,65.0,64.8,F,Single-ply,157.5
210.92,151.95,98.88,M,Wraps,249.48
85.0,60.0,59.87,F,Wraps,112.5
235.87,145.15,78.93,M,Single-ply,238.14
160.0,95.0,100.0,M,Raw,177.5
213.19,127.01,80.29,M,Single-ply,172.37
247.21,174.63,110.0,M,Multi-ply,217.72
157.5,85.0,66.9,F,Single-ply,145.0
206.38,154.22,121.2,M,Raw,249.48
80.0,45.0,58.9,F,Raw,107.5
135.0,75.0,59.4,F,Raw,150.0
152.5,75.0,116.2,F,Raw,177.5
172.5,110.0,92.0,M,Raw,227.5
170.0,127.5,81.3,M,Raw,215.0
90.72,61.23,66.95,F,Raw,117.93
112.5,82.5,88.4,M,Raw,147.5
215.0,152.5,87.6,M,Raw,237.5
217.5,157.5,121.2,M,Wraps,227.5
183.7,99.8,87.9,M,Raw,199.6
165.0,115.0,91.9,M,Raw,170.0
335.0,250.0,121.8,M,Single-ply,320.0
256.28,181.44,121.65,M,Single-ply,204.12
202.5,110.0,99.2,M,Single-ply,202.5
225.0,130.0,84.4,M,Raw,237.5
180.0,140.0,82.8,M,Raw,210.0
180.0,105.0,108.35,M,Single-ply,215.0
107.5,52.5,62.6,F,Raw,145.0
227.5,145.0,79.74,M,Raw,240.0
82.5,55.0,81.3,F,Raw,117.5
187.33,124.74,110.0,M,Wraps,237.23
167.5,132.5,74.25,M,Raw,200.0
230.0,145.0,101.6,M,Single-ply,222.5
260.0,170.0,99.1,M,Single-ply,240.0
240.0,162.5,88.7,M,Raw,267.5
287.5,205.0,124.0,M,Wraps,295.0
67.5,27.5,48.25,F,Raw,77.5
180.0,102.5,85.6,M,Raw,210.0
247.5,122.5,74.55,M,Single-ply,265.0
110.0,60.0,73.05,M,Single-ply,125.0
232.5,170.0,116.17,M,Raw,250.0
190.0,115.0,76.0,M,Single-ply,235.0
147.5,72.5,51.0,M,Single-ply,165.0
160.0,100.0,51.43,F,Single-ply,150.0
115.0,72.5,73.76,F,Raw,157.5
181.44,127.01,91.63,M,Wraps,208.65
220.0,150.0,100.0,M,Single-ply,250.0
150.0,110.0,72.9,M,Raw,200.0
95.0,55.0,56.0,F,Single-ply,112.5
170.0,120.0,83.0,M,Raw,237.5
215.46,113.4,75.75,M,Single-ply,188.24
195.0,135.0,69.8,M,Raw,260.0
200.0,135.0,102.5,M,Raw,240.0
312.5,235.0,124.8,M,Wraps,305.0
102.5,70.0,65.27,F,Wraps,117.5
137.5,82.5,65.8,M,Raw,182.5
92.5,50.0,72.2,F,Raw,112.5
192.5,115.0,87.5,M,Raw,202.5
187.5,117.5,88.3,M,Raw,232.5
95.0,70.0,65.0,M,Raw,115.0
257.5,152.5,127.8,M,Single-ply,227.5
200.0,117.5,115.45,M,Raw,175.0
185.97,129.27,87.09,M,Single-ply,156.49
260.82,176.9,134.63,M,Wraps,283.5
88.45,49.9,66.5,F,Raw,102.06
135.0,55.0,72.6,F,Single-ply,140.0
170.1,131.54,81.92,M,Raw,206.38
208.65,111.13,98.07,M,Single-ply,183.7
172.5,162.5,87.3,M,Raw,227.5
100.0,57.5,67.2,F,Raw,142.5
272.16,124.74,114.76,M,Multi-ply,281.23
220.0,135.0,81.8,M,Raw,255.0
145.0,82.5,98.0,F,Single-ply,145.0
205.0,110.0,82.24,M,Raw,200.0
187.5,162.5,88.09,M,Wraps,250.0
108.86,63.5,55.79,M,Single-ply,122.47
226.8,111.13,85.82,M,Single-ply,195.04
170.0,102.5,89.9,M,Wraps,172.5
167.5,117.5,72.5,M,Single-ply,190.0
112.5,77.5,81.9,F,Raw,142.5
72.5,52.5,75.4,F,Raw,97.5
185.97,124.74,128.37,M,Single-ply,165.56
153.0,72.5,59.8,F,Raw,165.0
165.56,111.13,81.83,M,Single-ply,170.1
130.0,72.5,59.51,F,Wraps,172.5
125.0,95.0,83.6,M,Single-ply,152.5
122.5,60.0,62.8,M,Single-ply,157.5
247.5,175.0,98.61,M,Raw,240.0
197.31,127.01,103.78,M,Single-ply,197.31
205.0,117.5,90.09,M,Raw,245.0
140.0,97.5,83.35,M,Raw,175.0
183.7,104.33,76.2,M,Single-ply,165.56
155.0,115.0,73.9,M,Raw,217.5
212.5,142.5,80.2,M,Raw,230.0
133.81,83.91,81.56,M,Single-ply,154.22
272.5,215.0,88.54,M,Multi-ply,340.0
72.5,52.5,51.4,M,Raw,97.5
190.0,127.5,118.7,M,Raw,240.0
229.06,120.2,128.82,M,Single-ply,192.78
60.0,30.0,71.6,F,Raw,85.0
157.5,95.0,64.0,M,Raw,160.0
224.53,183.7,98.43,M,Wraps,247.21
142.5,75.0,70.7,F,Single-ply,125.0
163.29,88.45,73.94,M,Single-ply,170.1
160.0,97.5,72.7,M,Single-ply,201.0
249.48,158.76,121.74,M,Wraps,274.42
87.5,57.5,57.4,F,Wraps,112.5
213.19,138.35,109.77,M,Single-ply,181.44
150.0,85.0,87.7,M,Single-ply,160.0
85.0,62.5,77.0,F,Raw,110.0
150.0,105.01,88.95,M,Wraps,182.48
249.48,170.1,94.35,M,Wraps,294.84
170.0,92.5,75.2,M,Raw,190.0
170.0,115.0,99.6,M,Raw,195.0
200.0,137.5,86.3,M,Single-ply,200.0
200.0,140.0,89.99,M,Wraps,245.0
331.12,136.08,136.8,M,Multi-ply,226.8
108.86,74.84,74.57,F,Raw,142.88
205.0,152.5,74.0,M,Single-ply,210.0
290.0,202.5,118.4,M,Single-ply,295.0
375.0,342.5,163.84,M,Single-ply,297.5
185.0,115.0,105.0,M,Raw,180.0
187.5,120.0,58.94,M,Raw,242.5
205.0,142.5,96.5,M,Raw,250.0
150.0,115.0,102.5,M,Single-ply,182.5
172.5,147.5,91.7,M,Single-ply,207.5
250.0,210.0,109.4,M,Raw,285.0
125.0,55.0,81.5,F,Raw,145.0
165.56,77.11,89.72,M,Single-ply,181.44
138.35,74.84,82.5,F,Raw,149.69
240.4,122.47,78.38,M,Single-ply,208.65
285.76,151.95,136.17,M,Single-ply,267.62
250.0,120.0,90.0,M,Single-ply,240.0
100.0,55.0,67.0,F,Wraps,125.0
125.0,75.0,58.81,M,Raw,125.0
285.0,167.5,89.6,M,Raw,292.5
276.69,145.15,145.24,M,Single-ply,263.08
185.0,102.5,74.21,M,Raw,237.5
145.15,102.06,74.0,M,Single-ply,192.78
160.0,125.0,74.43,M,Raw,227.5
190.0,117.5,79.8,M,Single-ply,200.0
106.59,72.57,76.84,M,Wraps,129.27
240.0,167.5,74.9,M,Single-ply,262.5
188.24,111.13,112.4,M,Single-ply,210.92
210.0,180.0,82.0,M,Single-ply,190.0
255.0,165.0,82.1,M,Raw,262.5
328.85,199.58,132.36,M,Raw,322.05
170.0,90.0,74.7,F,Raw,220.0
172.37,104.33,79.83,M,Single-ply,176.9
100.0,65.0,71.0,F,Raw,127.5
172.5,127.5,81.2,M,Raw,200.0
242.5,185.0,89.31,M,Wraps,275.0
87.5,40.0,52.0,F,Single-ply,102.5
287.5,180.0,131.6,M,Raw,312.5
212.5,125.0,91.79,M,Raw,280.0
180.0,95.0,90.4,M,Raw,210.0
179.17,149.69,77.93,M,Wraps,204.12
299.37,187.79,106.87,M,Multi-ply,281.23
272.5,160.0,107.3,M,Wraps,257.5
162.5,130.0,75.0,M,Single-ply,217.5
230.0,130.0,110.0,M,Raw,230.0
105.0,52.5,79.4,F,Raw,130.0
187.5,142.5,82.5,M,Raw,242.5
110.0,60.0,67.74,F,Raw,130.0
115.0,87.5,73.4,M,Raw,150.0
157.5,77.5,62.96,F,Wraps,170.0
210.0,125.0,103.3,M,Raw,235.0
125.0,72.5,64.15,F,Single-ply,135.0
235.0,162.5,87.95,M,Single-ply,245.0
117.5,82.5,55.0,M,Raw,207.5
242.67,149.69,126.37,M,Single-ply,197.31
260.0,137.5,99.3,M,Single-ply,255.0
70.0,145.0,79.9,M,Single-ply,125.0
202.5,135.0,106.5,M,Raw,230.0
217.72,131.09,82.19,M,Wraps,226.8
130.0,60.0,73.1,M,Raw,157.5
250.5,165.0,82.5,M,Raw,275.5
183.7,136.08,76.38,M,Single-ply,158.76
74.84,54.43,59.78,F,Raw,120.2
70.0,40.0,53.4,F,Raw,80.0
249.48,136.08,88.9,M,Single-ply,238.14
205.0,147.5,127.32,M,Raw,222.5
175.0,112.5,70.0,M,Raw,220.0
154.22,102.06,74.34,M,Wraps,183.7
247.5,165.0,119.0,M,Raw,280.0
62.5,37.5,46.56,F,Raw,80.0
277.5,195.0,110.0,M,Raw,287.5
235.0,165.0,124.28,M,Wraps,252.5
65.0,65.0,139.6,M,Single-ply,65.0
170.1,68.04,91.63,M,Single-ply,158.76
249.48,201.85,90.0,M,Wraps,265.35
130.0,80.0,81.3,M,Raw,182.5
167.5,115.0,87.18,M,Wraps,207.5
163.29,111.13,55.38,M,Single-ply,192.78
85.0,55.0,52.0,M,Single-ply,130.0
142.88,92.99,97.16,M,Single-ply,142.88
72.5,47.5,55.0,F,Raw,115.0
206.38,117.93,83.78,M,Single-ply,190.51
160.0,95.0,91.05,M,Raw,165.0
161.03,90.72,58.69,M,Single-ply,156.49
240.0,157.5,128.49,M,Raw,242.5
195.0,110.0,134.44,M,Wraps,240.0
80.0,50.0,60.9,F,Raw,85.0
195.0,117.5,74.91,M,Raw,265.0
117.5,85.0,74.9,M,Raw,135.0
180.0,155.0,102.5,M,Raw,227.5
177.5,130.0,82.0,M,Raw,217.5
80.0,52.5,51.2,M,Raw,85.0
270.0,200.0,126.4,M,Single-ply,260.0
205.0,147.5,105.69,M,Raw,270.0
222.26,129.27,113.08,M,Single-ply,204.12
115.0,100.0,67.5,M,Raw,130.0
192.5,142.5,100.4,M,Single-ply,200.0
102.5,55.0,73.45,F,Raw,107.5
365.14,285.76,129.73,M,Multi-ply,229.06
190.0,115.0,62.5,M,Single-ply,215.0
102.5,80.0,57.5,F,Raw,165.0
120.0,67.5,69.5,F,Raw,130.0
200.0,120.0,101.6,M,Raw,230.0
151.95,95.25,59.15,M,Single-ply,161.03
112.5,62.5,53.53,F,Raw,142.5
158.76,108.86,83.91,M,Single-ply,163.29
82.5,55.0,95.6,F,Wraps,140.0
260.0,170.0,132.9,M,Raw,275.0
102.5,62.5,69.4,F,Raw,120.0
183.7,136.08,96.25,M,Single-ply,185.97
275.0,200.0,103.65,M,Single-ply,275.0
172.5,107.5,65.25,F,Raw,230.0
183.7,124.74,58.97,M,Single-ply,192.78
174.63,104.33,80.47,M,Raw,201.85
120.2,70.31,66.13,M,Single-ply,140.61
297.1,199.58,135.17,M,Wraps,308.44
233.6,120.2,66.41,M,Single-ply,233.6
87.5,45.0,66.3,F,Raw,115.0
362.87,183.7,109.86,M,Wraps,328.85
165.56,104.33,78.65,M,Wraps,208.65
170.0,75.0,121.71,F,Raw,175.0
135.0,90.0,90.0,M,Raw,185.0
95.0,80.0,58.25,M,Raw,110.0
170.0,117.5,73.9,M,Raw,212.5
142.88,86.18,87.09,M,Single-ply,165.56
192.5,65.0,81.4,F,Wraps,167.5
360.0,240.0,109.22,M,Single-ply,310.0
180.0,122.5,81.8,M,Raw,215.0
182.5,115.0,90.2,M,Raw,215.0
157.5,112.5,74.85,F,Single-ply,152.5
254.01,158.76,95.8,M,Single-ply,226.8
258.55,174.63,81.47,M,Wraps,240.4
85.0,62.5,102.2,F,Raw,140.0
210.92,163.29,110.13,M,Single-ply,190.51
158.76,74.84,51.71,M,Single-ply,183.7
245.0,167.5,89.54,M,Raw,280.0
142.88,83.91,77.93,M,Single-ply,145.15
120.0,90.0,85.05,M,Raw,125.0
174.63,111.13,81.47,M,Raw,201.85
237.5,135.0,108.8,M,Wraps,252.5
111.13,56.7,55.7,M,Single-ply,129.27
275.0,170.0,65.49,M,Single-ply,250.0
300.0,215.0,125.0,M,Single-ply,280.0
190.0,120.0,90.0,M,Single-ply,220.0
150.0,117.5,74.2,M,Raw,220.0
142.5,125.5,55.9,M,Raw,205.0
174.6,65.8,85.4,F,Single-ply,174.6
257.5,165.0,91.9,M,Raw,300.0
92.5,55.0,54.2,F,Raw,125.0
183.7,113.4,70.22,M,Single-ply,185.97
132.5,67.5,59.1,F,Single-ply,135.0
225.0,140.0,91.6,M,Raw,240.0
294.84,215.46,101.15,M,Multi-ply,240.4
156.49,117.93,83.64,M,Single-ply,197.31
129.27,79.38,84.28,M,Single-ply,138.35
303.5,157.5,92.25,M,Raw,260.0
75.0,35.0,48.6,M,Raw,90.0
132.5,107.5,83.19,M,Raw,152.5
75.0,50.0,59.87,M,Raw,90.0
136.08,102.06,74.57,M,Single-ply,195.04
305.0,240.0,125.0,M,Single-ply,272.5
167.5,117.5,80.8,M,Single-ply,182.5
100.0,57.5,87.54,F,Wraps,137.5
300.0,180.0,164.4,M,Wraps,300.0
170.0,140.0,92.4,M,Raw,230.0
90.72,34.02,74.84,F,Wraps,95.25
130.0,67.5,82.5,F,Single-ply,137.5
242.5,142.5,73.95,M,Single-ply,225.0
122.5,57.5,51.1,F,Raw,95.0
104.33,43.09,75.0,F,Wraps,108.86
208.65,129.27,74.62,M,Wraps,240.4
155.0,107.5,122.8,M,Wraps,185.0
158.76,129.27,98.7,M,Wraps,192.78
105.0,55.0,61.6,F,Raw,120.0
90.0,45.0,60.4,F,Raw,107.5
227.5,137.5,73.52,M,Single-ply,215.0
180.0,175.0,123.1,M,Single-ply,230.0
202.5,132.5,91.8,M,Raw,240.0
202.5,147.5,109.59,M,Raw,272.5
225.0,167.5,65.8,M,Single-ply,236.0
65.0,42.5,56.1,M,Raw,95.0
220.0,145.0,81.65,M,Single-ply,235.0
100.0,50.0,54.6,F,Wraps,100.0
83.9,56.7,57.0,M,Raw,127.0
192.5,110.0,83.3,F,Single-ply,195.0
79.4,43.1,57.6,F,Raw,104.3
220.0,131.0,89.65,M,Wraps,255.0
149.69,131.54,113.67,M,Raw,176.9
105.0,77.5,67.3,F,Raw,130.0
147.5,72.5,59.8,M,Raw,160.0
142.5,95.0,64.4,M,Raw,217.5
150.0,67.5,61.0,F,Raw,152.5
207.5,165.0,112.5,M,Wraps,272.5
165.56,108.86,74.48,M,Single-ply,183.7
225.0,162.5,93.1,M,Single-ply,240.0
117.5,65.0,57.0,F,Raw,147.5
115.67,70.31,94.26,M,Single-ply,142.88
210.0,127.5,101.75,M,Raw,255.0
205.0,127.5,108.6,M,Raw,210.0
133.81,81.65,59.87,M,Single-ply,129.27
63.5,34.0,44.45,F,Single-ply,72.6
242.5,147.5,90.8,M,Raw,225.0
145.0,92.5,96.2,M,Wraps,165.0
242.5,170.0,118.7,M,Raw,245.0
240.4,129.27,81.37,M,Wraps,265.35
145.0,85.0,87.1,M,Single-ply,180.0
62.5,37.5,84.46,F,Raw,115.0
245.0,150.0,58.59,M,Single-ply,230.0
247.5,175.0,98.43,M,Raw,300.0
170.0,113.0,65.5,M,Raw,170.0
212.5,127.5,80.05,M,Raw,207.5
155.0,105.0,74.6,M,Raw,200.0
265.35,176.9,148.78,M,Wraps,306.17
145.15,86.18,76.84,M,Single-ply,149.69
147.5,107.5,58.5,M,Raw,212.5
290.0,167.5,105.9,M,Single-ply,330.0
167.83,83.91,59.69,M,Single-ply,183.7
156.49,92.99,67.5,M,Wraps,165.56
154.22,99.79,136.98,M,Single-ply,149.69
262.5,205.0,99.0,M,Raw,242.5
72.5,50.0,58.0,F,Wraps,125.0
122.5,72.5,71.4,F,Raw,147.5
220.0,142.5,81.2,M,Single-ply,242.5
111.13,74.84,55.47,M,Single-ply,142.88
195.0,122.5,82.2,M,Raw,250.0
199.58,122.47,91.17,M,Single-ply,190.51
204.12,108.86,114.03,M,Single-ply,199.58
140.61,113.4,72.21,F,Wraps,181.44
135.0,87.5,65.0,M,Raw,175.0
197.31,115.67,85.91,M,Single-ply,199.58
147.42,86.18,115.89,M,Single-ply,129.27
292.5,220.0,92.1,M,Single-ply,262.5
225.0,137.5,108.0,M,Raw,227.5
110.0,67.5,59.0,F,Single-ply,145.0
115.0,52.5,54.3,F,Raw,147.5
190.51,97.52,66.68,M,Single-ply,213.19
230.0,155.0,94.4,M,Raw,250.0
172.5,100.0,64.68,M,Raw,205.0
83.91,47.63,55.34,F,Wraps,99.79
225.0,170.0,115.5,M,Raw,250.0
130.0,55.0,61.45,F,Raw,162.5
92.5,57.5,75.0,F,Wraps,117.5
267.5,215.0,99.3,M,Wraps,300.0
167.5,140.0,74.57,M,Raw,205.0
167.5,112.5,76.1,M,Raw,170.0
200.0,100.0,79.8,M,Wraps,240.0
222.5,210.0,147.19,M,Wraps,272.5
175.0,110.0,96.7,M,Single-ply,180.0
147.5,97.5,74.8,M,Wraps,215.0
367.5,212.5,119.12,M,Single-ply,317.5
177.5,112.5,82.5,M,Single-ply,220.0
152.5,122.5,81.6,M,Raw,185.0
226.8,133.81,81.42,M,Single-ply,251.74
102.5,95.0,69.0,M,Raw,145.0
50.0,30.0,73.1,F,Raw,77.5
272.5,192.5,137.17,M,Wraps,260.0
160.0,102.5,78.6,M,Raw,152.5
190.0,122.5,102.69,M,Wraps,240.0
142.5,87.5,70.2,F,Raw,167.5
112.5,85.0,81.4,M,Raw,147.5
240.0,187.5,97.5,M,Raw,277.5
265.0,207.5,103.69,M,Single-ply,247.5
235.0,122.5,65.2,M,Single-ply,215.0
175.0,120.0,89.6,M,Raw,240.0
205.0,160.0,91.1,M,Raw,220.0
250.0,160.0,67.8,M,Single-ply,240.0
219.99,129.27,88.0,M,Raw,240.4
205.0,147.5,80.7,M,Raw,250.0
97.5,50.0,51.64,F,Raw,135.0
260.82,204.12,135.35,M,Wraps,260.82
237.5,160.0,132.8,M,Multi-ply,282.5
182.5,137.5,95.1,M,Raw,227.5
238.14,154.22,74.84,M,Wraps,231.33
257.5,177.5,67.04,M,Single-ply,257.5
212.5,177.5,109.9,M,Wraps,247.5
145.0,100.0,72.0,M,Raw,182.5
97.5,52.5,77.0,F,Raw,117.5
283.5,158.76,89.54,M,Single-ply,258.55
142.5,110.0,79.7,M,Raw,160.0
195.04,120.2,59.51,M,Single-ply,215.46
142.88,74.84,83.1,M,Single-ply,136.08
300.0,185.0,103.4,M,Single-ply,280.0
70.0,45.0,59.0,M,Single-ply,90.0
140.0,120.0,72.4,M,Raw,167.5
158.76,113.4,148.14,M,Single-ply,142.88
110.0,57.5,47.9,F,Single-ply,135.0
122.47,72.57,59.96,F,Wraps,176.9
165.6,124.7,79.9,M,Raw,204.1
167.83,88.45,64.41,M,Single-ply,215.46
147.42,92.99,62.14,M,Single-ply,167.83
158.76,127.01,104.69,M,Wraps,181.44
117.93,70.31,106.14,M,Single-ply,136.08
165.56,90.72,68.76,M,Wraps,190.51
130.0,107.5,51.5,F,Single-ply,137.5
152.5,80.0,78.4,F,Raw,170.0
250.0,145.0,130.7,F,Raw,220.0
124.74,83.91,113.58,M,Single-ply,136.08
210.0,135.0,82.19,M,Raw,270.0
120.0,62.5,50.6,F,Single-ply,112.5
160.0,140.0,66.6,M,Single-ply,155.0
272.5,187.5,109.1,M,Wraps,297.5
142.5,130.0,67.4,M,Raw,172.5
282.5,160.0,131.5,M,Wraps,272.5
185.0,115.0,81.19,M,Raw,210.0
87.5,55.0,65.0,F,Raw,105.0
120.0,50.0,57.5,F,Raw,140.0
197.5,117.5,100.0,M,Wraps,215.0
197.5,157.5,98.4,M,Raw,245.0
105.0,45.0,55.4,F,Raw,120.0
185.0,102.5,72.65,M,Raw,217.5
155.0,120.0,66.0,M,Raw,195.0
133.8,56.7,66.04,F,Raw,129.3
260.0,167.5,102.2,M,Raw,285.0
167.5,105.0,80.65,M,Raw,222.5
157.5,110.0,74.39,M,Wraps,227.5
281.23,181.44,89.81,M,Wraps,276.69
215.0,155.0,80.01,M,Wraps,275.0
204.12,129.27,107.41,M,Single-ply,179.17
115.0,90.0,57.4,M,Raw,185.0
165.56,111.13,129.27,M,Single-ply,170.1
182.5,140.0,98.34,M,Wraps,200.0
70.0,35.0,63.6,F,Raw,102.5
152.5,117.5,93.21,M,Single-ply,165.0
140.0,95.0,71.1,M,Single-ply,160.0
107.5,67.5,83.65,F,Raw,150.0
100.0,50.0,55.8,F,Raw,145.0
215.0,150.0,110.0,M,Raw,240.0
130.0,97.5,67.8,M,Single-ply,155.0
195.0,115.0,92.0,M,Raw,220.0
80.0,35.0,41.2,F,Single-ply,90.0
240.0,155.0,140.1,M,Wraps,245.0
235.0,177.5,139.25,M,Raw,240.0
210.0,117.5,124.5,M,Raw,240.0
222.5,147.5,80.74,M,Single-ply,232.5
183.7,102.06,74.84,M,Single-ply,219.99
65.0,27.5,49.2,F,Single-ply,85.0
249.48,151.95,99.7,M,Single-ply,215.46
97.5,42.5,80.5,F,Raw,95.0
150.0,92.5,79.05,F,Raw,185.0
161.03,81.65,82.5,M,Single-ply,124.74
240.4,124.74,109.77,M,Single-ply,242.67
100.0,57.5,51.8,F,Raw,110.0
174.63,92.99,99.97,M,Single-ply,213.19
181.44,122.47,102.69,M,Single-ply,181.44
188.24,131.54,81.19,M,Single-ply,217.72
107.5,62.5,103.8,F,Raw,120.0
172.5,107.5,87.6,M,Raw,207.5
167.5,92.5,73.3,F,Single-ply,157.5
85.0,45.0,57.9,F,Raw,110.0
195.0,122.5,98.5,M,Raw,232.5
181.44,124.74,78.74,M,Single-ply,192.78
112.5,95.0,71.3,M,Single-ply,140.0
175.0,95.0,81.8,M,Raw,210.0
192.78,140.61,123.74,M,Single-ply,226.8
213.19,117.93,92.35,M,Single-ply,226.8
230.0,157.5,118.2,M,Raw,235.0
127.01,92.99,70.67,M,Single-ply,147.42
167.83,79.38,66.77,F,Wraps,156.49
190.0,172.5,90.38,M,Raw,227.5
61.23,43.09,56.43,F,Raw,102.06
156.49,108.86,89.63,M,Wraps,195.04
297.1,165.56,117.66,M,Single-ply,238.14
255.0,135.0,127.0,M,Wraps,240.0
154.22,108.86,67.13,M,Raw,167.83
113.4,108.86,96.71,M,Wraps,181.44
192.5,110.0,80.5,M,Raw,235.0
317.5,180.0,119.2,M,Raw,322.5
147.5,95.0,73.14,M,Raw,180.0
92.5,60.0,47.2,F,Raw,137.5
133.0,77.5,81.1,F,Raw,147.5
87.5,77.5,79.35,M,Raw,125.0
155.0,127.5,58.6,M,Raw,187.5
230.0,160.0,90.0,M,Single-ply,290.0
232.5,150.0,98.45,M,Raw,280.0
199.58,147.42,108.5,M,Wraps,244.94
215.0,157.5,81.74,M,Wraps,245.0
231.33,142.88,111.77,M,Single-ply,190.51
245.0,175.0,81.85,M,Raw,250.0
190.0,140.0,82.5,M,Raw,262.5
155.0,117.5,65.2,M,Raw,185.0
195.0,152.5,90.76,M,Wraps,217.5
330.0,217.5,108.8,M,Raw,362.5
140.0,85.0,112.5,F,Raw,200.0
97.5,75.0,69.7,F,Raw,137.5
207.5,122.5,80.5,M,Single-ply,195.0
174.63,90.72,85.73,M,Single-ply,165.56
227.5,130.0,71.4,M,Single-ply,227.5
130.0,77.5,71.5,F,Raw,162.5
242.5,187.5,134.72,M,Wraps,280.0
130.0,70.0,65.4,F,Single-ply,165.0
102.06,54.43,51.07,M,Single-ply,127.01
220.0,142.5,113.3,M,Raw,242.5
107.5,60.0,56.1,F,Raw,155.0
136.08,97.52,82.1,M,Single-ply,167.83
230.0,135.0,88.9,M,Raw,260.0
95.0,50.0,65.6,M,Raw,112.5
295.0,187.5,104.4,M,Single-ply,277.5
317.5,200.0,110.1,M,Single-ply,272.5
240.4,154.2,98.7,M,Raw,251.7
149.69,90.72,74.75,M,Single-ply,185.97
135.0,70.0,61.39,F,Raw,145.0
217.5,145.0,81.69,M,Wraps,260.0
267.5,192.5,121.5,M,Wraps,280.0
220.0,115.0,92.6,M,Single-ply,225.0
156.49,88.45,96.21,M,Single-ply,183.7
282.5,205.0,101.88,M,Wraps,295.0
185.0,122.5,90.5,M,Raw,217.5
149.69,95.25,94.89,M,Single-ply,161.03
174.63,120.2,80.56,M,Wraps,206.38
208.65,120.2,90.99,M,Single-ply,229.06
161.03,124.74,72.67,M,Raw,204.12
226.8,174.63,85.55,M,Single-ply,226.8
280.0,177.5,82.16,M,Single-ply,287.5
92.5,55.0,80.6,F,Raw,115.0
104.33,70.31,53.07,M,Single-ply,136.08
195.0,120.0,78.3,M,Raw,265.0
190.51,129.27,81.19,M,Wraps,233.6
129.27,74.84,94.26,M,Single-ply,158.76
130.0,110.0,92.0,M,Wraps,150.0
145.0,100.0,72.4,M,Raw,200.0
195.0,135.0,92.08,M,Wraps,227.5
165.56,99.79,97.98,M,Single-ply,165.56
112.5,45.0,71.6,F,Single-ply,137.5
75.0,57.5,55.2,F,Raw,107.5
185.0,122.5,95.07,M,Wraps,240.0
190.0,145.0,90.62,M,Raw,235.0
254.01,151.95,96.71,M,Single-ply,251.74
127.01,92.99,62.55,M,Single-ply,147.42
150.0,82.5,69.3,F,Raw,157.5
192.5,117.5,95.9,M,Raw,235.0
85.0,45.0,56.9,F,Single-ply,100.0
182.5,137.5,81.8,M,Raw,215.0
180.0,117.5,91.63,M,Raw,180.0
102.5,72.5,59.2,F,Raw,142.5
42.5,45.0,82.5,F,Single-ply,112.5
220.0,125.0,97.4,M,Single-ply,245.0
174.63,95.25,81.6,M,Single-ply,188.24
135.0,65.0,55.9,F,Single-ply,132.5
202.5,135.0,91.2,M,Raw,225.0
142.88,88.45,59.87,M,Single-ply,165.56
135.0,90.0,88.81,M,Raw,187.5
183.7,129.27,96.43,M,Wraps,260.82
122.47,61.23,67.13,M,Single-ply,122.47
205.0,150.0,100.8,M,Raw,265.0
160.0,135.0,89.36,M,Raw,212.5
137.5,75.0,72.48,F,Wraps,162.5
280.0,200.0,92.8,M,Single-ply,250.0
120.0,70.0,65.8,F,Raw,135.0
197.5,137.5,65.17,M,Raw,220.0
145.0,102.5,70.3,F,Raw,175.0
226.8,142.88,82.46,M,Wraps,272.16
117.5,60.0,80.3,F,Raw,127.5
80.0,60.0,59.85,F,Single-ply,137.5
217.5,150.0,89.4,M,Raw,297.5
147.5,97.5,73.94,M,Raw,185.0
175.0,82.5,72.39,F,Wraps,160.0
225.0,162.5,87.8,M,Raw,232.5
200.0,137.5,101.2,M,Raw,230.0
182.5,112.5,72.8,M,Raw,227.5
154.22,102.06,87.45,M,Single-ply,167.83
292.57,167.83,98.25,M,Single-ply,240.4
105.0,65.0,70.73,F,Raw,130.0
167.5,122.5,93.6,M,Raw,212.5
125.0,87.5,66.4,M,Single-ply,190.0
62.5,82.5,73.1,F,Raw,170.0
115.0,47.5,66.13,F,Raw,142.5
107.5,80.0,65.0,F,Raw,157.5
30.0,27.5,61.2,F,Raw,72.5
285.76,195.04,99.79,M,Wraps,258.55
175.0,137.5,81.45,M,Raw,200.0
185.0,160.0,99.84,M,Raw,222.5
190.51,113.4,90.99,M,Single-ply,181.44
167.5,130.0,74.3,M,Raw,197.5
97.52,56.7,67.49,F,Raw,120.2
90.0,62.5,69.7,F,Raw,127.5
275.0,180.0,137.39,M,Wraps,287.5
242.5,155.0,78.6,M,Single-ply,250.0
277.5,207.5,92.6,M,Single-ply,275.0
187.5,132.5,119.5,M,Raw,245.0
278.96,147.42,121.02,M,Single-ply,251.74
125.0,57.5,44.0,F,Single-ply,140.0
204.12,127.01,76.66,M,Single-ply,192.78
70.31,47.63,50.98,M,Single-ply,70.31
181.44,124.74,102.42,M,Multi-ply,206.38
319.78,154.22,119.29,M,Multi-ply,254.01
182.5,112.5,75.0,M,Raw,207.5
195.0,112.5,120.8,M,Raw,232.5
225.0,132.5,92.1,M,Single-ply,242.5
275.0,162.5,82.2,M,Single-ply,245.0
285.0,160.0,123.7,M,Raw,270.0
299.37,176.9,123.1,M,Single-ply,240.4
340.0,220.0,148.6,M,Single-ply,292.5
247.21,174.63,82.1,M,Wraps,290.3
367.5,227.5,134.2,M,Single-ply,337.5
182.5,117.5,90.6,M,Raw,185.0
272.16,183.7,98.88,M,Single-ply,247.21
110.0,67.5,69.4,F,Raw,137.5
115.0,55.0,58.3,F,Raw,110.0
276.69,185.97,95.71,M,Wraps,272.16
145.0,117.5,52.6,M,Single-ply,167.5
220.0,175.0,111.2,M,Single-ply,235.0
460.4,272.16,138.98,M,Multi-ply,371.95
252.5,182.5,93.0,M,Raw,310.0
249.48,158.76,95.71,M,Wraps,281.23
215.46,142.88,147.87,M,Single-ply,201.85
120.0,65.0,59.2,F,Raw,170.0
294.84,192.78,108.77,M,Single-ply,240.4
200.0,130.0,83.0,M,Raw,225.0
155.0,110.0,59.2,M,Wraps,195.0
230.0,132.5,82.5,M,Raw,267.5
77.5,42.5,54.2,F,Raw,90.0
327.5,227.5,157.25,M,Single-ply,305.0
185.97,120.2,96.39,M,Wraps,208.65
136.08,79.38,79.2,M,Single-ply,154.22
175.0,127.5,66.0,M,Raw,227.5
200.0,150.0,79.7,M,Raw,225.0
180.0,117.5,92.7,M,Raw,215.0
195.0,117.5,94.1,M,Raw,227.5
195.04,117.93,90.63,M,Single-ply,201.85
200.0,115.0,69.4,F,Single-ply,215.0
299.37,179.17,98.43,M,Wraps,362.87
75.0,35.0,74.5,F,Raw,105.0
278.96,151.95,106.5,M,Single-ply,265.35
230.0,167.5,107.1,M,Raw,252.5
100.0,57.5,46.1,F,Single-ply,110.0
297.5,182.5,95.98,M,Single-ply,275.0
110.0,60.0,72.2,F,Raw,152.5
97.5,70.0,82.8,F,Raw,137.5
145.0,75.0,93.0,F,Raw,160.0
227.5,165.0,147.1,M,Raw,267.5
250.0,180.0,90.0,M,Wraps,250.0
195.0,147.5,109.9,M,Raw,227.5
229.06,136.08,90.54,M,Single-ply,215.46
210.0,140.0,89.75,M,Raw,270.0
95.0,47.5,57.9,F,Wraps,117.5
245.0,157.5,100.4,M,Raw,212.5
124.74,117.93,66.59,F,Raw,190.51
137.5,87.5,77.56,M,Raw,155.0
125.0,82.5,65.7,M,Raw,147.5
200.0,142.5,89.3,M,Wraps,215.0
147.5,62.5,79.5,F,Raw,147.5
197.5,142.5,106.4,M,Raw,230.0
107.5,60.0,80.6,F,Raw,127.5
202.5,152.5,108.68,M,Single-ply,217.5
220.0,157.5,91.5,M,Raw,280.0
222.5,125.0,103.2,M,Raw,227.5
117.93,66.68,80.97,F,Wraps,154.22
220.0,130.0,101.0,M,Raw,220.0
212.5,120.0,81.1,M,Raw,227.5
158.76,92.99,98.61,M,Wraps,201.85
240.0,167.5,90.1,M,Wraps,302.5
152.5,127.5,82.0,M,Raw,197.5
65.0,65.0,75.9,F,Single-ply,65.0
117.93,74.84,60.0,F,Wraps,149.69
77.5,45.0,81.0,F,Raw,102.5
172.5,127.5,78.17,F,Single-ply,180.0
187.5,132.5,73.21,M,Wraps,245.0
190.0,107.5,62.95,F,Single-ply,157.5
318.0,252.5,136.62,M,Single-ply,302.5
230.0,142.5,92.0,M,Raw,265.0
180.0,112.5,71.2,F,Raw,180.0
147.5,92.5,66.04,M,Wraps,177.5
300.0,157.5,73.8,M,Single-ply,282.5
132.5,77.5,109.0,M,Raw,172.5
100.0,60.0,64.7,F,Raw,130.0
145.0,102.5,66.95,M,Raw,202.5
86.2,38.6,37.65,F,Single-ply,102.1
170.0,122.5,73.55,M,Raw,200.0
179.17,124.74,103.69,M,Wraps,260.82
187.5,117.5,73.0,M,Raw,260.0
207.5,110.0,99.7,M,Raw,240.0
230.0,150.0,96.7,M,Raw,265.0
207.5,117.5,82.2,M,Raw,255.0
165.0,100.0,64.1,M,Raw,230.0
172.5,102.5,82.3,M,Single-ply,222.5
206.38,124.74,93.71,M,Single-ply,192.78
120.0,57.5,58.4,F,Wraps,117.5
170.0,102.5,72.6,M,Raw,190.0
208.65,124.74,97.89,M,Single-ply,190.51
82.5,42.5,58.6,F,Single-ply,120.0
240.0,160.0,102.4,M,Single-ply,250.0
142.88,133.81,93.8,M,Raw,183.7
252.5,172.5,64.3,M,Single-ply,232.5
117.93,65.77,60.42,M,Single-ply,151.95
195.04,102.06,103.24,M,Single-ply,199.58
250.0,180.0,89.5,M,Multi-ply,200.0
202.5,140.0,91.9,M,Raw,215.0
122.5,45.0,60.0,F,Single-ply,137.5
270.0,155.0,107.5,M,Wraps,280.0
235.0,182.5,77.56,M,Single-ply,200.0
150.0,112.5,73.8,M,Single-ply,192.5
230.0,165.0,99.35,M,Wraps,237.5
136.08,70.31,57.79,M,Single-ply,136.08
175.0,135.0,66.8,M,Single-ply,170.0
240.0,150.0,58.71,M,Single-ply,247.5
156.49,90.72,96.34,M,Single-ply,183.7
149.69,88.45,86.27,M,Raw,165.56
305.0,215.0,149.5,M,Single-ply,305.0
92.5,67.5,65.4,F,Wraps,132.5
122.47,68.04,89.63,M,Single-ply,115.67
212.5,112.5,73.71,F,Multi-ply,202.5
226.8,136.08,88.27,M,Single-ply,183.7
177.5,92.5,65.4,M,Raw,200.0
342.5,227.5,129.82,M,Raw,337.5
195.04,108.86,115.3,M,Single-ply,167.83
282.5,192.5,106.9,M,Wraps,265.0
251.74,170.1,97.7,M,Single-ply,244.94
151.95,122.47,76.93,M,Wraps,172.37
120.0,107.5,90.8,M,Raw,162.5
150.0,110.0,78.2,M,Raw,185.0
255.0,170.0,103.6,M,Raw,275.0
142.5,57.5,59.4,F,Raw,145.0
154.2,106.6,68.4,F,Single-ply,145.2
210.0,110.0,72.95,M,Raw,255.0
195.0,122.5,72.15,M,Raw,230.0
132.5,85.0,84.46,M,Raw,140.0
137.5,100.0,82.5,M,Single-ply,177.5
242.5,172.5,109.0,M,Wraps,252.5
207.5,112.5,90.0,M,Single-ply,235.0
155.0,115.0,72.2,M,Raw,192.5
147.42,88.45,105.05,M,Single-ply,197.31
125.0,102.5,69.6,M,Raw,160.0
190.0,105.0,74.1,M,Wraps,237.5
222.5,110.0,81.55,F,Single-ply,200.0
181.44,102.06,74.8,M,Raw,204.12
187.5,122.5,86.18,M,Wraps,227.5
206.38,115.67,97.52,M,Wraps,226.8
182.5,145.0,82.2,M,Raw,247.5
294.84,210.92,96.62,M,Multi-ply,272.16
165.56,120.2,113.67,M,Single-ply,138.35
192.5,132.5,79.5,M,Raw,200.0
205.0,140.0,65.1,M,Raw,232.5
175.0,92.5,92.9,F,Single-ply,165.0
272.5,165.0,98.8,M,Wraps,290.0
135.0,82.5,73.5,M,Wraps,157.5
140.0,100.0,70.8,F,Single-ply,140.0
97.5,52.5,60.42,F,Single-ply,107.5
140.0,75.0,71.7,F,Wraps,195.0
310.0,210.0,92.6,M,Single-ply,280.0
252.5,150.0,133.4,M,Raw,272.5
163.29,111.13,74.39,M,Wraps,179.17
230.0,122.5,92.5,M,Raw,262.5
225.0,147.5,101.4,M,Single-ply,292.5
70.0,50.0,56.3,F,Raw,115.0
192.5,130.0,73.65,M,Raw,225.0
220.0,130.0,81.0,F,Single-ply,182.5
265.0,170.0,113.94,M,Raw,305.0
182.5,182.5,98.07,M,Raw,215.0
240.0,142.5,116.1,M,Raw,267.5
182.5,140.0,57.0,M,Single-ply,200.0
185.0,82.5,57.4,F,Single-ply,175.0
177.5,135.0,81.1,M,Raw,240.0
83.91,61.23,53.61,M,Wraps,124.74
220.0,135.0,98.9,M,Single-ply,200.0
188.24,102.06,96.07,M,Single-ply,185.97
245.0,190.0,96.9,M,Wraps,245.0
230.0,142.5,65.4,M,Raw,225.0
192.5,142.5,74.4,M,Raw,192.5
237.5,137.5,106.2,M,Raw,255.0
111.1,56.7,51.12,M,Single-ply,120.2
111.1,99.8,73.7,M,Single-ply,145.2
130.0,88.0,83.7,F,Raw,165.0
242.5,167.5,109.41,M,Single-ply,240.0
95.0,70.0,55.2,F,Raw,130.0
160.0,102.5,59.0,M,Raw,205.0
170.1,104.33,53.3,M,Single-ply,201.85
172.5,95.0,71.6,M,Raw,215.0
274.42,192.78,99.06,M,Multi-ply,229.06
250.0,170.0,117.15,M,Single-ply,225.0
202.5,150.0,73.35,M,Single-ply,280.0
151.95,106.59,98.52,M,Wraps,185.97
175.0,117.5,96.1,M,Single-ply,200.0
140.61,74.84,64.77,M,Single-ply,167.83
188.24,106.59,97.79,M,Single-ply,190.51
137.5,50.0,51.2,F,Single-ply,165.0
222.5,157.5,88.3,M,Single-ply,282.5
165.0,122.5,74.9,M,Wraps,227.5
136.08,77.11,82.37,M,Single-ply,136.08
257.5,167.5,114.76,M,Wraps,255.0
222.5,155.0,103.6,M,Raw,295.0
215.0,165.0,89.99,M,Raw,280.0
108.86,63.5,62.87,M,Single-ply,138.35
183.7,104.33,76.29,M,Single-ply,190.51
174.6,142.9,120.4,M,Raw,199.6
135.0,105.0,73.4,M,Single-ply,187.5
155.0,127.5,85.0,M,Raw,192.5
45.0,36.0,38.7,M,Single-ply,92.5
195.0,137.5,108.1,M,Single-ply,275.0
255.0,165.0,115.9,M,Single-ply,247.5
174.63,106.59,107.05,M,Single-ply,165.56
225.0,140.0,101.4,M,Raw,247.5
124.74,86.18,89.54,F,Wraps,181.44
170.0,117.5,65.8,M,Single-ply,237.5
210.0,142.5,67.5,M,Single-ply,250.0
140.0,110.0,78.4,M,Raw,177.5
287.5,200.0,118.84,M,Raw,277.5
136.08,79.38,56.43,M,Single-ply,161.03
200.0,127.5,102.0,M,Raw,245.0
158.76,83.91,67.95,M,Single-ply,163.29
232.5,155.0,80.8,M,Raw,260.0
154.22,88.45,102.24,M,Single-ply,181.44
265.35,170.1,99.52,M,Wraps,317.51
182.5,130.0,71.7,M,Single-ply,202.5
255.0,170.0,82.0,M,Single-ply,240.0
100.0,55.0,59.3,F,Raw,110.0
147.5,87.5,81.0,M,Raw,180.0
190.0,125.0,93.0,M,Raw,215.0
129.27,74.84,82.5,F,Wraps,161.03
105.0,57.5,58.2,F,Raw,115.0
172.5,125.0,77.7,M,Single-ply,187.5
185.0,77.5,79.8,F,Wraps,160.0
205.0,145.0,92.8,M,Raw,245.0
215.46,140.61,104.87,M,Wraps,226.8
90.0,58.0,51.13,F,Raw,97.5
70.31,54.43,51.17,M,Single-ply,83.91
137.5,65.0,82.5,F,Single-ply,165.0
325.0,220.0,95.95,M,Wraps,287.5
97.52,56.7,80.29,F,Raw,127.01
240.4,111.13,59.87,M,Single-ply,217.72
208.65,136.08,107.23,M,Wraps,240.4
115.0,70.0,99.6,F,Raw,162.5
225.0,142.5,81.9,M,Raw,282.5
130.0,72.5,96.3,M,Raw,142.5
108.86,65.77,64.41,M,Single-ply,127.01
170.0,117.5,64.73,M,Raw,215.0
192.5,115.0,72.85,M,Wraps,195.0
320.0,205.0,136.7,M,Single-ply,320.0
162.5,75.0,56.52,F,Single-ply,155.0
120.0,85.0,58.6,M,Single-ply,140.0
142.5,82.5,74.1,F,Wraps,167.5
185.0,115.0,135.7,M,Raw,205.0
175.0,125.0,113.7,F,Single-ply,155.0
127.5,87.5,88.3,M,Raw,160.0
240.0,177.5,102.51,M,Single-ply,272.5
156.49,88.45,66.68,M,Single-ply,147.42
130.0,95.0,64.45,M,Raw,185.0
204.6,131.8,64.8,M,Single-ply,265.9
187.5,145.0,67.5,M,Single-ply,212.5
192.5,132.5,121.93,M,Wraps,220.5
183.7,111.13,80.69,M,Single-ply,197.31
100.0,57.5,47.8,F,Single-ply,140.0
262.5,150.0,100.0,M,Wraps,260.0
170.1,97.52,136.71,M,Single-ply,183.7
208.65,142.88,107.68,M,Wraps,238.14
332.5,197.5,119.1,M,Single-ply,317.5
136.08,74.84,124.74,M,Single-ply,138.35
227.5,180.0,119.29,M,Wraps,272.5
165.0,107.5,74.0,M,Single-ply,182.5
232.5,187.5,105.9,M,Raw,265.0
140.0,120.0,144.3,M,Single-ply,220.0
163.29,124.74,121.93,M,Raw,190.51
217.5,147.5,74.0,M,Wraps,250.0
90.72,74.84,66.32,M,Single-ply,145.15
124.74,65.77,59.87,M,Single-ply,129.27
86.18,47.63,89.09,F,Raw,124.74
201.85,115.67,132.59,M,Single-ply,192.78
215.46,154.22,93.89,M,Single-ply,185.97
190.0,117.5,108.59,M,Raw,230.0
265.0,150.0,114.1,M,Single-ply,235.0
190.51,127.01,70.49,M,Wraps,226.8
87.5,42.5,71.01,F,Raw,97.5
190.0,130.0,104.7,M,Raw,235.0
154.22,92.99,71.58,M,Single-ply,190.51
290.0,165.0,108.86,M,Raw,292.5
145.0,127.5,67.1,M,Single-ply,187.5
176.9,86.18,116.39,M,Single-ply,176.9
255.0,145.0,80.2,M,Raw,265.0
181.44,117.93,86.0,M,Single-ply,226.8
174.63,115.67,73.94,M,Single-ply,195.04
115.67,63.5,51.62,M,Single-ply,127.01
130.0,90.0,78.25,F,Raw,175.0
155.0,80.0,58.52,M,Raw,235.0
67.5,35.0,67.5,M,Single-ply,60.0
135.0,75.0,71.8,F,Raw,147.5
335.0,212.5,80.18,M,Single-ply,312.5
150.0,117.5,80.24,M,Wraps,182.5
204.12,104.33,99.79,M,Single-ply,204.12
155.0,105.0,83.8,M,Raw,200.0
95.0,52.5,52.93,M,Wraps,125.0
185.97,117.93,94.35,M,Single-ply,188.24
183.7,113.4,80.29,M,Single-ply,183.7
150.0,110.0,65.1,M,Raw,180.0
226.8,129.27,108.73,M,Single-ply,226.8
165.0,140.0,104.9,M,Single-ply,170.0
127.5,65.0,74.3,F,Single-ply,127.5
165.0,127.5,90.55,M,Raw,197.5
162.5,120.0,101.2,M,Raw,230.0
252.5,152.5,91.4,M,Raw,265.0
237.5,130.0,132.1,M,Wraps,272.5
110.0,65.0,70.1,F,Raw,115.0
295.0,190.0,118.76,M,Single-ply,230.0
270.0,217.5,109.86,M,Raw,277.5
40.0,25.0,44.6,F,Raw,65.0
305.0,167.5,88.0,M,Single-ply,290.0
80.0,45.0,50.5,F,Raw,85.0
130.0,75.0,66.8,M,Single-ply,152.5
167.5,97.5,80.2,M,Raw,195.0
227.5,177.5,92.0,M,Raw,232.5
275.0,220.0,108.7,M,Single-ply,227.5
92.99,45.36,63.23,M,Single-ply,102.06
145.0,115.0,84.9,M,Raw,225.0
165.0,117.5,59.0,M,Raw,197.5
183.7,61.23,92.53,M,Wraps,210.92
158.76,90.72,142.65,M,Single-ply,204.12
207.5,137.5,87.6,M,Raw,225.0
122.5,67.5,109.0,F,Raw,140.0
309.8,202.3,75.3,M,Single-ply,294.84
190.0,140.0,98.6,M,Single-ply,235.0
175.0,107.5,73.8,M,Raw,187.5
200.0,112.5,66.6,M,Raw,247.5
256.28,131.54,108.95,M,Wraps,233.6
167.5,102.5,70.49,M,Raw,172.5
125.0,100.0,65.3,M,Raw,165.0
250.0,167.5,129.5,M,Raw,302.5
75.0,27.5,56.0,F,Raw,92.5
220.0,145.0,134.4,M,Raw,240.0
170.0,130.0,87.15,M,Wraps,210.0
183.7,131.54,84.73,M,Single-ply,208.65
150.0,110.0,78.5,M,Raw,200.0
195.0,135.0,99.52,M,Single-ply,220.0
197.31,129.27,87.27,M,Raw,238.14
113.4,63.5,55.88,M,Single-ply,127.01
125.0,62.5,91.4,F,Single-ply,125.0
213.19,122.47,83.82,M,Single-ply,197.31
287.5,155.0,111.9,M,Single-ply,280.0
224.53,136.08,167.83,M,Single-ply,183.7
190.0,117.5,75.2,M,Raw,225.0
81.65,61.23,66.68,M,Single-ply,111.13
197.31,120.2,112.94,M,Wraps,249.48
215.0,155.0,93.3,M,Wraps,237.5
107.5,60.0,89.8,F,Single-ply,107.5
80.0,40.0,59.9,F,Raw,135.0
122.47,70.31,66.04,M,Single-ply,154.22
210.0,125.0,87.4,M,Single-ply,215.0
260.0,150.0,101.7,M,Raw,300.0
70.0,42.5,64.3,F,Raw,102.5
192.5,105.0,73.4,M,Raw,210.0
30.0,160.0,74.2,M,Single-ply,65.0
102.06,65.77,55.34,M,Single-ply,136.08
200.0,147.5,82.0,M,Raw,250.0
332.5,210.0,121.1,M,Wraps,330.0
170.0,95.0,82.74,M,Raw,215.0
192.8,131.5,91.3,M,Raw,247.2
140.0,85.0,52.0,M,Raw,165.0
115.0,60.0,55.75,F,Raw,115.0
267.5,160.0,156.8,M,Wraps,257.5
155.0,135.0,106.5,M,Single-ply,185.0
137.5,85.0,81.1,F,Raw,182.5
117.5,45.0,62.1,F,Single-ply,117.5
155.0,97.5,82.3,M,Single-ply,205.0
217.72,115.67,98.88,M,Single-ply,235.87
230.0,180.0,91.3,M,Single-ply,200.0
250.0,160.0,92.7,M,Raw,265.0
170.0,135.0,117.93,M,Wraps,237.5
230.0,130.0,103.8,M,Raw,227.5
70.0,50.0,56.5,F,Raw,110.0
245.0,145.0,107.1,M,Wraps,260.0
137.5,75.0,66.6,F,Raw,155.0
85.0,55.0,58.8,M,Raw,117.5
180.0,107.5,103.5,M,Raw,227.5
260.82,124.74,105.78,M,Single-ply,251.74
210.92,115.67,150.23,M,Single-ply,190.51
340.19,199.58,149.14,M,Wraps,283.5
142.5,127.5,84.5,M,Single-ply,215.0
100.0,52.5,75.2,F,Raw,122.5
81.7,61.2,67.6,M,Raw,122.5
181.44,111.13,80.1,M,Single-ply,179.17
240.0,155.0,110.9,M,Raw,260.0
140.0,75.0,89.9,F,Raw,152.5
92.5,87.5,66.95,F,Raw,122.5
140.0,105.0,106.91,M,Wraps,185.0
190.0,122.5,67.13,M,Wraps,238.0
290.0,145.0,82.3,M,Single-ply,270.0
90.0,67.5,51.5,F,Raw,135.0
195.0,165.0,105.1,M,Wraps,240.0
202.5,115.0,77.2,M,Raw,237.5
122.5,52.5,59.2,F,Single-ply,125.0
177.5,127.5,77.11,M,Wraps,192.5
205.0,132.5,103.6,M,Raw,255.0
275.0,192.5,106.8,M,Wraps,282.5
232.5,167.5,89.6,M,Single-ply,205.0
192.5,97.5,71.0,M,Raw,215.0
215.0,190.0,89.9,M,Raw,225.0
187.5,147.5,80.5,M,Raw,220.0
95.0,42.5,54.88,F,Raw,110.0
127.5,60.0,71.8,F,Raw,142.5
150.0,117.5,78.83,M,Wraps,235.0
72.5,47.5,62.1,F,Raw,115.0
115.0,50.0,51.53,F,Raw,92.5
245.0,152.5,82.5,M,Single-ply,305.0
72.5,50.0,62.0,F,Raw,90.0
155.0,140.0,90.4,M,Raw,210.0
210.92,136.08,73.94,M,Single-ply,195.04
110.0,70.0,75.0,F,Single-ply,130.0
179.17,111.13,71.49,M,Single-ply,183.7
85.0,65.0,67.44,F,Raw,125.0
110.0,70.0,76.9,M,Raw,150.0
165.0,115.0,66.0,M,Raw,212.5
136.08,65.77,72.12,F,Wraps,142.88
142.88,111.13,96.07,M,Single-ply,147.42
170.1,122.5,84.6,M,Raw,226.8
270.0,200.0,121.8,M,Raw,270.0
112.5,75.0,72.2,M,Raw,142.5
100.0,60.0,43.6,F,Raw,122.5
160.0,175.0,158.4,M,Raw,225.0
190.0,122.5,83.96,M,Wraps,210.0
127.5,82.5,67.3,F,Raw,177.5
82.5,45.0,70.0,F,Raw,100.0
197.5,135.0,82.75,M,Raw,230.0
125.0,67.5,69.7,F,Single-ply,125.0
185.0,127.5,90.4,M,Raw,205.0
204.12,106.59,91.17,M,Single-ply,192.78
217.7,111.1,80.8,M,Single-ply,215.5
235.0,162.5,101.1,M,Raw,235.0
245.0,180.0,118.0,M,Raw,275.0
147.42,86.18,77.56,M,Single-ply,147.42
213.19,124.74,59.78,M,Single-ply,219.99
135.0,97.5,85.6,M,Single-ply,177.5
195.0,178.0,104.8,M,Raw,240.0
297.5,185.0,145.0,M,Wraps,292.5
245.0,177.5,98.61,M,Wraps,262.5
183.7,138.35,87.91,M,Raw,188.24
165.0,85.0,90.0,M,Single-ply,195.0
110.0,47.5,57.79,F,Single-ply,102.5
245.0,182.5,81.7,M,Raw,252.5
161.03,99.79,58.97,M,Single-ply,165.56
195.0,160.0,95.8,M,Raw,210.0
225.0,140.0,103.7,M,Wraps,272.5
112.5,67.5,56.5,F,Raw,147.5
260.0,135.0,90.2,F,Single-ply,220.0
180.0,125.0,73.9,M,Raw,215.0
158.76,108.86,102.29,M,Single-ply,190.51
60.0,57.5,59.0,F,Raw,112.5
105.0,60.0,89.0,F,Raw,100.0
113.4,52.16,106.32,F,Raw,127.01
213.19,217.72,97.84,M,Wraps,208.65
185.97,131.54,100.88,M,Single-ply,188.24
197.5,112.5,92.6,M,Raw,210.0
204.12,115.67,119.2,M,Single-ply,183.7
147.42,83.91,110.22,M,Single-ply,183.7
85.0,50.0,60.1,F,Raw,107.5
149.69,74.84,51.71,M,Single-ply,181.44
86.18,47.63,64.23,F,Wraps,90.72
202.5,137.5,83.0,M,Raw,240.0
220.0,155.0,90.2,M,Raw,290.0
90.72,49.9,57.42,F,Wraps,102.06
182.5,145.0,79.7,M,Raw,237.5
183.7,93.0,100.0,M,Raw,165.6
240.0,175.0,92.9,M,Raw,270.0
272.5,142.5,122.1,M,Wraps,291.0
130.0,90.0,74.35,M,Raw,145.0
199.58,142.88,88.9,M,Raw,229.06
200.0,122.5,116.43,M,Raw,212.5
183.7,99.79,87.09,M,Single-ply,170.1
185.0,107.5,75.0,M,Single-ply,210.0
240.0,160.0,58.75,M,Single-ply,232.5
185.97,113.4,109.77,M,Single-ply,190.51
52.5,35.0,59.65,F,Wraps,90.0
102.5,52.5,54.7,F,Wraps,142.5
175.0,102.5,88.35,M,Raw,190.0
77.5,57.5,58.9,F,Raw,127.5
207.5,127.5,90.0,M,Single-ply,207.5
152.0,108.9,72.5,M,Raw,176.9
205.0,115.0,82.2,M,Raw,220.0
124.74,111.13,75.0,M,Single-ply,158.76
165.0,102.5,71.05,F,Raw,160.0
127.5,87.5,95.8,M,Raw,145.0
160.0,97.5,84.8,M,Single-ply,195.0
390.0,275.0,137.2,M,Single-ply,338.0
185.0,137.5,73.1,M,Raw,182.5
371.95,229.06,122.7,M,Multi-ply,306.17
176.9,102.06,69.76,M,Wraps,174.63
112.5,62.5,56.02,F,Raw,152.5
362.87,240.4,87.82,M,Multi-ply,317.51
219.99,127.01,88.45,M,Wraps,272.16
147.5,85.0,80.2,F,Raw,165.0
252.5,150.0,88.6,M,Wraps,295.0
90.0,60.0,70.2,F,Raw,117.5
272.5,145.0,147.0,M,Raw,265.0
170.0,100.0,79.2,M,Raw,197.5
233.6,161.03,98.7,M,Raw,274.42
132.5,85.0,79.2,M,Raw,165.0
183.7,120.2,90.0,M,Raw,183.7
92.5,70.0,73.0,M,Raw,142.5
127.5,90.0,86.64,M,Raw,185.0
167.5,142.5,73.94,M,Wraps,215.0
125.0,47.5,62.03,F,Single-ply,137.5
244.94,149.69,85.37,M,Single-ply,249.48
155.0,100.0,64.7,M,Raw,215.0
151.95,83.91,105.05,M,Single-ply,133.81
210.0,125.0,113.1,M,Raw,227.5
272.5,145.0,94.35,M,Wraps,267.5
200.0,97.5,125.0,M,Wraps,205.0
275.0,210.0,81.5,M,Single-ply,250.0
280.0,180.0,107.7,M,Single-ply,272.5
200.0,147.5,88.18,M,Wraps,210.0
145.0,67.5,42.2,F,Single-ply,120.0
72.5,37.5,51.9,F,Raw,80.0
120.0,70.0,66.56,F,Raw,142.5
117.5,62.5,67.4,F,Raw,122.5
215.0,110.0,125.4,M,Raw,240.0
102.5,55.0,82.5,F,Single-ply,132.5
160.0,147.5,88.99,M,Raw,192.5
290.0,142.5,89.6,M,Single-ply,300.0
157.5,140.0,77.75,M,Single-ply,210.0
130.0,80.0,59.2,M,Wraps,135.0
182.5,100.0,73.0,M,Raw,222.5
124.7,61.2,70.5,F,Single-ply,158.8
299.37,195.04,119.84,M,Raw,276.69
107.5,57.5,60.9,F,Raw,122.5
155.0,102.5,90.0,M,Wraps,205.0
102.51,60.01,81.47,F,Raw,152.5
182.5,90.0,147.0,F,Raw,207.5
125.0,62.5,59.33,F,Wraps,137.5
340.0,250.0,149.4,M,Wraps,350.0
154.22,99.79,107.64,M,Single-ply,154.22
230.0,150.0,119.95,M,Raw,255.0
167.5,137.5,89.3,M,Raw,185.0
195.0,135.0,74.4,M,Wraps,205.0
195.0,117.5,81.5,M,Single-ply,200.0
262.5,190.0,86.8,M,Single-ply,262.5
235.0,150.0,89.6,M,Wraps,255.0
195.0,110.0,87.7,M,Single-ply,215.0
142.5,70.0,66.9,F,Wraps,150.0
86.18,54.43,51.17,M,Single-ply,99.79
120.0,65.0,73.6,F,Raw,137.5
132.5,75.0,70.4,M,Raw,142.5
187.5,127.5,80.6,M,Wraps,210.0
204.1,154.2,96.6,M,Raw,249.5
95.25,45.36,56.0,F,Wraps,111.13
115.5,60.0,55.9,F,Raw,120.0
152.5,102.5,71.1,F,Raw,160.0
155.0,130.0,80.4,M,Raw,197.5
206.38,138.35,80.74,M,Single-ply,206.38
120.0,72.5,62.4,F,Raw,145.0
188.24,113.4,98.07,M,Single-ply,226.8
142.5,95.0,71.0,M,Single-ply,167.5
167.5,110.0,77.56,M,Raw,250.0
230.0,145.0,95.7,M,Raw,220.0
240.0,142.5,98.6,M,Wraps,260.0
247.5,157.5,101.8,M,Raw,245.0
90.0,47.5,52.0,F,Raw,122.5
195.0,155.0,81.69,M,Wraps,217.5
247.5,172.5,99.02,M,Wraps,227.5
310.0,222.5,131.9,M,Wraps,265.0
199.6,131.5,125.0,M,Raw,208.7
155.0,112.5,74.43,M,Wraps,197.5
117.5,85.0,80.1,M,Raw,190.0
92.5,55.0,49.5,F,Raw,115.0
192.5,145.0,96.4,M,Raw,235.0
135.0,70.0,58.6,F,Single-ply,150.0
174.63,111.13,116.12,M,Wraps,256.28
187.5,145.0,74.93,M,Raw,235.0
165.0,140.0,87.4,M,Wraps,190.0
204.12,154.22,103.19,M,Wraps,249.48
370.0,220.0,108.3,M,Single-ply,325.0
200.0,130.0,102.8,M,Single-ply,210.0
190.51,115.67,79.47,M,Single-ply,181.44
235.0,175.0,82.5,M,Multi-ply,227.5
265.0,150.0,92.8,M,Raw,300.0
237.5,155.0,81.8,M,Raw,230.0
197.31,127.01,82.28,M,Raw,238.14
235.0,190.0,114.1,M,Single-ply,262.5
77.5,52.5,58.4,F,Raw,110.0
167.5,130.0,65.0,M,Single-ply,182.5
129.3,79.4,76.9,F,Single-ply,136.1
300.0,100.0,116.7,M,Single-ply,275.0
172.37,102.06,94.08,M,Single-ply,161.03
182.5,127.5,72.84,M,Raw,227.5
247.5,147.5,104.48,M,Raw,275.0
280.0,180.0,104.05,M,Single-ply,280.0
160.0,80.0,93.75,F,Raw,213.0
250.0,205.0,98.05,M,Raw,295.0
227.5,160.0,72.1,M,Single-ply,230.0
372.5,355.0,147.3,M,Single-ply,322.5
75.0,40.0,62.9,F,Raw,90.0
157.5,120.0,75.0,M,Single-ply,215.0
272.16,208.65,100.0,M,Multi-ply,235.87
67.5,32.5,54.4,F,Single-ply,67.5
102.06,54.43,65.77,F,Wraps,117.93
237.5,177.5,125.0,M,Wraps,212.5
215.0,110.0,91.59,F,Raw,190.0
220.0,137.5,83.75,M,Single-ply,245.0
328.85,197.31,120.93,M,Single-ply,238.14
250.0,197.5,81.9,M,Single-ply,227.5
110.0,50.0,77.0,F,Raw,130.0
385.0,265.0,132.3,M,Multi-ply,230.0
138.35,77.11,82.5,M,Single-ply,161.03
137.5,87.5,81.5,M,Raw,142.5
250.0,162.5,99.2,M,Wraps,275.0
240.0,152.5,138.8,M,Raw,260.0
192.5,127.5,90.9,M,Raw,227.5
245.0,165.0,107.41,M,Raw,272.5
137.5,80.0,66.6,F,Wraps,137.5
82.5,47.5,59.8,F,Raw,120.0
142.5,62.5,59.6,F,Single-ply,135.0
192.5,117.5,119.29,M,Wraps,235.0
105.0,57.5,78.45,M,Wraps,150.0
225.0,122.5,73.9,M,Raw,280.0
100.0,65.0,70.94,F,Raw,140.0
138.35,74.84,73.57,F,Wraps,167.83
237.5,162.5,74.6,M,Single-ply,257.5
247.5,147.5,101.0,M,Raw,257.5
167.5,127.5,86.2,M,Raw,197.5
155.0,112.5,65.68,M,Wraps,215.0
212.5,167.5,130.24,M,Raw,217.5
220.0,140.0,99.7,M,Raw,235.0
100.0,52.5,62.6,F,Raw,140.0
200.0,110.0,72.7,M,Raw,217.5
270.0,210.0,96.2,M,Single-ply,290.0
87.5,42.5,71.03,F,Wraps,135.0
247.5,155.0,109.3,M,Raw,260.0
240.4,131.54,86.27,M,Single-ply,222.26
110.0,60.0,67.0,F,Wraps,132.5
222.5,162.5,85.75,M,Raw,257.5
170.1,102.06,108.41,M,Single-ply,149.69
127.01,95.25,66.95,M,Single-ply,138.35
307.5,217.5,89.72,M,Single-ply,310.0
238.14,129.27,157.22,M,Single-ply,204.12
215.46,111.13,89.31,M,Single-ply,201.85
272.16,170.1,96.98,M,Single-ply,251.74
237.5,155.0,87.0,M,Raw,255.0
140.0,125.0,72.2,M,Raw,215.0
75.0,37.5,53.3,F,Raw,100.0
215.46,124.74,98.7,M,Single-ply,195.04
202.5,140.0,73.2,M,Raw,190.0
204.12,145.15,110.0,M,Wraps,281.23
100.0,50.0,46.6,F,Raw,135.0
188.24,136.08,81.19,M,Single-ply,195.04
213.19,161.03,124.74,M,Wraps,233.6
199.58,122.47,93.26,M,Single-ply,195.04
147.5,105.0,59.24,M,Raw,185.0
177.5,95.0,60.0,F,Single-ply,170.0
192.5,120.0,72.85,M,Single-ply,225.0
205.0,145.0,80.85,M,Raw,242.5
170.0,112.5,64.2,M,Raw,195.0
453.59,317.51,137.89,M,Multi-ply,328.85
142.5,62.5,60.0,F,Single-ply,155.0
120.2,52.16,77.79,F,Raw,113.4
90.0,62.5,81.5,F,Raw,135.0
151.95,108.86,103.06,M,Single-ply,156.49
190.0,100.0,59.6,M,Single-ply,210.0
182.5,157.5,73.6,M,Raw,212.5
320.0,215.0,136.0,M,Single-ply,310.0
154.22,115.67,92.53,M,Single-ply,163.29
90.0,57.5,44.3,F,Single-ply,87.5
182.5,132.5,85.2,M,Raw,215.0
165.0,115.0,63.42,M,Raw,172.5
113.4,47.63,51.44,M,Single-ply,108.86
104.33,70.31,86.0,F,Raw,145.15
125.0,72.5,73.6,F,Raw,175.0
297.1,188.24,118.39,M,Wraps,272.16
147.5,122.5,85.6,M,Wraps,227.5
160.0,140.0,102.8,M,Raw,187.5
220.0,137.5,79.4,M,Raw,262.5
249.48,176.9,138.71,M,Single-ply,235.87
265.0,150.0,129.5,M,Raw,260.0
272.5,240.0,105.1,M,Wraps,242.5
230.0,130.0,89.1,M,Raw,250.0
160.0,87.5,104.7,M,Raw,195.0
110.0,67.5,94.9,F,Raw,130.0
170.0,87.5,82.5,M,Single-ply,177.5
195.0,122.5,73.9,M,Raw,242.5
110.0,70.0,65.9,F,Raw,135.0
142.5,110.0,85.2,M,Raw,185.0
272.5,162.5,117.6,M,Raw,300.0
150.0,115.0,86.8,M,Single-ply,180.0
217.72,117.93,93.39,M,Single-ply,181.44
235.87,158.76,91.63,M,Wraps,290.3
172.5,120.0,85.0,M,Raw,245.0
82.5,42.5,60.7,F,Raw,105.0
72.57,49.9,51.26,M,Single-ply,72.57
190.0,132.5,90.1,M,Raw,227.5
125.0,70.0,76.8,F,Raw,160.0
215.0,187.5,99.88,M,Raw,282.5
197.5,130.0,74.66,M,Raw,222.5
235.87,140.61,148.05,M,Wraps,272.16
124.74,74.84,59.06,M,Single-ply,145.15
152.5,107.5,81.4,M,Raw,210.0
136.08,90.72,81.74,F,Raw,165.56
225.0,130.0,101.6,M,Raw,220.0
152.5,105.0,110.0,M,Single-ply,207.5
187.5,137.5,93.9,M,Raw,232.5
87.5,60.0,58.6,F,Raw,132.5
127.01,68.04,67.68,M,Single-ply,122.47
122.5,67.5,59.2,F,Raw,152.5
115.0,65.0,63.5,F,Raw,160.0
75.0,85.0,69.55,F,Raw,100.0
140.0,102.5,69.49,M,Raw,205.0
162.5,97.5,80.2,M,Raw,192.5
140.0,128.0,92.44,M,Raw,165.0
110.0,57.5,70.2,F,Raw,127.5
170.1,127.01,93.17,M,Single-ply,167.83
108.86,56.7,59.69,M,Single-ply,145.15
220.0,155.0,118.6,M,Single-ply,255.0
292.5,200.0,110.0,M,Single-ply,267.5
107.5,57.5,65.9,M,Single-ply,115.0
137.5,120.0,74.5,M,Wraps,215.0
100.0,57.5,61.9,F,Single-ply,105.0
250.0,160.0,92.2,M,Raw,282.5
157.5,102.5,70.8,M,Single-ply,192.5
177.5,112.5,77.5,M,Raw,227.5
150.0,82.5,136.6,M,Raw,180.0
260.82,195.04,120.38,M,Raw,61.23
160.0,107.5,92.5,M,Raw,200.0
215.0,117.5,86.8,M,Single-ply,230.0
242.67,154.22,108.41,M,Wraps,265.35
245.0,160.0,100.0,M,Single-ply,275.0
200.0,132.5,87.0,M,Raw,227.5
255.0,172.5,102.74,M,Raw,275.0
100.0,65.0,70.5,F,Raw,150.0
202.5,152.5,79.4,M,Raw,237.5
110.0,60.0,71.2,F,Raw,135.0
277.5,205.0,119.3,M,Raw,300.0
232.5,145.0,104.4,M,Raw,277.5
185.0,140.0,89.5,M,Raw,242.5
150.0,75.0,87.09,F,Single-ply,150.0
147.5,112.5,86.7,M,Raw,190.0
201.85,102.06,66.77,M,Single-ply,195.04
227.5,142.5,70.4,M,Raw,247.5
157.5,77.5,99.7,F,Raw,180.0
317.51,181.44,138.57,M,Wraps,294.84
117.93,72.57,51.26,M,Single-ply,127.01
192.5,157.5,101.8,M,Raw,252.5
107.5,72.5,74.1,M,Raw,125.0
282.5,170.0,132.45,M,Raw,257.5
149.69,97.52,67.36,M,Single-ply,145.15
150.0,100.0,61.0,M,Raw,187.5
182.5,115.0,80.3,M,Raw,210.0
247.21,136.08,118.39,M,Single-ply,226.8
150.0,62.5,98.1,F,Raw,162.5
158.76,88.45,66.86,M,Single-ply,179.17
185.0,130.0,68.5,F,Single-ply,195.0
237.5,185.0,126.9,M,Raw,267.5
192.5,132.5,82.1,M,Raw,210.0
220.0,130.0,101.2,M,Single-ply,230.0
224.0,154.0,105.0,M,Raw,240.0
477.5,342.5,139.25,M,Multi-ply,315.0
210.0,135.0,113.9,M,Raw,230.0
195.0,132.5,96.6,M,Raw,220.0
140.0,112.5,94.9,M,Raw,185.0
222.26,133.81,81.74,M,Single-ply,242.67
200.0,112.5,90.3,M,Raw,240.0
367.41,244.94,112.04,M,Multi-ply,294.84
108.86,54.43,58.06,M,Single-ply,129.27
125.0,75.0,65.4,F,Raw,152.5
140.0,57.5,61.4,F,Single-ply,120.0
185.0,120.0,50.36,F,Single-ply,175.0
299.37,170.1,81.56,M,Wraps,260.82
65.0,37.5,45.6,F,Raw,80.0
195.04,115.67,74.84,M,Single-ply,201.85
272.16,174.63,97.98,M,Wraps,272.16
183.7,68.04,104.33,M,Single-ply,174.63
142.5,50.0,87.2,F,Raw,162.5
226.8,163.29,129.91,M,Single-ply,181.44
220.0,130.0,73.48,M,Single-ply,235.0
290.0,207.5,88.2,M,Single-ply,285.0
175.0,112.5,73.6,M,Raw,200.0
56.7,59.0,111.0,F,Raw,138.4
147.42,88.45,69.13,F,Wraps,167.83
190.0,117.5,91.4,M,Raw,255.0
85.0,57.5,66.9,F,Raw,115.0
187.5,132.5,109.5,M,Wraps,225.0
155.0,85.0,64.1,M,Raw,192.5
290.0,165.0,82.3,M,Single-ply,295.0
205.0,135.0,67.5,M,Single-ply,240.0
77.5,35.0,94.17,F,Raw,85.0
210.92,140.61,109.23,M,Single-ply,229.06
95.0,45.0,45.3,F,Raw,102.5
100.0,50.0,56.8,F,Raw,140.0
165.56,97.52,74.21,M,Single-ply,190.51
192.5,122.5,74.8,M,Raw,237.5
182.5,135.0,107.6,M,Raw,207.5
162.5,102.5,81.4,M,Raw,192.5
290.0,202.5,109.1,M,Wraps,272.5
222.5,150.0,89.6,M,Wraps,275.0
124.74,61.23,60.33,M,Single-ply,136.08
125.0,67.5,68.15,F,Raw,165.0
182.5,125.0,113.53,M,Raw,157.5
200.0,150.0,102.2,M,Single-ply,240.0
255.0,145.0,75.0,M,Single-ply,302.5
142.88,88.45,106.0,M,Single-ply,145.15
227.5,150.0,87.0,M,Raw,277.5
142.5,62.5,75.0,F,Raw,162.5
230.0,140.0,126.75,M,Raw,280.0
205.0,140.0,79.5,M,Raw,242.5
175.0,102.5,73.7,M,Single-ply,202.5
133.81,63.5,50.35,M,Single-ply,129.27
142.5,112.5,87.45,M,Raw,160.0
287.5,157.5,120.66,M,Wraps,265.0
154.22,97.52,81.37,M,Single-ply,167.83
150.0,85.0,71.2,F,Single-ply,165.0
176.9,122.47,166.47,M,Single-ply,170.1
317.51,210.92,122.38,M,Multi-ply,278.96
306.17,204.12,98.7,M,Wraps,294.84
90.0,35.0,46.4,F,Single-ply,112.5
197.5,170.0,89.05,M,Raw,260.0
112.5,65.0,58.8,F,Raw,120.0
215.0,150.0,82.2,M,Raw,245.0
135.0,70.0,55.9,M,Raw,140.0
282.5,192.5,102.6,M,Single-ply,300.0
210.0,157.5,102.6,M,Raw,232.5
92.5,62.5,58.2,F,Raw,117.5
206.4,152.0,89.2,M,Raw,240.4
177.5,92.5,76.8,F,Raw,212.5
272.16,181.44,83.64,F,Multi-ply,249.48
302.5,150.0,118.8,M,Wraps,237.5
254.01,145.15,120.47,M,Wraps,278.96
160.0,100.0,104.5,M,Raw,160.0
138.35,83.91,73.94,M,Single-ply,136.08
230.0,150.0,98.7,M,Raw,272.5
165.0,82.5,83.7,M,Wraps,227.5
285.0,187.5,90.0,M,Single-ply,300.0
240.0,147.5,121.3,M,Raw,250.0
179.96,137.44,90.0,M,Single-ply,222.49
170.1,124.74,92.35,M,Single-ply,188.24
175.0,90.0,74.07,F,Wraps,172.5
185.0,122.5,81.5,M,Raw,197.5
111.13,61.23,55.79,M,Single-ply,133.81
165.56,136.08,74.84,M,Raw,208.65
260.82,120.2,95.71,M,Single-ply,238.14
282.5,195.0,109.8,M,Wraps,280.0
90.0,70.0,46.91,F,Raw,125.0
210.0,165.0,99.0,M,Raw,277.5
75.0,72.5,59.6,M,Wraps,145.0
147.5,112.5,94.9,M,Raw,217.5
235.0,175.0,108.9,M,Wraps,252.5
145.0,140.0,118.4,M,Raw,185.0
85.0,75.0,106.5,M,Single-ply,147.5
157.5,105.0,58.4,M,Raw,210.0
65.0,50.0,51.71,F,Raw,107.5
170.1,102.06,99.79,M,Single-ply,174.63
79.38,52.16,50.35,M,Single-ply,86.18
158.76,111.13,79.83,M,Raw,229.06
125.0,67.5,68.4,F,Raw,147.5
281.23,195.04,97.98,M,Raw,294.84
227.5,162.5,112.8,M,Raw,250.0
330.0,235.0,119.9,M,Single-ply,320.0
97.5,52.5,69.5,F,Single-ply,120.0
148.0,115.0,97.1,M,Wraps,210.0
231.33,161.03,89.09,M,Wraps,249.48
230.0,155.0,119.75,M,Raw,272.5
102.5,57.5,55.2,F,Raw,127.5
162.5,90.0,74.2,F,Raw,190.0
92.99,47.63,44.36,M,Single-ply,90.72
100.0,74.5,56.55,F,Raw,137.5
202.5,120.0,89.9,M,Raw,260.0
200.0,150.0,109.8,M,Raw,245.0
210.92,124.74,78.83,M,Single-ply,226.8
205.0,125.0,100.5,M,Raw,250.0
142.88,83.91,64.5,M,Single-ply,154.22
165.56,122.47,73.84,M,Single-ply,201.85
252.5,160.0,74.6,M,Single-ply,262.5
137.5,120.0,99.2,M,Raw,195.0
97.5,52.5,50.6,F,Raw,122.5
180.0,112.5,65.5,M,Raw,215.0
32.5,32.5,61.8,F,Raw,60.0
165.0,127.5,78.1,M,Raw,180.0
183.7,97.52,110.04,M,Single-ply,167.83
82.5,40.0,50.6,F,Raw,137.5
154.22,136.08,88.81,M,Raw,185.97
347.0,242.67,122.74,M,Multi-ply,317.51
120.0,65.0,69.3,F,Raw,132.5
65.0,55.0,67.3,F,Raw,85.0
129.27,72.57,57.52,M,Single-ply,151.95
255.0,220.0,105.4,M,Single-ply,275.0
102.5,60.0,58.69,M,Raw,120.0
99.79,45.36,41.05,M,Single-ply,102.06
87.5,62.5,118.82,F,Raw,115.0
125.0,72.5,70.31,F,Raw,150.0
220.0,180.0,102.9,M,Raw,227.5
240.0,175.0,89.86,M,Wraps,290.0
227.5,207.5,106.1,M,Wraps,227.5
100.0,60.0,61.58,F,Raw,120.0
219.99,124.74,149.69,M,Single-ply,210.92
230.0,172.5,85.0,M,Single-ply,252.5
82.5,60.0,64.6,M,Raw,122.5
77.5,50.0,51.0,F,Raw,115.0
190.0,115.0,88.6,M,Raw,205.0
149.69,104.33,92.08,M,Single-ply,190.51
136.08,79.38,56.7,M,Single-ply,129.27
240.0,162.5,75.0,M,Single-ply,240.0
260.82,145.15,87.54,M,Single-ply,229.06
190.0,122.5,66.36,M,Raw,237.5
165.56,95.25,103.69,M,Single-ply,165.56
207.5,112.5,91.25,M,Raw,245.0
150.0,110.0,81.6,M,Raw,195.0
295.0,177.5,99.79,M,Wraps,275.0
240.0,177.5,118.0,M,Single-ply,250.0
192.5,80.0,110.2,F,Single-ply,180.0
226.8,181.44,90.0,M,Wraps,290.3
172.5,105.0,90.3,M,Raw,197.5
345.0,282.5,,M,Single-ply,282.5
120.2,72.57,103.69,M,Single-ply,124.74
205.0,130.0,137.44,M,Wraps,195.0
151.95,102.06,65.77,M,Single-ply,149.69
105.0,57.5,50.5,F,Raw,125.0
276.69,163.29,108.68,M,Single-ply,226.8
106.59,56.7,71.58,F,Wraps,115.67
260.82,142.88,113.31,M,Single-ply,226.8
267.62,156.49,105.23,M,Single-ply,231.33
72.5,50.0,69.1,F,Raw,100.0
140.0,95.0,56.5,F,Single-ply,150.0
208.65,122.47,87.63,M,Single-ply,222.26
137.5,65.0,83.0,F,Raw,152.5
165.0,152.5,109.9,M,Raw,220.0
142.5,142.5,122.24,M,Wraps,227.5
163.29,95.25,51.62,M,Single-ply,165.56
142.88,158.76,111.31,M,Raw,274.42
197.5,155.0,132.27,M,Raw,237.5
81.65,54.43,57.61,M,Single-ply,124.74
162.5,87.5,81.5,F,Raw,195.0
217.5,102.5,67.4,M,Single-ply,255.0
182.5,97.5,86.0,M,Raw,192.5
187.5,127.5,86.45,M,Raw,210.0
145.0,77.5,62.3,F,Raw,162.5
220.0,115.0,106.59,M,Raw,220.0
187.5,110.0,72.8,M,Single-ply,182.5
235.0,160.0,105.41,M,Wraps,227.5
340.0,240.0,148.0,M,Raw,351.0
181.44,97.52,80.38,M,Wraps,208.65
210.5,127.5,63.1,M,Raw,255.0
112.5,60.0,52.0,M,Single-ply,130.0
102.5,50.0,47.4,F,Single-ply,132.5
160.0,110.0,86.7,M,Raw,210.0
132.5,60.0,78.38,F,Raw,142.5
182.5,117.5,60.0,M,Single-ply,230.0
278.96,170.1,134.17,M,Wraps,294.84
300.0,205.0,153.5,M,Wraps,245.0
410.0,290.0,136.38,M,Single-ply,355.0
244.94,147.42,133.81,M,Wraps,276.69
170.0,95.0,56.0,M,Single-ply,187.5
210.0,147.5,81.19,M,Raw,245.0
238.14,158.76,74.62,M,Wraps,256.28
150.0,82.5,91.3,M,Raw,200.0
210.92,147.42,119.39,M,Single-ply,195.04
107.5,72.5,97.5,F,Raw,122.5
152.5,102.5,62.2,M,Single-ply,162.5
147.42,113.4,99.79,M,Wraps,165.56
42.5,32.5,54.79,F,Raw,75.0
212.5,105.0,66.68,M,Wraps,205.0
137.5,62.5,67.5,F,Single-ply,140.0
242.67,154.22,97.61,M,Wraps,272.16
190.0,115.0,72.2,M,Wraps,200.0
355.0,230.0,110.0,M,Single-ply,287.5
222.5,165.0,95.9,M,Raw,302.5
100.0,60.0,65.7,F,Raw,140.0
195.04,133.81,83.73,M,Single-ply,195.04
160.0,80.0,62.0,F,Single-ply,152.5
227.5,142.5,88.63,M,Wraps,257.5
180.0,120.0,83.0,M,Raw,247.5
87.5,50.0,65.77,F,Wraps,102.5
133.81,58.97,67.13,M,Single-ply,154.22
247.21,151.95,108.32,M,Wraps,294.84
165.56,102.06,55.79,M,Single-ply,206.38
111.1,61.2,50.8,M,Single-ply,127.0
175.0,147.5,92.65,M,Single-ply,212.5
142.5,115.0,82.15,M,Raw,175.0
147.5,95.0,75.0,M,Raw,197.5
151.95,72.57,73.12,M,Single-ply,142.88
330.0,175.0,145.7,M,Raw,275.0
233.6,113.4,128.82,M,Single-ply,204.12
170.0,107.5,64.0,M,Raw,170.0
247.5,170.0,90.0,M,Raw,292.5
263.08,154.22,146.6,M,Raw,272.16
137.5,77.5,86.2,F,Single-ply,145.0
174.63,120.2,66.68,M,Single-ply,219.99
206.38,161.03,105.91,M,Wraps,256.28
297.5,182.5,97.7,M,Raw,295.0
206.38,147.42,120.79,M,Multi-ply,240.4
272.16,158.76,81.19,M,Single-ply,294.84
107.5,55.0,67.45,F,Raw,145.0
399.16,217.72,107.23,M,Wraps,347.0
240.0,147.5,82.5,M,Single-ply,270.0
160.0,67.5,62.4,F,Single-ply,140.0
97.5,57.5,55.75,F,Wraps,115.0
155.0,145.0,111.6,M,Raw,192.5
190.0,150.0,95.6,M,Raw,227.5
82.5,60.0,59.0,F,Raw,145.0
190.51,97.52,67.13,M,Single-ply,210.92
187.5,117.5,78.7,M,Single-ply,200.0
127.5,72.5,91.9,F,Raw,155.0
131.54,79.38,67.13,M,Single-ply,147.42
217.5,159.89,100.0,M,Single-ply,209.9
142.5,77.5,68.05,F,Single-ply,165.0
117.93,58.97,49.9,M,Single-ply,129.27
197.31,117.93,115.21,M,Single-ply,181.44
170.0,110.0,94.7,M,Single-ply,200.0
350.0,230.0,104.65,M,Single-ply,342.5
102.5,50.0,60.8,F,Raw,117.5
210.0,142.5,89.9,M,Raw,272.5
220.0,125.0,81.5,M,Raw,230.0
113.4,61.23,81.19,M,Single-ply,102.06
215.0,125.0,107.9,M,Single-ply,150.0
227.5,165.0,118.05,M,Raw,282.5
138.35,97.52,65.77,M,Wraps,165.56
175.0,122.5,81.4,M,Raw,192.5
290.0,175.0,74.6,M,Single-ply,290.0
115.0,65.0,70.49,M,Wraps,147.5
127.5,55.0,74.2,F,Raw,177.5
155.0,105.0,86.45,M,Raw,175.0
112.5,67.5,62.6,F,Raw,152.5
180.0,92.5,66.48,F,Single-ply,140.0
229.06,154.22,98.43,M,Wraps,240.4
152.5,105.0,85.3,M,Raw,190.0
210.0,145.0,85.1,M,Raw,242.5
205.0,175.0,121.56,M,Raw,282.5
175.0,80.0,79.5,F,Raw,165.0
120.0,87.5,91.8,M,Single-ply,165.0
187.5,115.0,85.4,M,Wraps,227.5
215.46,156.49,108.86,M,Single-ply,195.04
225.0,207.5,85.5,M,Single-ply,240.0
182.5,125.0,91.3,M,Raw,227.5
195.0,127.5,100.5,M,Raw,190.0
120.0,62.5,74.84,F,Wraps,147.53
115.0,55.0,98.0,F,Raw,137.5
135.0,60.0,85.5,F,Raw,162.5
281.23,149.69,115.48,M,Single-ply,244.94
242.5,142.5,92.9,M,Raw,265.0
167.5,80.0,66.7,M,Wraps,185.0
165.0,107.5,79.6,M,Raw,215.0
107.5,55.0,56.5,F,Raw,140.0
235.0,215.0,117.7,M,Wraps,272.5
317.5,185.0,119.5,M,Single-ply,270.0
175.0,120.0,67.5,M,Wraps,192.5
102.5,77.5,63.5,F,Raw,132.5
181.44,145.15,97.89,M,Wraps,215.46
137.5,102.5,134.49,M,Wraps,175.0
263.08,190.51,95.35,M,Wraps,274.42
115.0,80.0,50.4,F,Raw,125.0
155.0,77.5,123.7,F,Raw,190.0
183.7,122.47,106.14,M,Single-ply,176.9
112.5,72.5,71.6,F,Raw,140.0
230.0,177.5,116.12,M,Raw,242.5
172.37,88.45,71.89,M,Single-ply,199.58
215.0,185.0,110.3,M,Raw,230.0
130.0,75.0,83.0,M,Raw,157.5
154.22,92.99,143.43,M,Single-ply,165.56
227.5,157.5,88.3,M,Raw,317.5
205.0,147.5,89.3,M,Raw,217.5
157.5,102.5,79.42,M,Raw,192.5
120.2,83.91,69.85,M,Single-ply,163.29
210.0,152.5,82.0,M,Raw,242.5
160.0,105.0,66.0,M,Raw,185.0
140.0,112.5,69.2,M,Single-ply,185.0
150.0,92.5,50.6,F,Single-ply,145.0
272.16,179.17,173.73,M,Single-ply,229.06
225.0,132.5,104.8,M,Wraps,257.5
142.88,97.52,68.13,M,Single-ply,163.29
135.0,105.0,82.83,M,Raw,175.0
217.5,142.5,88.9,M,Wraps,272.5
375.0,260.0,146.5,M,Single-ply,350.0
305.0,190.0,102.92,M,Raw,350.0
200.0,132.5,82.3,M,Raw,240.0
115.67,63.5,65.5,M,Single-ply,151.95
182.5,105.0,70.9,M,Raw,190.0
136.08,72.57,68.49,M,Single-ply,131.54
177.5,157.5,94.3,M,Raw,215.0
227.5,147.5,128.7,M,Single-ply,217.5
332.5,195.0,124.5,M,Wraps,320.0
185.0,150.0,88.1,M,Raw,200.0
72.57,52.16,63.78,M,Raw,120.2
100.0,52.5,47.63,F,Wraps,100.0
229.06,127.01,95.44,M,Single-ply,204.12
122.5,70.0,73.8,F,Raw,115.0
156.49,99.79,108.41,M,Single-ply,149.69
90.0,75.0,58.82,M,Raw,132.5
242.5,145.0,89.5,M,Raw,267.5
145.0,107.5,81.75,M,Raw,200.0
132.5,72.5,75.0,F,Single-ply,137.5
269.89,159.66,110.0,M,Single-ply,297.1
342.5,187.5,123.4,M,Wraps,342.5
307.49,215.0,116.25,M,Wraps,300.0
222.26,117.93,82.1,M,Single-ply,192.78
188.24,97.52,86.18,M,Single-ply,190.51
175.0,130.0,65.51,M,Raw,185.0
100.0,50.0,71.1,F,Raw,132.5
265.0,160.0,96.62,M,Raw,265.0
300.0,190.0,120.0,M,Raw,287.5
142.88,68.04,90.99,M,Single-ply,149.69
117.5,62.5,50.6,F,Raw,135.0
65.0,52.5,65.3,M,Single-ply,75.0
185.0,100.0,114.4,M,Single-ply,205.0
155.0,82.5,51.5,M,Single-ply,165.0
170.1,124.74,77.84,M,Wraps,204.12
200.0,137.5,84.7,M,Single-ply,200.0
165.56,115.67,71.76,M,Single-ply,174.63
237.5,165.0,99.55,M,Wraps,280.0
247.5,215.0,125.0,M,Single-ply,312.5
154.22,81.65,74.39,M,Single-ply,163.29
142.88,74.84,110.68,M,Single-ply,129.27
160.0,120.0,84.5,M,Single-ply,170.0
60.0,37.5,82.5,F,Raw,127.5
207.5,155.0,132.2,M,Raw,260.0
140.0,87.5,63.87,M,Raw,167.5
204.12,92.99,88.54,F,Multi-ply,165.56
80.0,55.0,51.7,F,Raw,100.0
215.46,115.67,79.56,M,Single-ply,210.92
220.0,175.0,120.8,M,Raw,260.0
322.05,199.58,120.47,M,Wraps,319.78
205.0,130.0,102.88,M,Raw,225.0
278.96,204.12,88.45,M,Wraps,272.16
165.0,82.5,109.6,F,Raw,190.0
102.06,68.04,61.23,M,Single-ply,136.08
120.0,75.0,55.8,F,Single-ply,115.0
80.0,52.5,60.3,F,Wraps,122.5
217.72,115.67,88.27,M,Single-ply,199.58
290.0,227.5,109.1,M,Single-ply,282.5
113.4,70.31,57.61,M,Single-ply,127.01
135.0,60.0,79.2,M,Single-ply,155.0
249.48,151.95,104.51,M,Single-ply,229.06
163.29,122.47,107.68,M,Single-ply,195.04
185.0,120.0,74.8,M,Raw,187.5
190.0,112.5,77.0,M,Raw,210.0
92.5,37.5,81.4,F,Raw,125.0
140.0,95.0,74.8,M,Single-ply,190.0
147.42,97.52,110.59,M,Single-ply,154.22
162.5,85.0,97.9,F,Raw,182.5
145.15,86.18,65.77,M,Single-ply,181.44
235.0,157.5,104.8,M,Raw,240.0
174.63,120.2,67.13,M,Single-ply,185.97
170.1,106.59,66.68,M,Single-ply,197.31
182.5,112.5,73.0,M,Raw,180.0
154.22,117.93,79.47,M,Wraps,165.56
117.5,45.0,58.95,F,Single-ply,137.5
192.5,155.0,103.1,M,Single-ply,192.5
72.5,52.5,69.9,M,Raw,97.5
90.0,100.0,80.5,M,Single-ply,50.0
145.0,102.5,65.59,M,Wraps,160.0
272.16,133.81,99.79,M,Wraps,274.42
107.5,60.0,55.0,F,Single-ply,130.0
115.0,72.5,71.55,F,Raw,142.5
149.69,58.97,64.64,F,Wraps,163.29
127.5,72.5,68.8,M,Wraps,142.5
60.0,30.0,54.5,F,Raw,77.5
172.5,110.0,93.0,M,Raw,192.5
120.0,57.5,68.7,F,Raw,115.0
112.5,110.0,71.2,M,Raw,157.5
130.0,95.0,81.2,M,Raw,150.0
137.5,70.0,80.8,F,Raw,142.5
170.0,105.0,70.8,M,Raw,210.0
110.0,62.5,55.4,F,Raw,127.5
95.0,50.0,54.66,F,Wraps,112.5
205.0,142.5,105.0,M,Raw,280.0
125.0,105.0,73.1,M,Wraps,180.0
137.5,87.5,90.5,M,Raw,172.5
185.0,145.0,89.9,M,Single-ply,225.0
182.5,117.5,59.7,M,Raw,210.0
137.5,60.0,49.0,F,Wraps,142.5
322.5,200.0,138.86,M,Raw,322.5
77.5,55.0,62.0,M,Single-ply,120.0
182.5,127.5,81.2,M,Raw,205.0
280.0,177.5,81.25,M,Single-ply,240.0
177.5,140.0,82.7,M,Raw,227.5
158.76,92.99,104.87,M,Single-ply,158.76
275.0,187.5,82.05,M,Single-ply,252.5
147.5,82.5,57.48,M,Raw,190.0
181.44,145.15,88.18,M,Wraps,251.74
172.5,110.0,63.75,M,Raw,202.5
210.92,127.01,104.6,M,Single-ply,181.44
240.0,132.5,90.0,M,Raw,245.0
190.0,115.0,63.45,M,Raw,232.5
115.0,60.0,56.0,F,Raw,130.0
136.08,70.31,103.87,M,Single-ply,136.08
158.76,106.59,93.17,M,Single-ply,199.58
115.0,157.5,74.6,M,Single-ply,182.5
230.0,215.0,167.44,M,Raw,230.0
97.5,37.5,59.8,F,Raw,117.5
270.5,180.0,82.0,M,Raw,305.0
270.0,165.0,125.2,M,Single-ply,310.0
92.5,52.5,57.61,F,Raw,127.5
100.0,47.5,55.1,F,Raw,120.0
206.38,127.01,77.02,M,Raw,204.12
232.5,145.0,102.55,M,Raw,240.0
90.0,35.0,79.24,F,Raw,147.5
270.0,197.5,90.0,M,Single-ply,260.0
287.5,212.5,107.9,M,Single-ply,242.5
163.29,161.03,95.8,M,Raw,231.33
190.0,90.0,56.9,F,Single-ply,195.0
272.16,176.9,98.66,M,Wraps,285.76
137.5,105.0,86.41,M,Wraps,165.0
62.5,35.0,60.6,F,Raw,77.5
156.49,104.33,89.63,M,Single-ply,156.49
182.5,160.0,111.0,M,Raw,205.0
145.0,130.0,91.0,M,Raw,165.0
222.5,137.5,87.1,M,Raw,240.0
240.0,132.5,82.7,M,Raw,250.0
142.5,105.0,73.9,M,Raw,202.5
185.0,115.0,80.4,M,Raw,205.0
257.5,172.5,118.0,M,Raw,310.0
155.0,95.0,85.6,M,Raw,210.0
140.0,57.5,70.1,F,Single-ply,155.0
117.5,67.5,63.4,F,Raw,150.0
122.5,60.0,80.0,F,Raw,145.0
292.5,217.5,119.2,M,Raw,285.0
180.0,115.0,72.0,M,Raw,210.0
110.0,70.0,54.9,F,Wraps,160.0
231.33,113.4,79.65,M,Single-ply,217.72
135.0,92.5,81.0,M,Raw,152.5
160.0,92.5,65.7,M,Raw,175.0
275.0,182.5,97.5,M,Raw,280.0
197.31,142.88,121.56,M,Wraps,226.8
240.0,167.5,104.8,M,Single-ply,260.0
197.31,188.24,97.34,M,Raw,233.6
140.0,95.0,77.2,M,Single-ply,180.0
140.61,86.18,61.69,M,Single-ply,156.49
150.0,105.0,65.95,M,Wraps,182.5
230.0,132.5,80.4,M,Raw,205.0
157.5,80.0,121.4,F,Raw,170.0
136.08,61.23,71.21,M,Single-ply,147.42
85.0,62.5,57.7,F,Raw,115.0
226.8,158.76,111.95,M,Wraps,256.28
332.5,215.0,88.5,M,Single-ply,260.0
185.97,120.2,85.91,M,Single-ply,208.65
185.0,140.0,114.31,M,Wraps,227.5
185.97,113.4,121.93,M,Single-ply,183.7
282.5,165.0,75.0,M,Single-ply,255.0
265.35,190.51,148.96,M,Wraps,308.44
256.28,129.27,125.01,M,Single-ply,256.28
231.33,151.95,108.36,M,Single-ply,195.04
227.5,132.5,87.5,M,Single-ply,222.5
195.0,140.0,80.0,M,Raw,242.5
167.83,99.79,80.2,M,Single-ply,145.15
167.83,108.86,91.67,M,Single-ply,163.29
220.0,140.0,72.53,M,Single-ply,225.0
200.0,120.0,74.7,M,Raw,257.5
195.04,172.37,87.91,M,Raw,233.6
190.0,110.0,79.38,M,Raw,205.0
110.0,60.0,65.6,F,Raw,130.0
237.5,192.5,103.87,M,Raw,310.0
102.06,61.23,49.44,F,Wraps,113.4
210.0,110.0,79.8,M,Raw,200.0
115.0,87.5,81.37,F,Raw,183.0
262.5,142.5,73.8,M,Single-ply,250.0
232.5,140.0,89.45,M,Raw,235.0
290.0,200.0,99.4,M,Wraps,290.0
290.0,135.0,88.6,M,Single-ply,255.0
100.0,50.0,118.45,F,Raw,120.0
136.08,79.38,67.45,F,Raw,142.88
180.0,102.5,96.4,M,Raw,210.0
290.0,177.5,103.69,M,Raw,317.5
222.5,155.0,94.5,M,Single-ply,255.0
199.58,145.15,79.38,M,Wraps,226.8
249.48,90.72,137.44,M,Single-ply,149.69
217.72,113.4,101.6,M,Single-ply,208.65
208.65,129.27,79.74,M,Single-ply,244.94
145.0,85.0,70.5,F,Raw,165.0
167.5,117.5,70.9,M,Raw,187.5
165.0,107.5,63.91,M,Raw,215.0
185.0,130.0,83.0,M,Raw,190.0
130.0,65.0,71.5,F,Raw,147.5
217.72,113.4,112.22,M,Single-ply,213.19
75.0,75.0,73.0,M,Single-ply,130.0
147.5,110.0,79.79,M,Wraps,195.0
275.0,225.0,139.7,M,Raw,365.0
132.5,70.0,72.0,F,Raw,162.5
267.62,185.97,99.79,M,Wraps,260.82
160.0,95.0,65.7,M,Single-ply,170.0
99.79,63.5,64.5,M,Single-ply,106.59
150.0,72.5,62.9,F,Raw,182.5
190.0,107.5,66.3,M,Raw,212.5
150.0,97.5,50.0,F,Single-ply,150.0
133.81,74.84,72.12,M,Single-ply,161.03
287.5,165.0,87.41,M,Wraps,257.5
167.5,117.5,87.5,M,Raw,210.0
135.0,115.0,81.37,M,Raw,205.0
300.0,160.0,88.45,M,Wraps,332.5
192.5,95.0,96.6,M,Raw,185.0
110.0,65.0,56.7,F,Raw,135.0
99.79,59.87,51.62,F,Wraps,92.53
260.0,147.5,89.5,M,Raw,317.5
100.0,52.5,52.3,F,Single-ply,118.5
95.0,50.0,62.3,F,Raw,117.5
212.5,145.0,81.9,M,Raw,252.5
105.0,50.0,73.0,F,Raw,115.0
200.0,130.0,109.6,M,Single-ply,210.0
161.03,79.38,88.99,M,Single-ply,183.7
280.0,165.0,110.0,M,Wraps,325.0
151.95,68.04,73.94,M,Single-ply,154.22
145.0,110.0,101.9,M,Raw,180.0
242.5,115.0,104.2,F,Wraps,245.0
305.0,197.5,99.3,M,Single-ply,320.0
183.7,102.06,112.94,M,Single-ply,188.24
129.27,77.11,102.15,M,Single-ply,122.47
142.88,90.72,84.82,M,Single-ply,163.29
113.4,56.7,72.76,M,Single-ply,111.13
245.0,180.0,90.0,M,Single-ply,290.0
165.0,130.0,87.63,M,Raw,200.0
192.78,131.54,59.87,M,Single-ply,219.99
142.88,79.38,153.31,M,Single-ply,156.49
67.5,42.5,45.3,F,Raw,82.5
162.5,117.5,60.2,M,Raw,185.0
303.91,176.9,89.95,M,Wraps,299.37
92.5,62.5,51.8,F,Raw,127.5
120.0,70.0,77.6,F,Raw,125.0
70.0,35.0,59.69,F,Raw,92.5
115.67,58.97,80.74,F,Wraps,131.54
180.0,130.0,72.8,M,Raw,200.0
247.5,167.5,99.2,M,Wraps,247.5
180.0,130.0,78.2,F,Raw,182.5
190.0,125.0,99.2,M,Raw,200.0
272.16,206.38,109.04,M,Wraps,324.32
80.0,50.0,59.87,F,Raw,105.0
200.0,125.0,89.7,M,Single-ply,225.0
227.5,177.5,80.4,M,Raw,245.0
102.5,60.0,81.8,F,Raw,155.0
107.5,67.5,59.8,F,Raw,155.0
175.0,127.5,79.4,M,Raw,215.0
208.65,127.01,97.89,M,Single-ply,219.99
195.0,122.5,135.9,M,Raw,215.0
85.0,42.5,59.28,F,Wraps,125.0
100.0,55.0,57.7,F,Wraps,125.0
112.5,65.0,91.9,F,Raw,152.5
272.16,151.95,89.36,M,Wraps,317.51
170.1,102.06,119.02,M,Single-ply,188.24
220.0,170.0,90.5,M,Raw,290.0
237.5,142.5,116.8,M,Raw,265.0
95.0,52.5,38.9,F,Single-ply,95.0
265.0,167.5,98.72,M,Single-ply,260.0
230.0,165.0,82.9,M,Single-ply,215.0
308.44,215.46,90.0,M,Multi-ply,299.37
100.0,47.5,48.8,F,Single-ply,127.5
172.37,111.13,88.99,M,Single-ply,174.63
205.0,100.0,72.0,F,Single-ply,200.0
135.0,67.5,73.9,F,Single-ply,137.5
100.0,145.0,85.1,M,Single-ply,150.0
174.63,111.13,82.5,M,Single-ply,192.78
127.01,74.84,51.53,M,Single-ply,145.15
249.48,104.33,113.81,M,Single-ply,208.65
102.5,82.5,78.4,M,Raw,135.0
210.0,145.0,81.06,M,Raw,232.5
150.0,70.0,80.8,F,Single-ply,142.5
110.0,50.0,87.5,F,Single-ply,40.0
147.5,87.5,75.39,F,Wraps,165.0
62.5,30.0,58.7,F,Raw,85.0
120.0,57.5,56.0,F,Raw,142.5
87.5,62.5,71.2,F,Raw,110.0
140.0,70.0,51.46,F,Single-ply,130.0
172.5,100.0,71.1,F,Single-ply,165.0
210.0,132.5,88.0,M,Single-ply,235.0
190.0,100.0,88.8,M,Raw,220.0
282.5,180.0,117.5,M,Raw,265.0
240.0,137.5,108.4,M,Single-ply,240.0
181.44,145.15,80.74,M,Single-ply,185.97
192.5,140.0,93.0,M,Raw,230.0
250.0,187.5,97.1,M,Single-ply,245.0
254.01,172.37,151.32,M,Single-ply,226.8
185.0,147.5,131.5,M,Raw,185.0
167.5,90.0,86.45,M,Wraps,190.0
140.0,92.5,88.59,M,Raw,160.0
199.58,127.01,81.47,M,Single-ply,219.99
247.21,201.85,111.13,M,Multi-ply,238.14
205.0,107.5,58.11,M,Raw,217.5
152.5,92.5,89.9,M,Raw,215.0
132.5,60.0,54.84,F,Raw,140.0
205.0,115.0,97.5,M,Raw,220.0
117.5,77.5,69.2,F,Raw,130.0
77.5,55.0,71.5,F,Raw,112.5
235.0,155.0,117.4,M,Raw,290.0
155.0,95.0,74.9,M,Single-ply,160.0
165.0,92.5,57.55,M,Raw,175.0
200.0,135.0,114.75,M,Raw,240.0
182.5,115.0,78.97,M,Raw,230.0
250.0,180.0,100.0,M,Single-ply,270.0
272.5,195.0,122.65,M,Wraps,252.5
231.33,145.15,110.0,M,Wraps,272.16
229.06,124.74,98.88,M,Single-ply,201.85
192.78,127.01,113.4,M,Single-ply,206.38
175.0,112.5,74.6,M,Raw,232.5
75.0,42.5,51.0,F,Raw,115.0
117.5,67.5,80.51,F,Raw,142.5
232.5,125.0,110.0,M,Single-ply,270.0
195.0,90.0,80.38,F,Wraps,190.0
163.29,90.72,107.55,M,Single-ply,185.97
97.5,62.5,60.0,F,Raw,125.0
85.0,42.5,61.3,F,Raw,132.5
152.4,152.4,90.0,M,Raw,192.4
250.0,152.5,96.2,M,Wraps,302.5
224.53,142.88,82.1,M,Wraps,238.14
160.5,80.0,80.4,F,Raw,145.0
207.5,127.5,108.9,M,Raw,242.5
127.5,95.0,85.65,M,Raw,160.0
125.0,125.0,75.15,M,Single-ply,125.0
242.5,140.0,90.0,M,Single-ply,257.5
70.0,35.0,43.3,F,Raw,82.5
132.5,80.0,60.0,M,Single-ply,145.0
117.5,62.5,81.5,F,Raw,150.0
175.0,115.0,66.7,M,Raw,185.0
130.0,107.5,90.6,M,Single-ply,190.0
294.84,183.7,97.98,M,Multi-ply,229.06
160.0,85.0,88.3,M,Raw,182.5
190.51,120.2,88.63,M,Single-ply,183.7
190.51,113.4,81.92,M,Single-ply,204.12
132.5,70.0,62.1,F,Raw,165.0
231.33,120.2,73.48,M,Wraps,254.01
135.0,135.0,86.3,M,Single-ply,160.0
157.5,137.5,99.43,M,Raw,207.5
215.46,120.2,82.01,M,Single-ply,204.12
107.5,45.0,50.5,F,Raw,115.0
215.46,120.2,116.07,M,Single-ply,204.12
276.69,61.23,109.5,M,Wraps,278.96
127.01,90.72,63.87,M,Raw,170.1
156.49,95.25,59.6,M,Wraps,176.9
110.0,50.0,62.9,F,Raw,137.5
204.12,167.83,81.83,M,Wraps,199.58
204.12,138.35,108.95,M,Wraps,206.38
127.5,77.5,56.8,F,Raw,160.0
255.0,165.0,103.4,M,Raw,285.0
112.5,55.0,59.9,F,Raw,150.0
120.2,61.2,54.8,M,Single-ply,158.8
350.0,215.0,129.7,M,Wraps,367.5
190.0,127.5,82.2,M,Wraps,245.0
199.58,120.2,87.54,M,Single-ply,192.78
80.0,82.5,55.6,F,Single-ply,100.0
290.3,192.78,107.73,M,Multi-ply,244.94
27.5,35.0,108.8,F,Raw,80.0
110.0,85.0,64.1,M,Raw,172.5
167.83,111.13,109.77,M,Single-ply,192.78
327.5,167.5,106.3,M,Wraps,300.0
145.0,115.0,103.1,M,Raw,147.5
149.69,117.93,85.18,M,Single-ply,181.44
83.91,45.36,50.98,F,Raw,111.13
90.72,68.04,53.25,M,Single-ply,102.06
205.0,142.5,163.11,M,Wraps,245.0
120.0,52.5,60.9,F,Raw,145.0
300.0,217.5,125.0,M,Wraps,365.0
150.0,77.5,51.5,F,Wraps,165.0
80.0,62.5,49.2,F,Raw,97.5
276.69,181.44,150.59,M,Raw,288.03
229.06,145.15,95.35,M,Single-ply,201.85
150.0,80.0,80.8,M,Raw,130.0
240.0,170.0,121.9,M,Raw,275.0
245.0,155.0,89.6,M,Wraps,250.0
185.0,100.0,75.7,M,Raw,240.0
102.06,61.23,73.21,F,Wraps,127.01
165.0,110.0,111.7,M,Raw,220.0
85.0,57.5,66.0,F,Raw,127.5
67.5,55.0,78.7,F,Raw,130.0
232.5,177.5,82.5,M,Single-ply,274.0
120.0,80.0,71.8,F,Raw,157.5
227.5,162.5,73.8,M,Raw,255.0
213.19,158.76,74.3,M,Wraps,229.06
333.39,258.55,89.36,M,Multi-ply,240.4
195.04,72.57,87.95,M,Wraps,204.12
122.5,100.0,81.1,M,Raw,160.0
272.5,182.5,119.7,M,Raw,325.0
265.0,112.5,82.48,M,Single-ply,255.0
110.0,67.5,81.75,F,Raw,117.5
222.5,127.5,92.45,M,Raw,260.0
176.9,117.93,79.92,M,Single-ply,208.65
225.0,140.0,83.0,M,Single-ply,215.0
72.57,61.23,74.84,M,Wraps,97.52
115.0,60.0,50.5,F,Raw,120.0
92.5,55.0,94.7,F,Single-ply,125.0
182.5,122.5,103.0,M,Raw,160.0
260.0,160.0,110.7,M,Raw,295.0
182.5,142.5,91.5,M,Raw,242.5
272.5,180.0,96.2,M,Single-ply,275.0
102.1,65.8,72.9,M,Raw,133.8
237.5,160.0,88.72,M,Raw,292.5
158.76,104.33,74.16,M,Single-ply,176.9
220.0,142.5,58.4,M,Raw,160.0
225.0,127.5,93.2,M,Wraps,250.0
210.0,127.5,81.7,M,Raw,207.5
225.0,152.5,73.8,M,Raw,265.0
240.4,158.76,102.47,M,Wraps,281.23
205.0,150.0,89.84,M,Raw,217.5
270.0,217.5,131.0,M,Raw,302.5
250.0,150.0,67.4,M,Single-ply,260.0
231.33,149.69,104.33,M,Single-ply,229.06
240.0,187.5,103.78,M,Raw,280.0
330.0,215.0,146.51,M,Wraps,332.5
220.0,150.0,75.4,M,Raw,235.0
122.5,80.0,65.5,F,Raw,140.0
365.0,205.0,168.1,M,Single-ply,325.0
200.0,162.5,96.16,M,Raw,247.5
138.35,83.91,79.29,M,Single-ply,124.74
106.59,63.5,73.03,M,Single-ply,122.47
260.0,152.5,67.5,M,Single-ply,255.0
100.0,60.0,56.3,F,Raw,147.5
137.5,85.0,64.0,M,Raw,162.5
85.0,55.0,77.7,F,Raw,120.0
185.0,102.5,64.1,M,Raw,205.0
167.83,83.91,70.76,M,Single-ply,167.83
138.35,65.77,50.71,M,Single-ply,136.08
125.0,75.0,59.7,F,Wraps,167.5
210.0,122.5,87.5,M,Raw,230.0
230.0,170.0,98.3,M,Raw,242.5
117.5,92.5,57.8,M,Raw,167.5
111.13,68.04,52.34,M,Single-ply,113.4
122.5,62.5,63.7,F,Single-ply,152.5
188.24,154.22,87.91,M,Raw,235.87
204.12,158.76,82.1,M,Wraps,233.6
217.5,115.0,88.3,M,Raw,242.5
195.0,130.0,91.3,M,Raw,205.0
70.0,47.5,46.6,F,Raw,112.5
167.5,77.5,90.9,F,Raw,180.0
265.0,165.0,100.0,M,Wraps,260.0
199.58,120.2,94.17,M,Single-ply,185.97
312.98,165.56,129.27,M,Single-ply,235.87
195.04,113.4,122.56,M,Single-ply,190.51
167.5,110.0,107.1,M,Raw,185.0
160.0,90.0,85.4,M,Single-ply,190.0
115.0,83.5,66.13,F,Wraps,142.5
165.0,120.0,79.4,M,Raw,190.0
145.0,105.0,96.1,M,Raw,185.0
87.5,55.0,47.4,F,Single-ply,112.5
265.0,187.5,102.5,M,Raw,282.5
238.14,117.93,147.64,M,Single-ply,179.17
160.0,110.0,97.85,M,Raw,187.5
300.0,220.0,105.0,M,Single-ply,275.0
187.5,102.5,80.1,M,Raw,202.5
180.0,130.0,95.3,M,Wraps,195.0
250.0,167.5,139.1,M,Raw,290.5
277.5,185.0,104.45,M,Raw,275.0
320.0,185.0,103.38,M,Raw,305.0
220.0,147.5,117.1,M,Raw,250.0
195.0,105.0,89.8,M,Raw,242.5
182.5,112.5,65.9,M,Raw,227.5
225.0,142.5,80.74,M,Single-ply,272.5
163.29,92.99,65.82,M,Single-ply,176.9
265.35,154.22,89.54,M,Raw,272.16
237.5,167.5,135.2,M,Wraps,277.5
125.0,77.5,64.7,M,Single-ply,180.0
210.0,152.5,74.1,M,Single-ply,197.5
185.0,135.0,78.4,M,Raw,245.0
167.83,86.18,67.13,M,Single-ply,181.44
100.0,60.0,56.6,F,Raw,137.5
233.6,133.81,109.09,M,Single-ply,226.8
80.0,90.0,82.5,M,Raw,145.0
207.5,147.5,89.27,M,Wraps,237.5
120.0,60.0,74.7,F,Raw,150.0
226.8,120.2,109.77,M,Single-ply,219.99
265.35,136.08,79.56,M,Wraps,283.5
79.38,49.9,59.6,F,Wraps,97.52
155.0,115.0,88.6,M,Raw,190.0
220.0,147.5,85.8,M,Wraps,247.5
167.5,120.0,80.8,M,Raw,200.0
137.5,80.0,68.6,F,Raw,182.5
285.0,180.0,110.6,M,Single-ply,280.0
165.0,92.5,72.94,M,Raw,215.0
165.0,75.0,64.1,F,Raw,180.0
152.5,95.0,95.5,M,Raw,200.0
250.0,170.0,115.6,M,Single-ply,230.0
192.78,136.08,88.81,M,Wraps,206.38
237.5,150.0,88.3,M,Raw,260.0
265.35,158.76,109.77,M,Wraps,265.35
167.5,120.0,97.9,M,Raw,200.0
155.0,92.5,74.0,M,Raw,187.0
120.0,67.5,70.1,F,Raw,145.0
112.5,65.0,57.3,F,Raw,132.5
215.0,175.0,119.6,M,Wraps,210.0
290.0,210.0,78.53,M,Single-ply,270.0
112.5,62.5,99.4,F,Wraps,140.0
200.0,120.0,59.7,M,Single-ply,245.0
160.0,192.5,123.2,M,Single-ply,185.0
213.19,138.35,80.92,M,Raw,231.33
190.0,130.0,75.0,M,Single-ply,215.0
177.5,140.0,73.4,M,Raw,205.0
190.51,127.01,122.02,M,Single-ply,183.7
111.13,63.5,67.4,M,Single-ply,133.81
307.5,200.0,98.8,M,Raw,307.5
67.5,55.0,70.2,F,Raw,87.5
233.6,165.56,105.69,M,Single-ply,219.99
181.44,111.13,66.18,M,Single-ply,161.03
100.0,95.0,67.9,F,Single-ply,100.0
151.95,77.11,85.73,M,Single-ply,154.22
162.5,112.5,81.47,M,Raw,200.0
244.94,163.29,96.62,M,Single-ply,226.8
138.35,86.18,55.79,M,Single-ply,156.49
72.5,51.0,71.2,F,Raw,105.0
97.52,47.63,64.77,F,Wraps,120.2
149.69,83.91,85.37,M,Single-ply,181.44
60.0,65.0,105.9,M,Single-ply,120.0
158.76,79.38,74.84,M,Single-ply,156.49
210.0,150.0,99.3,M,Single-ply,230.0
240.0,135.0,75.0,M,Single-ply,255.0
212.5,160.0,92.2,M,Raw,265.0
297.1,174.63,134.44,M,Wraps,294.84
113.4,86.18,82.1,M,Single-ply,142.88
120.0,75.0,102.3,M,Raw,165.0
225.0,135.0,81.9,M,Single-ply,225.0
142.88,111.13,79.29,M,Wraps,170.1
57.5,35.0,51.7,F,Raw,70.0
201.85,140.61,80.47,M,Single-ply,201.85
97.5,75.0,70.6,F,Raw,145.0
110.0,80.0,73.38,M,Raw,125.0
190.5,122.5,99.8,M,Raw,240.4
125.0,70.0,99.1,F,Raw,162.5
192.5,107.5,81.2,M,Single-ply,210.0
190.0,105.0,86.0,M,Raw,200.0
100.0,30.0,74.98,F,Wraps,125.0
422.41,307.42,151.77,M,Single-ply,319.9
77.5,40.0,73.45,F,Raw,112.5
145.15,90.72,66.86,M,Single-ply,156.49
161.03,83.91,72.98,M,Single-ply,163.29
182.5,95.0,73.9,M,Single-ply,200.0
404.99,320.0,156.26,M,Single-ply,347.5
158.76,95.25,84.01,M,Single-ply,172.37
132.5,95.0,72.2,M,Raw,192.5
400.0,260.0,93.2,M,Multi-ply,340.0
260.0,180.0,115.6,M,Raw,272.5
340.0,200.0,106.14,M,Single-ply,290.0
111.13,54.43,59.69,F,Raw,151.95
180.0,107.5,75.0,M,Single-ply,185.0
195.0,182.5,122.5,M,Wraps,195.0
235.0,140.0,102.75,M,Raw,252.5
176.9,102.06,74.05,M,Wraps,185.97
150.0,117.5,75.39,M,Raw,180.0
351.53,201.85,124.74,M,Wraps,272.16
80.0,45.0,58.0,F,Raw,95.0
155.0,122.5,98.1,M,Wraps,172.5
150.0,105.0,72.4,M,Raw,205.0
95.0,85.0,82.8,M,Single-ply,160.0
220.0,185.0,78.7,M,Single-ply,210.0
136.08,77.11,109.32,M,Single-ply,142.88
215.0,130.0,93.3,M,Raw,265.0
35.0,17.5,27.55,M,Raw,45.0
226.8,136.08,107.41,M,Wraps,249.48
92.5,62.5,54.85,F,Raw,102.5
150.0,107.5,80.75,M,Raw,190.0
161.03,97.52,84.37,M,Single-ply,183.7
245.0,142.5,82.5,M,Single-ply,272.5
167.83,95.25,65.63,M,Single-ply,197.31
117.5,105.0,110.6,F,Single-ply,170.0
210.0,145.0,120.0,M,Single-ply,235.0
155.0,107.5,87.4,M,Raw,215.0
86.18,95.25,80.1,M,Single-ply,151.95
275.0,265.0,98.2,M,Single-ply,300.0
227.5,110.0,119.4,M,Raw,260.0
132.5,70.0,60.7,F,Wraps,145.0
102.06,52.16,57.38,M,Single-ply,129.27
195.04,156.49,105.78,M,Wraps,226.8
317.51,161.03,81.65,M,Wraps,290.3
272.5,205.0,109.86,M,Single-ply,272.5
167.5,115.0,79.9,M,Raw,212.5
165.0,100.0,81.2,M,Single-ply,165.0
180.0,110.0,79.85,F,Raw,190.0
206.38,122.47,77.66,M,Single-ply,176.9
110.0,75.0,62.7,F,Single-ply,120.0
265.4,188.2,109.8,M,Raw,306.2
115.0,50.0,80.29,F,Raw,147.5
77.11,54.43,76.48,F,Wraps,113.4
180.0,157.5,89.2,M,Raw,227.5
182.5,137.5,71.4,M,Raw,227.5
92.5,57.5,91.85,M,Wraps,137.5
110.0,65.0,113.2,F,Raw,137.5
230.0,135.0,122.0,M,Raw,252.5
282.5,170.0,98.2,M,Wraps,282.5
62.5,30.0,69.4,F,Single-ply,85.0
170.0,95.0,81.4,F,Single-ply,152.5
105.0,65.0,70.05,F,Raw,135.0
183.7,111.13,86.64,M,Single-ply,181.44
60.0,45.0,56.02,F,Wraps,102.5
104.33,54.43,55.61,M,Single-ply,120.2
70.0,40.0,45.4,F,Raw,97.5
99.8,65.8,55.0,M,Single-ply,147.4
302.5,227.5,118.26,M,Raw,285.0
185.0,105.0,97.5,M,Raw,175.0
145.15,74.84,79.38,M,Single-ply,151.95
137.5,80.0,100.0,F,Wraps,155.0
52.5,47.5,82.3,F,Raw,107.5
162.5,112.5,82.0,M,Single-ply,200.0
137.5,85.0,87.3,M,Raw,155.0
136.08,88.45,106.59,M,Single-ply,133.81
227.5,152.5,92.1,M,Raw,237.5
270.0,215.0,128.0,M,Single-ply,300.0
185.97,122.47,77.93,M,Single-ply,204.12
250.0,182.5,121.8,M,Raw,295.0
267.5,200.0,96.03,M,Raw,305.0
215.0,117.5,73.38,M,Raw,225.0
92.5,57.5,71.07,F,Raw,130.0
202.5,145.0,111.2,M,Single-ply,250.0
185.0,130.0,123.3,M,Raw,200.0
207.5,130.0,82.02,M,Raw,212.5
77.5,57.5,59.8,F,Raw,107.5
300.0,290.0,117.7,M,Single-ply,260.0
43.09,29.48,50.08,M,Single-ply,77.11
142.5,85.0,81.8,M,Raw,145.0
205.0,120.0,74.8,M,Single-ply,220.0
160.0,115.0,91.8,M,Raw,200.0
142.5,77.5,103.87,F,Wraps,152.5
185.97,124.74,81.65,M,Single-ply,226.8
125.0,65.0,74.05,F,Raw,130.0
400.0,225.0,124.34,M,Single-ply,342.5
175.0,100.0,92.1,M,Raw,232.5
205.0,145.0,98.8,M,Raw,272.5
110.0,75.0,65.4,F,Raw,142.5
115.67,83.91,64.77,M,Single-ply,127.01
247.5,162.5,98.6,M,Wraps,260.0
300.0,192.5,82.5,M,Raw,322.5
225.0,125.0,73.98,M,Raw,250.0
137.5,62.5,60.0,F,Wraps,137.5
182.5,137.5,115.2,M,Raw,255.0
145.0,72.5,55.1,F,Single-ply,122.5
132.5,92.5,80.4,M,Raw,157.5
150.0,100.0,67.0,M,Single-ply,210.0
215.0,140.0,82.1,M,Raw,257.5
195.0,125.0,64.45,M,Raw,200.0
125.0,87.5,84.48,F,Raw,172.5
92.99,70.31,56.0,F,Wraps,113.4
105.0,57.5,51.9,F,Raw,122.5
252.5,150.0,100.2,M,Raw,310.0
238.14,165.56,88.22,M,Wraps,260.82
100.0,52.5,83.9,F,Raw,122.5
172.37,151.95,79.74,M,Raw,229.06
230.0,140.0,101.5,M,Single-ply,240.0
212.5,162.5,86.9,M,Raw,250.0
140.61,113.4,87.27,M,Raw,188.24
180.0,135.0,80.7,M,Raw,223.5
260.82,204.12,105.41,M,Wraps,260.82
176.9,77.11,63.87,M,Single-ply,181.44
120.2,79.38,84.1,M,Single-ply,124.74
92.99,54.43,48.26,M,Single-ply,111.13
250.0,160.0,99.6,M,Raw,277.5
90.72,56.7,55.29,F,Wraps,104.33
200.0,122.5,74.8,M,Raw,235.0
432.5,322.5,146.51,M,Multi-ply,335.0
192.5,105.0,92.99,M,Wraps,205.0
187.5,97.5,70.95,F,Raw,195.0
305.0,205.0,129.8,M,Raw,307.5
120.0,65.0,72.0,F,Raw,160.0
210.92,147.42,102.51,M,Single-ply,240.4
175.0,142.5,78.9,M,Raw,205.0
213.19,142.88,97.52,M,Wraps,226.8
250.0,202.5,103.65,M,Raw,325.0
150.0,70.0,72.5,F,Single-ply,165.0
172.5,115.0,80.2,M,Raw,205.0
160.0,102.5,71.45,F,Single-ply,155.0
240.0,170.0,108.5,M,Single-ply,220.0
149.69,92.99,80.42,M,Single-ply,154.22
292.5,215.0,118.87,M,Raw,275.0
212.5,152.5,67.2,M,Single-ply,215.0
305.0,182.5,124.92,M,Wraps,257.5
265.0,185.0,91.55,M,Raw,285.0
70.0,45.0,63.5,M,Single-ply,100.0
288.03,213.19,125.74,M,Single-ply,229.06
170.0,125.0,81.3,M,Raw,220.0
175.0,115.0,73.2,M,Single-ply,180.0
208.65,129.27,80.65,M,Single-ply,206.38
165.56,95.25,88.45,M,Single-ply,176.9
122.47,92.99,107.05,M,Single-ply,127.01
92.5,65.0,60.0,F,Single-ply,130.0
142.5,85.0,92.5,M,Raw,190.0
117.5,75.0,75.0,M,Wraps,160.0
170.1,122.47,88.0,M,Single-ply,204.12
212.5,167.5,80.2,M,Raw,235.0
220.0,140.0,81.1,M,Single-ply,215.0
185.0,137.5,88.2,M,Raw,250.0
170.1,95.25,64.86,M,Single-ply,149.69
190.0,130.0,72.3,M,Raw,235.0
130.0,115.0,78.1,M,Single-ply,190.0
250.0,142.5,99.3,M,Raw,262.5
155.0,82.5,87.0,F,Raw,200.0
197.5,130.0,88.6,M,Multi-ply,192.5
97.5,47.5,50.4,F,Raw,137.5
205.0,155.0,97.3,M,Raw,215.0
324.32,192.78,123.1,M,Wraps,299.37
122.5,68.0,48.0,M,Single-ply,136.1
325.0,230.0,99.1,M,Single-ply,275.0
227.5,170.0,159.62,M,Wraps,295.0
225.0,132.5,88.8,M,Single-ply,252.5
152.5,85.0,62.4,F,Raw,180.0
235.87,138.35,94.35,M,Single-ply,208.65
162.5,85.0,85.8,M,Raw,182.5
97.5,70.0,100.6,M,Raw,125.0
287.5,190.0,103.5,M,Single-ply,277.5
123.5,67.5,55.88,F,Raw,155.5
140.0,110.0,79.1,M,Single-ply,152.5
157.5,105.0,74.6,M,Raw,190.0
107.5,97.5,66.3,M,Raw,160.0
83.91,58.97,58.6,M,Single-ply,90.72
138.35,72.57,55.07,M,Single-ply,149.69
217.5,167.5,117.6,M,Wraps,245.0
200.0,110.0,72.3,M,Wraps,230.0
175.0,112.5,90.6,M,Raw,210.0
195.0,147.5,81.2,M,Raw,220.0
172.5,132.5,72.2,M,Raw,225.0
149.69,83.91,64.23,M,Single-ply,151.95
152.5,72.5,51.6,F,Single-ply,157.5
285.0,165.0,108.2,M,Wraps,260.0
207.5,147.5,102.8,M,Single-ply,205.0
131.54,81.65,58.92,M,Single-ply,138.35
137.5,92.5,62.8,M,Raw,170.0
125.0,57.5,58.9,F,Raw,155.0
135.0,60.0,71.6,F,Raw,145.0
167.5,125.0,80.3,M,Raw,202.5
292.5,137.5,109.8,M,Wraps,325.0
275.0,187.5,144.2,M,Raw,275.0
170.0,105.0,73.0,M,Raw,220.0
154.22,86.18,67.13,M,Single-ply,142.88
232.5,150.0,111.5,M,Raw,235.0
275.0,137.5,137.1,M,Raw,275.0
226.8,174.63,131.77,M,Multi-ply,222.26
185.0,102.5,81.5,F,Wraps,197.5
232.5,162.5,81.9,M,Single-ply,215.0
150.0,85.0,79.2,F,Raw,170.0
70.0,35.0,50.7,F,Raw,120.0
140.0,125.0,99.3,M,Raw,190.0
225.0,160.0,80.05,M,Raw,265.0
265.35,204.12,98.7,M,Wraps,290.3
251.74,165.56,99.34,M,Single-ply,219.99
150.0,105.0,91.75,M,Raw,220.0
70.0,42.5,81.5,F,Raw,90.0
155.0,110.0,58.78,M,Raw,180.0
181.44,104.33,95.35,M,Single-ply,185.97
138.35,65.77,57.15,M,Single-ply,142.88
107.5,100.0,81.1,F,Wraps,145.0
140.0,65.0,135.7,F,Raw,150.0
145.0,77.5,59.8,F,Raw,172.5
152.5,105.0,65.4,M,Raw,217.5
249.48,151.95,89.54,M,Single-ply,233.6
138.35,68.04,59.69,M,Single-ply,142.88
127.5,85.0,72.3,M,Raw,192.5
200.0,120.0,72.6,M,Raw,272.5
249.5,149.7,110.7,M,Single-ply,215.5
75.0,50.0,57.7,F,Raw,107.5
100.0,60.0,85.2,F,Wraps,120.0
215.46,102.06,140.16,M,Single-ply,247.21
192.5,120.0,89.49,M,Wraps,250.0
174.63,74.84,108.77,M,Single-ply,183.7
145.0,82.5,74.7,M,Raw,182.5
161.03,102.06,102.15,M,Single-ply,127.01
102.5,60.0,51.5,F,Raw,150.0
117.5,77.5,73.7,F,Raw,142.5
175.0,170.0,94.0,M,Single-ply,205.0
362.5,142.5,128.82,M,Multi-ply,330.0
151.95,86.18,58.06,M,Single-ply,147.42
226.8,197.31,75.0,M,Wraps,276.69
127.01,61.23,58.06,M,Single-ply,145.15
47.5,37.5,59.0,M,Raw,100.0
80.0,42.5,99.3,F,Raw,95.0
195.0,125.0,74.0,M,Raw,250.0
133.81,88.45,94.8,M,Single-ply,124.74
285.0,170.0,118.8,M,Single-ply,295.0
142.5,97.5,55.79,F,Wraps,152.5
140.61,74.84,51.71,M,Single-ply,127.01
220.0,137.5,104.61,M,Raw,230.0
70.0,60.0,71.1,F,Wraps,97.5
201.85,122.47,73.3,F,Multi-ply,192.78
90.0,65.0,54.05,F,Raw,117.5
125.0,87.5,81.4,M,Raw,157.5
254.01,238.14,120.56,M,Single-ply,204.12
199.58,124.74,81.19,M,Single-ply,197.31
155.0,92.5,58.05,M,Raw,192.5
95.0,55.0,58.8,F,Raw,140.0
351.53,274.42,137.53,M,Multi-ply,263.08
65.0,42.5,60.2,F,Raw,85.0
132.5,65.0,41.8,F,Single-ply,127.5
165.0,100.0,83.0,M,Raw,200.0
188.24,115.67,89.63,M,Single-ply,195.04
115.0,85.0,64.7,M,Raw,142.5
183.7,83.91,73.48,M,Single-ply,183.7
62.5,40.0,43.0,F,Raw,77.5
152.5,102.5,70.1,F,Raw,185.0
207.5,165.0,93.0,M,Raw,282.5
220.0,200.0,90.0,M,Wraps,237.5
142.88,90.72,74.84,M,Single-ply,156.49
135.0,60.0,57.8,F,Single-ply,150.0
105.0,55.0,63.7,F,Raw,140.0
240.0,187.5,150.6,M,Raw,287.5
170.0,110.0,78.97,M,Wraps,187.5
167.5,105.0,81.1,M,Raw,227.5
165.56,113.4,81.51,M,Wraps,208.65
129.27,72.57,70.31,M,Single-ply,142.88
120.0,62.5,102.2,M,Raw,150.0
162.5,87.5,58.5,M,Raw,192.5
70.0,37.5,66.3,F,Wraps,97.5
127.5,77.5,70.3,F,Single-ply,152.5
110.0,170.0,87.8,M,Single-ply,175.0
175.0,115.0,77.9,M,Raw,200.0
210.0,120.0,87.6,M,Wraps,230.0
240.4,142.88,143.61,M,Single-ply,226.8
227.5,95.0,103.9,F,Single-ply,207.5
110.0,80.0,77.5,M,Raw,145.0
133.81,68.04,55.34,M,Single-ply,142.88
282.5,280.0,150.8,M,Single-ply,282.5
299.37,174.63,98.61,M,Raw,272.16
220.0,130.0,118.3,M,Raw,250.0
150.0,70.0,80.3,F,Raw,160.0
225.0,135.0,105.3,M,Raw,242.5
172.5,90.0,64.1,M,Raw,197.5
210.0,137.5,94.7,M,Wraps,245.0
117.93,61.23,51.71,M,Single-ply,124.74
205.0,110.0,138.7,M,Raw,222.5
122.5,50.0,61.0,F,Raw,127.5
217.72,113.4,81.37,M,Single-ply,206.38
115.0,70.0,62.4,F,Raw,122.5
170.1,140.6,82.3,M,Raw,206.4
110.0,45.0,59.37,F,Single-ply,105.0
136.08,83.91,88.9,M,Single-ply,158.76
187.5,115.0,72.6,M,Raw,212.5
288.03,249.48,109.77,M,Raw,278.96
140.61,83.91,140.61,M,Single-ply,142.88
127.01,68.04,104.05,M,Single-ply,145.15
111.13,63.5,60.0,F,Wraps,122.47
162.5,92.5,64.9,M,Raw,207.5
170.0,112.5,81.3,M,Raw,217.5
210.0,165.0,82.4,M,Raw,235.0
188.24,97.52,80.2,M,Single-ply,176.9
192.78,120.2,98.16,M,Wraps,215.46
170.0,90.0,90.0,M,Raw,215.0
230.0,160.0,89.9,M,Raw,237.5
156.49,88.45,87.09,M,Single-ply,156.49
453.59,258.55,,M,Wraps,319.78
172.37,136.08,86.45,M,Raw,197.31
112.5,65.0,73.1,F,Raw,147.5
127.5,137.5,104.0,M,Raw,175.0
195.04,104.33,72.85,M,Wraps,201.85
90.0,75.0,78.6,F,Single-ply,105.0
200.0,125.0,92.66,M,Raw,232.5
75.0,40.0,66.45,M,Wraps,87.5
220.0,145.0,102.3,M,Raw,255.0
136.08,97.52,73.94,M,Wraps,181.44
133.81,72.57,59.87,M,Single-ply,147.42
272.16,170.1,114.94,M,Single-ply,195.04
117.5,72.5,73.5,F,Raw,135.0
50.0,45.0,62.45,F,Raw,82.5
152.5,77.5,56.5,F,Single-ply,167.5
127.01,102.06,81.28,M,Wraps,201.85
192.78,97.52,99.79,M,Single-ply,174.63
185.0,130.0,72.2,M,Raw,192.5
172.37,115.67,103.28,M,Single-ply,181.44
132.5,65.0,69.1,F,Raw,147.5
204.12,115.67,86.64,M,Wraps,272.16
226.8,156.49,96.16,M,Single-ply,208.65
207.5,125.0,88.2,M,Raw,247.5
232.5,165.0,92.0,M,Wraps,280.0
102.5,55.0,72.3,F,Raw,135.0
205.0,115.0,103.9,M,Raw,242.5
125.0,55.0,57.3,F,Raw,162.5
240.0,160.0,120.0,M,Raw,260.0
240.0,135.0,72.1,M,Raw,277.5
192.5,107.5,86.4,M,Raw,200.0
72.5,35.0,51.9,F,Raw,87.5
262.5,193.0,91.2,M,Raw,287.5
75.0,175.0,119.0,M,Single-ply,177.5
102.5,70.0,58.6,F,Raw,150.0
272.16,138.35,88.22,M,Single-ply,240.4
131.54,90.72,67.04,M,Single-ply,158.76
285.0,202.5,113.8,M,Raw,320.0
204.12,131.54,84.69,M,Single-ply,195.04
60.0,245.0,123.3,M,Single-ply,70.0
242.5,152.5,88.4,M,Raw,250.0
125.0,85.0,68.5,M,Single-ply,147.5
181.44,120.2,74.84,M,Wraps,201.85
232.24,169.64,100.0,M,Single-ply,217.27
197.5,142.5,93.17,M,Wraps,255.0
174.63,97.52,69.85,M,Single-ply,192.78
102.5,95.0,95.1,F,Raw,125.0
72.5,40.0,58.45,F,Raw,100.0
170.0,112.5,80.4,M,Raw,205.0
302.5,167.5,116.1,M,Wraps,290.0
86.18,43.09,55.7,M,Single-ply,106.59
115.0,62.5,61.0,F,Raw,120.0
105.0,52.5,66.59,F,Wraps,142.5
174.63,108.86,71.03,M,Single-ply,181.44
320.0,215.0,110.0,M,Single-ply,312.5
242.5,147.5,90.5,M,Raw,277.5
195.0,167.5,88.8,M,Single-ply,237.5
480.81,340.19,136.62,M,Multi-ply,317.51
197.31,138.35,147.33,M,Wraps,240.4
130.0,57.5,58.6,F,Single-ply,125.0
70.0,42.5,78.1,F,Single-ply,102.5
95.0,47.5,59.5,F,Wraps,112.5
167.83,102.06,67.13,M,Single-ply,174.63
200.0,187.5,127.55,M,Wraps,237.5
110.0,80.0,61.42,F,Raw,127.5
215.0,130.0,66.7,M,Single-ply,222.5
142.5,112.5,66.8,F,Raw,182.5
117.93,77.11,65.41,F,Raw,131.54
177.5,92.5,59.28,F,Wraps,192.5
90.0,62.5,77.34,M,Raw,110.0
320.0,220.0,170.4,M,Raw,325.0
147.42,90.72,73.57,M,Single-ply,154.22
172.5,80.0,79.8,F,Wraps,182.5
135.0,85.0,69.9,M,Single-ply,160.0
254.01,120.2,103.69,M,Single-ply,197.31
281.23,165.56,123.29,M,Wraps,281.23
190.0,97.5,105.3,M,Wraps,242.5
205.0,135.0,90.0,M,Wraps,230.0
215.0,160.0,84.73,M,Raw,300.0
127.5,80.0,63.8,F,Raw,175.0
297.5,235.0,103.87,M,Single-ply,287.5
285.76,208.65,121.74,M,Single-ply,238.14
112.5,57.5,60.6,F,Raw,135.0
120.2,68.04,53.52,M,Single-ply,131.54
102.5,65.0,56.0,F,Single-ply,127.5
226.8,138.35,89.58,M,Wraps,283.5
104.33,56.7,55.47,M,Single-ply,124.74
210.0,170.0,100.0,M,Single-ply,210.0
235.0,140.0,108.64,M,Raw,257.5
235.0,142.5,103.5,M,Single-ply,220.5
230.0,147.5,87.9,M,Raw,300.0
170.0,115.0,73.84,M,Raw,210.0
137.5,92.5,72.2,M,Raw,182.5
328.85,102.06,106.14,M,Multi-ply,294.84
192.78,136.08,88.09,M,Single-ply,190.51
226.8,158.76,72.76,M,Single-ply,215.46
252.5,172.5,124.74,M,Wraps,277.5
174.63,136.08,74.57,M,Raw,222.26
130.0,90.0,55.7,M,Single-ply,145.0
179.17,122.47,98.07,M,Single-ply,217.72
197.3,90.7,73.8,M,Single-ply,199.6
220.0,155.0,111.3,M,Raw,285.0
227.5,170.0,101.8,M,Single-ply,247.5
232.5,155.0,91.0,M,Single-ply,260.0
115.0,57.5,67.4,F,Raw,132.5
102.06,54.43,66.59,F,Raw,127.01
245.0,142.5,82.2,M,Raw,252.5
235.87,140.61,105.96,M,Single-ply,226.8
132.5,90.0,114.0,F,Raw,150.0
195.0,115.7,82.3,M,Raw,242.7
92.5,42.5,55.0,M,Raw,97.5
85.0,55.0,79.4,F,Raw,107.5
274.42,167.83,121.47,M,Single-ply,249.48
227.5,137.5,81.8,F,Wraps,237.5
142.88,90.72,89.13,M,Single-ply,165.56
199.58,129.27,87.82,M,Single-ply,163.29
183.7,92.99,67.86,M,Single-ply,188.24
145.15,74.84,82.1,M,Single-ply,172.37
192.78,88.45,69.94,M,Single-ply,181.44
190.51,92.99,69.85,M,Single-ply,204.12
129.27,70.31,65.14,M,Single-ply,142.88
305.0,200.0,100.0,M,Single-ply,272.5
257.5,157.5,97.2,M,Raw,295.0
112.5,55.0,51.35,F,Raw,120.0
87.5,67.5,71.21,F,Wraps,145.0
132.5,107.5,63.23,M,Single-ply,132.5
222.5,190.0,101.3,M,Raw,272.5
163.29,72.57,58.24,M,Single-ply,165.56
59.0,31.8,63.0,F,Raw,70.3
300.0,187.5,89.99,M,Wraps,322.5
105.0,65.0,51.6,F,Raw,147.5
180.0,120.0,71.6,M,Raw,157.5
122.5,57.5,69.7,F,Single-ply,122.5
205.0,115.0,72.4,M,Single-ply,215.0
195.04,138.35,81.74,M,Raw,272.16
90.0,52.5,66.6,F,Raw,112.5
181.44,77.11,65.05,M,Single-ply,145.15
81.7,70.3,78.9,F,Raw,136.1
165.56,124.74,76.66,M,Wraps,201.85
255.0,160.0,127.5,M,Raw,280.0
192.5,127.5,73.7,M,Raw,227.5
127.01,70.31,65.14,M,Single-ply,151.95
205.0,140.0,73.6,M,Raw,225.0
122.5,67.5,49.3,F,Raw,150.0
147.42,86.18,74.39,M,Single-ply,233.6
197.31,117.93,99.43,M,Single-ply,195.04
215.0,165.0,113.2,M,Raw,280.0
154.22,102.06,72.71,M,Wraps,136.08
281.23,208.65,73.94,M,Multi-ply,226.8
188.24,138.35,78.93,M,Single-ply,197.31
162.5,125.0,74.93,F,Raw,207.5
180.0,130.0,58.94,F,Single-ply,167.5
102.5,62.5,59.8,F,Wraps,135.0
280.0,170.0,110.0,M,Single-ply,280.0
362.5,232.5,122.92,M,Raw,380.0
210.0,135.0,74.8,M,Single-ply,195.0
350.0,192.5,118.5,M,Raw,332.5
192.5,115.0,101.7,M,Raw,225.0
210.0,25.0,95.2,M,Raw,140.0
237.5,160.0,99.9,M,Raw,245.0
192.78,136.08,109.77,M,Single-ply,206.38
322.5,237.5,92.58,M,Single-ply,302.5
217.72,129.27,147.96,M,Single-ply,197.31
125.0,65.0,55.45,F,Raw,130.0
107.5,75.0,79.44,F,Raw,132.5
124.7,49.9,79.6,F,Single-ply,106.6
195.0,150.0,89.95,M,Raw,250.0
110.0,65.0,62.4,F,Raw,150.0
92.5,60.0,58.4,F,Raw,122.5
180.0,90.0,75.9,F,Wraps,190.0
149.69,102.06,93.67,M,Single-ply,179.17
122.5,85.0,66.9,M,Raw,160.0
161.03,83.91,79.02,M,Single-ply,161.03
125.0,90.0,66.3,M,Raw,165.0
229.1,136.1,89.45,M,Single-ply,201.9
115.0,77.5,81.0,M,Raw,145.0
257.5,145.0,78.6,M,Single-ply,210.0
192.5,107.5,96.5,M,Raw,205.0
127.5,115.0,70.31,M,Raw,152.5
276.69,170.1,89.81,M,Wraps,240.4
222.5,160.0,98.2,M,Raw,250.0
75.0,62.5,55.7,M,Raw,110.0
135.0,82.5,73.15,F,Raw,170.0
255.0,197.5,104.0,M,Raw,310.5
150.0,90.0,52.0,M,Single-ply,192.5
200.0,140.0,79.5,M,Single-ply,195.0
147.42,90.72,73.94,M,Single-ply,142.88
230.0,170.0,79.7,M,Single-ply,220.0
149.69,108.86,94.08,M,Single-ply,140.61
255.0,182.5,109.3,M,Raw,272.5
310.5,170.0,104.5,M,Raw,333.0
92.5,62.5,96.45,F,Raw,142.5
147.5,130.0,64.4,M,Raw,197.5
175.0,12.5,93.0,M,Raw,232.5
125.0,70.0,70.74,F,Raw,165.0
188.24,106.59,80.29,M,Single-ply,190.51
225.0,140.0,90.0,M,Raw,252.5
255.0,140.0,84.2,M,Single-ply,240.0
142.88,129.27,94.8,M,Raw,142.88
142.5,80.0,70.4,M,Single-ply,175.0
281.23,174.63,89.81,M,Wraps,226.8
387.5,235.0,145.0,M,Single-ply,332.5
400.0,295.0,123.8,M,Single-ply,310.0
185.97,106.59,96.52,M,Single-ply,188.24
337.5,195.0,100.0,M,Single-ply,330.0
242.5,157.5,108.32,M,Wraps,255.0
232.5,165.0,99.0,M,Single-ply,265.0
106.59,63.5,80.29,M,Single-ply,115.67
156.5,61.2,74.9,F,Single-ply,129.3
155.0,107.5,108.3,F,Raw,205.0
117.5,75.0,62.5,F,Raw,150.0
392.36,249.48,136.08,M,Multi-ply,283.5
117.5,50.0,60.0,F,Raw,137.5
154.22,113.4,67.34,M,Wraps,199.58
163.29,106.59,95.71,M,Wraps,192.78
142.5,82.5,62.8,F,Raw,165.0
170.0,115.0,101.6,M,Wraps,220.0
285.0,160.0,100.0,M,Multi-ply,257.5
165.56,99.79,79.02,M,Single-ply,170.1
92.5,40.0,63.8,F,Raw,115.0
226.8,115.67,110.22,M,Single-ply,219.99
287.12,209.56,90.0,M,Single-ply,249.93
172.37,97.52,73.94,M,Single-ply,185.97
185.0,100.0,57.45,M,Raw,200.0
327.5,150.0,73.9,M,Single-ply,272.5
161.03,104.33,81.74,M,Single-ply,192.78
162.5,120.0,89.36,M,Single-ply,137.5
192.78,124.74,98.43,M,Single-ply,183.7
145.2,52.2,66.6,F,Single-ply,158.8
120.0,72.5,71.1,F,Raw,140.0
113.4,95.3,56.0,M,Raw,170.1
210.92,131.54,107.46,M,Single-ply,213.19
137.5,82.5,63.0,M,Raw,175.0
136.08,77.11,59.6,M,Single-ply,149.69
227.5,152.5,99.15,M,Raw,265.0
200.0,117.5,78.0,M,Raw,240.0
200.0,145.0,102.2,M,Raw,235.0
181.44,102.06,89.81,M,Single-ply,183.7
200.0,147.5,100.35,M,Raw,210.0
240.0,130.0,74.0,M,Single-ply,240.0
147.42,92.99,90.0,M,Raw,165.56
182.5,162.5,90.6,M,Raw,215.0
74.84,47.63,59.96,F,Wraps,92.99
199.58,120.2,65.68,M,Single-ply,197.31
195.0,125.0,83.0,M,Raw,230.0
197.31,120.2,109.77,M,Single-ply,192.78
275.0,207.5,109.5,M,Raw,292.5
102.5,47.5,54.4,F,Raw,150.0
208.65,122.47,88.18,M,Single-ply,208.65
340.0,200.0,95.1,M,Single-ply,330.0
140.0,87.5,81.9,M,Single-ply,170.0
88.45,61.23,59.24,F,Wraps,115.67
113.4,65.77,73.48,M,Single-ply,138.35
97.5,57.5,60.7,F,Raw,120.0
226.8,147.42,89.63,M,Raw,254.01
254.01,122.47,98.47,M,Single-ply,240.4
102.5,52.5,60.65,F,Raw,130.0
117.5,52.5,73.0,F,Raw,147.5
140.0,100.0,69.4,M,Raw,190.0
140.0,105.0,64.95,M,Raw,190.0
180.0,127.5,81.2,M,Raw,240.0
192.5,135.0,77.3,M,Single-ply,242.5
297.1,179.17,67.22,F,Multi-ply,229.06
112.5,55.0,73.3,F,Wraps,132.5
170.0,137.5,105.5,M,Raw,237.5
147.5,75.0,65.2,F,Raw,160.0
65.77,31.75,67.5,F,Wraps,86.18
161.03,83.91,70.31,M,Single-ply,138.35
95.0,62.5,84.4,F,Raw,120.0
185.0,140.0,92.9,M,Raw,205.0
105.0,45.0,72.45,F,Raw,112.5
142.5,85.0,57.7,M,Raw,165.0
172.5,102.5,95.5,M,Raw,220.0
110.0,62.5,68.7,F,Raw,137.5
135.0,87.5,73.45,M,Raw,165.0
100.0,70.0,77.17,F,Wraps,120.0
95.0,52.5,71.35,F,Raw,130.0
77.5,62.5,93.8,F,Wraps,107.5
52.5,25.0,72.9,F,Raw,65.0
244.94,142.88,95.93,M,Multi-ply,226.8
156.49,77.11,59.96,F,Wraps,156.49
185.0,117.5,81.92,M,Wraps,205.0
127.5,70.0,65.68,F,Wraps,150.0
102.5,57.5,54.3,F,Raw,115.0
161.03,120.2,70.08,M,Single-ply,199.58
140.0,75.0,124.4,M,Raw,172.5
250.0,132.5,98.8,M,Single-ply,160.0
140.0,100.0,120.0,M,Raw,240.0
140.61,72.57,110.0,M,Wraps,190.51
262.5,180.0,82.7,M,Single-ply,245.0
106.59,54.43,68.76,F,Single-ply,115.67
192.5,127.5,72.3,M,Raw,250.0
147.42,65.77,75.7,F,Wraps,142.88
250.0,200.0,134.0,M,Raw,277.5
272.5,202.5,143.95,M,Raw,292.5
172.37,86.18,96.16,M,Single-ply,145.15
142.5,80.0,60.0,M,Single-ply,170.0
235.87,120.2,148.14,M,Single-ply,188.24
158.76,68.04,71.67,M,Single-ply,190.51
182.5,97.5,124.0,F,Raw,175.0
70.0,57.5,54.6,M,Raw,90.0
102.06,56.7,53.61,F,Raw,102.06
165.0,115.0,74.9,M,Single-ply,227.5
192.5,137.5,80.4,M,Raw,255.0
90.72,83.91,76.52,M,Single-ply,102.06
219.99,138.35,89.81,M,Wraps,265.35
162.5,92.5,88.0,M,Raw,237.5
250.0,182.5,91.7,M,Raw,300.0
247.5,155.0,82.5,M,Raw,267.5
272.5,155.0,88.7,M,Wraps,265.0
75.0,52.5,71.4,F,Raw,110.0
87.5,30.0,61.0,F,Single-ply,117.5
80.0,47.5,50.3,F,Raw,90.0
142.5,82.5,60.6,M,Single-ply,150.0
150.0,137.5,125.0,M,Single-ply,182.5
225.0,152.5,91.77,M,Raw,235.0
174.63,113.4,56.02,M,Single-ply,170.1
129.27,72.57,65.95,M,Single-ply,158.76
158.76,88.45,54.5,M,Single-ply,138.35
157.5,117.5,87.4,M,Raw,205.0
175.0,112.5,67.5,M,Single-ply,235.0
188.24,129.27,79.83,M,Wraps,267.62
303.91,217.72,110.0,M,Single-ply,258.55
240.0,120.0,98.7,M,Single-ply,235.0
137.5,65.0,81.4,F,Raw,162.5
65.0,42.5,55.5,F,Raw,100.0
275.0,165.0,58.65,M,Single-ply,235.0
165.56,102.06,106.59,M,Single-ply,183.7
113.4,83.91,80.74,M,Single-ply,124.74
120.0,92.5,73.66,M,Raw,190.0
205.0,155.0,99.2,M,Raw,235.0
90.0,37.5,83.0,F,Raw,87.5
238.14,124.74,117.3,M,Single-ply,204.12
260.82,165.56,115.03,M,Wraps,238.14
155.0,87.5,72.6,M,Raw,165.0
235.0,150.0,80.7,M,Raw,262.5
165.6,97.5,74.3,M,Raw,192.8
90.0,55.0,54.7,F,Raw,140.0
215.46,142.88,80.83,M,Wraps,238.14
227.5,160.0,83.0,M,Raw,272.5
97.5,67.5,51.3,F,Raw,125.0
208.65,136.08,88.9,M,Single-ply,217.72
105.0,67.5,72.0,F,Raw,132.5
195.04,99.79,80.74,M,Single-ply,192.78
222.5,120.0,64.0,M,Single-ply,225.0
220.0,127.5,92.8,M,Raw,287.5
81.7,43.1,68.9,F,Raw,111.1
260.0,192.5,100.0,M,Wraps,320.0
81.65,70.31,68.67,M,Single-ply,104.33
92.99,52.16,67.13,F,Wraps,127.01
188.24,113.4,75.66,M,Single-ply,185.97
174.63,124.74,82.1,M,Single-ply,172.37
215.0,142.5,88.3,M,Raw,240.0
102.06,47.63,60.06,F,Wraps,102.06
97.5,80.0,73.03,M,Raw,127.5
132.5,87.5,89.68,M,Raw,187.5
122.5,67.5,63.0,F,Raw,125.0
165.56,113.4,98.43,M,Single-ply,179.17
102.5,67.5,61.08,F,Raw,152.5
150.0,110.0,89.8,M,Single-ply,180.0
70.0,47.5,79.14,F,Raw,110.0
151.95,88.45,64.41,M,Single-ply,165.56
95.0,55.0,45.6,F,Raw,105.0
215.0,120.0,115.5,M,Single-ply,250.0
162.5,65.0,65.0,F,Single-ply,155.0
75.0,70.0,89.8,F,Raw,132.5
215.0,127.5,80.5,M,Raw,247.5
442.25,362.87,139.25,M,Multi-ply,342.46
192.5,140.0,89.0,M,Raw,220.0
147.5,105.0,60.0,M,Single-ply,165.0
110.0,47.5,82.3,F,Raw,152.5
165.56,113.4,111.31,M,Raw,174.63
250.0,117.5,144.9,M,Single-ply,215.0
183.7,183.7,88.9,M,Raw,260.82
235.0,137.5,91.9,M,Raw,240.0
136.08,79.38,107.23,M,Single-ply,142.88
158.76,90.72,64.95,M,Single-ply,149.69
240.4,158.76,89.72,M,Single-ply,215.46
217.72,147.42,109.77,M,Single-ply,231.33
295.0,195.0,124.8,M,Wraps,285.0
111.13,61.23,59.65,F,Wraps,133.81
67.5,40.0,67.5,F,Single-ply,110.0
185.0,130.5,58.25,M,Raw,230.0
135.0,95.0,103.4,M,Single-ply,165.0
122.5,57.5,70.6,F,Raw,132.5
172.37,97.52,73.94,M,Single-ply,179.17
192.5,120.0,82.0,M,Raw,227.5
181.44,102.06,66.04,M,Single-ply,183.7
240.0,140.0,101.75,M,Multi-ply,180.0
75.0,100.0,74.0,M,Single-ply,130.0
110.0,70.0,81.0,F,Raw,137.5
145.0,95.0,107.4,M,Raw,170.0
264.9,204.57,122.7,M,Single-ply,274.88
120.2,81.65,65.14,M,Single-ply,154.22
120.0,50.0,90.8,F,Raw,137.5
138.4,61.2,58.92,F,Single-ply,140.6
170.0,102.5,72.0,M,Raw,210.0
240.0,142.5,96.68,M,Raw,252.5
235.0,160.0,80.29,M,Single-ply,227.5
182.5,102.5,74.0,M,Raw,192.5
130.0,95.0,69.8,F,Multi-ply,137.5
190.0,150.0,78.6,M,Raw,220.0
170.0,100.0,77.8,M,Raw,195.0
260.0,160.0,118.4,M,Raw,300.0
272.5,205.0,81.4,M,Single-ply,230.0
117.5,60.0,70.9,F,Raw,160.0
199.58,163.29,107.86,M,Raw,240.4
235.0,160.0,152.0,M,Raw,320.0
192.5,107.5,100.0,M,Single-ply,192.5
439.98,317.51,,M,Multi-ply,285.76
95.0,75.0,80.4,F,Raw,140.0
100.0,45.0,105.9,F,Raw,130.0
165.56,102.06,96.25,M,Wraps,204.12
117.9,77.1,51.71,M,Single-ply,115.7
226.8,131.54,116.39,M,Wraps,226.8
106.59,79.38,58.69,M,Single-ply,115.67
82.5,60.0,72.8,F,Single-ply,110.0
180.0,142.5,81.8,M,Single-ply,225.0
215.0,145.0,81.9,M,Raw,212.5
60.0,42.5,91.0,M,Raw,95.0
90.0,42.5,58.0,F,Raw,110.0
156.49,90.72,74.48,M,Single-ply,149.69
180.0,105.0,89.15,M,Single-ply,202.5
147.42,83.91,76.29,M,Single-ply,142.88
83.91,45.36,42.0,M,Single-ply,83.91
82.5,45.0,55.8,F,Raw,107.5
445.0,285.0,171.8,M,Single-ply,300.0
230.0,147.5,112.7,M,Raw,252.5
227.5,185.0,97.42,M,Raw,255.0
170.1,97.52,105.69,M,Single-ply,185.97
90.0,85.0,102.0,M,Raw,122.5
90.72,79.38,54.43,M,Single-ply,102.06
111.13,81.65,68.22,M,Single-ply,127.01
165.56,106.59,127.01,M,Single-ply,161.03
192.5,125.0,87.6,M,Raw,207.5
137.5,75.0,67.0,F,Raw,165.0
149.69,102.06,81.51,M,Single-ply,136.08
215.0,140.0,81.9,M,Raw,277.5
205.0,147.5,119.8,M,Single-ply,182.5
245.0,152.5,100.0,M,Single-ply,245.0
245.0,175.0,96.1,M,Raw,330.0
292.57,158.76,,M,Wraps,292.57
110.0,60.0,62.4,F,Single-ply,140.0
187.5,135.0,87.2,M,Raw,207.5
187.5,97.5,119.4,M,Raw,195.0
180.0,115.0,106.8,M,Single-ply,220.0
145.0,97.5,58.5,M,Raw,167.5
255.0,182.5,67.4,M,Single-ply,275.0
210.0,117.5,80.35,M,Raw,255.0
62.5,40.0,66.1,F,Raw,82.5
150.0,80.0,73.6,F,Raw,170.0
235.0,137.5,103.5,M,Raw,270.0
299.37,183.7,139.34,M,Wraps,292.57
115.0,70.0,56.1,F,Raw,115.0
360.0,270.5,119.1,M,Single-ply,295.0
75.0,47.5,51.5,F,Raw,122.5
182.5,150.0,72.8,M,Raw,227.5
35.0,25.0,29.0,M,Raw,55.0
92.5,45.0,56.0,F,Single-ply,117.5
137.5,110.0,117.2,M,Raw,162.5
275.0,177.5,118.9,M,Raw,280.0
142.5,75.0,83.5,F,Raw,140.0
185.0,112.5,85.0,M,Raw,200.0
210.0,130.0,95.75,M,Raw,265.0
215.46,122.47,109.77,M,Single-ply,238.14
172.5,107.5,94.05,M,Raw,170.0
207.5,110.0,90.0,M,Raw,207.5
200.0,135.0,77.9,M,Raw,232.5
215.0,115.0,89.4,M,Raw,230.0
145.0,112.5,84.37,M,Single-ply,152.5
140.0,75.0,59.78,F,Wraps,172.5
72.5,42.5,61.3,F,Raw,80.0
107.5,47.5,64.3,M,Single-ply,142.5
230.0,157.5,123.8,M,Single-ply,270.0
135.0,97.5,72.0,M,Raw,170.0
120.0,77.5,57.94,M,Single-ply,142.5
130.0,62.5,74.2,F,Raw,142.5
195.0,110.0,81.2,M,Wraps,212.5
365.0,245.0,98.4,M,Multi-ply,330.0
212.5,137.5,65.6,M,Raw,260.0
137.5,75.0,68.5,F,Raw,160.0
192.78,151.95,64.41,F,Multi-ply,183.7
205.0,130.0,102.7,M,Raw,215.0
183.7,106.59,82.1,M,Single-ply,195.04
267.5,157.5,87.8,M,Single-ply,235.0
120.0,70.0,62.5,F,Raw,142.5
172.5,127.5,80.4,M,Raw,197.5
200.0,140.0,90.64,M,Raw,245.0
215.0,140.0,80.2,M,Single-ply,172.5
145.15,102.06,58.15,M,Single-ply,165.56
180.0,122.5,72.8,M,Raw,237.5
183.7,133.81,66.22,M,Wraps,197.31
167.5,120.0,91.6,M,Raw,205.0
110.0,50.0,60.5,F,Raw,145.0
235.0,162.5,92.5,M,Raw,290.0
61.23,45.36,45.45,M,Single-ply,83.91
68.04,43.09,85.5,F,Raw,102.06
105.0,45.0,69.58,F,Wraps,117.5
290.0,160.0,120.3,M,Wraps,295.0
192.78,115.67,87.09,M,Raw,210.92
210.0,137.5,93.0,M,Raw,272.5
199.58,102.06,81.24,M,Single-ply,195.04
117.5,75.0,90.0,F,Raw,137.5
217.5,135.0,65.5,M,Single-ply,210.0
172.4,127.0,68.1,M,Raw,205.7
232.5,130.0,104.6,M,Raw,242.5
182.5,130.0,95.2,M,Raw,207.5
175.0,115.0,95.71,M,Wraps,242.5
182.5,115.0,73.85,M,Raw,210.0
215.0,152.5,69.0,M,Single-ply,227.5
150.0,67.5,90.5,F,Raw,172.5
140.0,72.5,61.9,F,Raw,180.0
229.06,142.88,87.63,M,Single-ply,229.06
158.76,106.59,59.87,M,Single-ply,167.83
233.6,124.74,106.14,M,Single-ply,226.8
215.0,135.0,87.0,M,Raw,250.0
80.0,60.0,65.1,M,Raw,107.5
190.51,117.93,96.8,M,Single-ply,181.44
77.5,42.5,70.1,F,Raw,100.0
85.0,50.0,53.4,F,Single-ply,102.5
175.0,122.5,94.1,M,Raw,232.5
167.5,102.5,73.8,M,Raw,195.0
135.0,100.0,78.35,M,Raw,180.0
112.5,90.0,81.3,F,Raw,167.5
172.5,115.0,105.46,M,Raw,205.0
105.0,70.0,69.04,F,Raw,127.5
232.5,145.0,81.5,M,Raw,292.5
182.5,62.5,97.7,M,Wraps,207.5
167.5,130.0,100.1,M,Single-ply,202.5
92.5,55.0,70.95,F,Raw,137.5
86.18,70.31,75.0,M,Single-ply,124.74
137.5,82.5,83.5,F,Raw,165.0
305.0,215.0,82.5,M,Wraps,312.5
175.0,115.0,72.2,M,Raw,212.5
68.04,36.29,40.73,F,Wraps,90.72
77.5,52.5,65.1,F,Raw,110.0
124.74,77.11,94.44,M,Single-ply,163.29
300.0,200.0,144.3,M,Single-ply,305.0
112.5,77.5,64.2,M,Raw,172.5
165.56,79.38,66.86,M,Single-ply,167.83
300.0,167.5,122.65,M,Wraps,332.5
102.5,57.5,72.25,F,Raw,162.5
105.0,57.5,42.7,F,Single-ply,120.0
156.49,106.59,129.36,M,Wraps,192.78
240.0,172.5,98.6,M,Raw,267.5
105.0,52.5,57.0,F,Raw,125.0
106.59,49.9,54.43,M,Single-ply,124.74
125.0,87.5,61.9,M,Raw,170.0
195.0,140.0,72.2,M,Raw,225.0
182.5,147.5,92.0,M,Single-ply,247.5
155.0,140.0,88.7,M,Single-ply,180.0
255.0,170.0,90.0,M,Single-ply,245.0
260.0,180.0,99.6,M,Single-ply,250.0
190.51,127.01,73.48,M,Wraps,238.14
230.0,115.0,131.7,F,Raw,230.0
172.37,99.79,73.07,M,Single-ply,185.97
260.0,160.0,103.6,M,Wraps,272.5
190.0,100.0,85.5,M,Single-ply,220.0
295.0,195.0,109.59,M,Wraps,272.5
360.0,237.5,106.96,M,Single-ply,290.0
215.0,125.0,56.0,M,Single-ply,232.5
85.0,42.5,62.69,F,Raw,100.0
182.5,125.0,89.86,M,Raw,227.5
238.14,140.61,88.81,M,Raw,240.4
250.0,145.0,101.4,M,Single-ply,270.0
317.51,213.19,82.19,M,Wraps,299.37
207.5,145.0,81.1,M,Raw,240.0
254.0,140.0,100.8,M,Raw,260.0
180.0,102.5,115.4,M,Raw,227.5
302.5,210.0,106.2,M,Multi-ply,310.0
201.85,120.2,92.53,M,Single-ply,206.38
125.0,90.0,71.5,M,Single-ply,190.0
202.5,157.5,124.1,M,Raw,247.5
233.6,129.27,94.39,M,Wraps,233.6
190.51,113.4,73.94,M,Single-ply,185.97
65.0,67.5,62.0,F,Raw,132.5
106.59,63.5,86.09,F,Wraps,124.74
157.5,75.0,64.5,F,Raw,175.0
227.5,147.5,100.0,M,Single-ply,242.5
145.0,92.5,73.1,M,Raw,190.0
380.0,250.0,138.38,M,Single-ply,290.0
208.65,122.47,131.54,M,Single-ply,179.17
172.5,115.0,87.2,M,Raw,202.5
95.0,57.5,56.68,F,Single-ply,125.0
165.0,90.0,100.45,M,Raw,185.0
97.5,62.5,89.5,F,Raw,130.0
257.5,137.5,121.7,M,Raw,267.5
117.5,60.0,79.5,F,Raw,150.0
235.0,205.0,132.8,M,Single-ply,300.0
145.0,57.5,56.5,F,Single-ply,140.0
158.76,113.4,53.34,M,Single-ply,195.04
162.5,97.5,77.7,M,Raw,192.5
111.13,83.91,66.59,F,Wraps,136.08
227.5,155.0,109.4,M,Raw,217.5
222.5,157.5,73.84,M,Raw,260.0
227.5,110.0,99.9,M,Raw,257.5
237.5,152.5,89.72,M,Wraps,275.0
240.0,167.5,116.34,M,Raw,240.0
112.5,72.5,56.3,F,Raw,127.5
306.17,170.1,89.18,M,Wraps,297.1
129.27,81.65,69.76,M,Single-ply,136.08
208.65,136.08,74.39,M,Single-ply,226.8
172.5,115.0,66.59,M,Wraps,205.0
60.0,35.0,56.85,F,Raw,77.5
102.5,45.0,55.9,F,Raw,135.0
215.46,158.76,74.16,M,Raw,226.8
167.5,80.0,80.8,F,Wraps,182.5
115.0,65.0,68.7,F,Raw,142.5
210.92,136.08,88.81,M,Wraps,226.8
235.0,170.0,82.25,M,Raw,270.0
90.72,61.23,63.87,M,Single-ply,120.2
154.22,83.91,112.04,M,Single-ply,156.49
70.0,70.0,80.2,M,Raw,112.5
157.5,107.5,88.6,M,Wraps,190.0
302.5,190.0,108.6,M,Wraps,317.5
285.76,174.63,107.95,M,Single-ply,231.33
215.0,115.0,67.1,M,Wraps,235.0
97.5,72.5,61.8,F,Raw,127.5
205.0,172.5,80.4,M,Single-ply,220.0
87.5,82.5,118.7,M,Single-ply,102.5
167.83,92.99,106.87,M,Single-ply,147.42
102.5,52.5,61.0,F,Raw,125.0
200.0,117.5,73.6,M,Raw,240.0
102.5,140.0,65.7,M,Raw,182.5
202.5,182.5,82.2,M,Raw,205.0
244.94,177.47,125.0,M,Single-ply,244.94
345.0,282.5,130.7,M,Single-ply,290.0
215.0,175.0,91.44,M,Raw,252.5
150.0,100.0,66.9,M,Single-ply,197.5
215.0,172.5,89.9,M,Raw,295.0
125.0,55.0,69.1,M,Single-ply,150.0
152.5,77.5,79.6,F,Raw,192.5
240.0,137.5,74.7,M,Wraps,260.0
117.93,52.16,58.88,F,Raw,145.15
142.88,102.06,71.3,M,Wraps,183.7
227.5,132.5,74.7,M,Single-ply,240.0
122.47,70.31,53.07,M,Single-ply,129.27
92.5,55.0,61.4,F,Raw,102.5
219.99,147.42,103.87,M,Single-ply,226.8
150.0,182.5,96.8,M,Single-ply,150.0
294.84,263.08,100.7,M,Multi-ply,249.48
131.54,86.18,89.81,M,Single-ply,140.61
220.0,140.0,92.3,M,Raw,305.0
197.5,142.5,139.6,M,Single-ply,210.0
217.5,160.0,110.0,M,Single-ply,250.0
190.51,113.4,99.34,M,Single-ply,185.97
255.0,160.0,98.52,M,Single-ply,227.5
136.08,106.59,70.31,M,Single-ply,124.74
187.5,100.0,90.1,M,Raw,242.5
102.06,52.16,88.0,F,Wraps,117.93
267.62,199.58,89.81,M,Raw,310.71
237.5,147.5,89.18,M,Raw,282.5
172.5,122.5,74.9,M,Raw,197.5
181.44,104.33,71.49,M,Single-ply,201.85
125.0,80.0,99.3,M,Raw,160.0
106.59,81.65,70.22,M,Single-ply,129.27
180.0,125.0,89.1,F,Single-ply,207.5
190.0,115.0,81.1,M,Raw,215.0
265.0,150.0,91.22,M,Raw,265.0
151.95,117.93,69.67,M,Single-ply,181.44
212.5,145.0,81.32,M,Raw,245.0
185.0,122.5,94.6,M,Raw,220.0
165.0,115.0,65.32,M,Raw,202.5
250.0,205.5,113.1,M,Raw,300.0
130.0,62.5,74.93,F,Wraps,150.0
87.5,75.0,59.0,M,Raw,137.5
100.0,50.0,56.7,F,Raw,117.5
50.0,25.0,44.0,F,Raw,70.0
276.69,161.03,122.83,M,Single-ply,265.35
113.4,70.31,58.01,M,Single-ply,129.27
132.5,70.0,71.7,F,Raw,160.0
160.0,132.5,70.9,M,Raw,182.5
165.0,102.5,85.3,M,Raw,192.5
140.0,95.0,63.8,M,Raw,182.5
122.5,82.5,50.6,F,Raw,145.0
240.0,140.0,108.68,M,Wraps,272.5
219.99,120.2,65.32,M,Single-ply,195.04
207.5,135.0,73.6,M,Raw,257.5
174.63,88.45,90.36,M,Single-ply,170.1
272.2,136.1,97.25,M,Single-ply,226.8
219.99,129.27,118.93,M,Single-ply,217.72
122.5,77.5,55.6,M,Raw,155.0
75.0,45.0,58.7,F,Raw,100.0
70.0,82.5,112.4,F,Raw,167.5
195.0,140.0,98.7,M,Single-ply,220.0
197.31,129.27,79.92,M,Single-ply,176.9
217.5,125.0,79.83,M,Wraps,220.0
330.0,175.0,100.7,M,Single-ply,320.0
232.5,195.0,81.6,M,Raw,282.5
185.0,150.0,79.4,M,Raw,220.0
197.31,129.27,82.37,M,Wraps,210.92
110.0,55.0,74.0,F,Raw,120.0
106.59,79.38,63.41,M,Single-ply,138.35
140.0,85.0,62.15,F,Raw,150.0
240.0,142.5,117.8,M,Raw,250.0
107.5,55.0,122.7,F,Raw,140.0
185.97,99.79,85.82,M,Single-ply,154.22
240.0,147.5,88.95,M,Single-ply,225.0
235.0,190.0,104.2,M,Single-ply,220.0
152.5,77.5,61.95,F,Raw,160.0
130.0,85.0,74.53,M,Raw,175.0
180.0,120.0,98.4,M,Raw,217.5
220.0,137.5,81.6,M,Wraps,265.0
151.95,70.31,88.36,M,Single-ply,181.44
132.5,65.0,69.5,F,Raw,170.0
190.0,125.0,89.5,F,Single-ply,185.0
197.5,110.0,80.1,M,Wraps,190.0
235.0,145.0,97.7,M,Wraps,242.5
185.0,100.0,73.26,F,Raw,190.0
120.0,115.0,94.7,M,Raw,192.5
97.5,47.5,44.6,F,Raw,112.5
167.5,120.0,82.1,M,Raw,202.5
165.0,115.0,82.9,M,Raw,227.5
195.0,102.5,74.55,M,Single-ply,210.0
197.31,131.54,88.54,M,Single-ply,190.51
220.0,172.5,120.9,M,Wraps,282.5
235.0,147.5,89.2,M,Raw,240.0
132.5,85.0,64.1,M,Raw,150.0
110.0,57.5,62.8,F,Raw,122.5
230.0,137.5,91.3,M,Single-ply,277.5
235.87,215.46,139.48,M,Wraps,226.8
222.5,150.0,100.5,M,Raw,252.5
255.0,210.0,137.16,M,Raw,280.0
204.12,122.47,124.28,M,Single-ply,192.78
175.0,115.0,89.2,M,Wraps,210.0
130.0,87.5,71.1,F,Raw,140.0
158.76,92.99,71.4,M,Single-ply,188.24
185.97,113.4,86.64,M,Single-ply,249.48
197.5,105.0,86.2,M,Raw,225.0
327.5,237.5,119.3,M,Single-ply,320.0
207.5,162.5,103.19,M,Single-ply,200.0
240.4,149.69,88.0,M,Wraps,240.4
195.0,137.5,91.6,M,Raw,197.5
260.0,152.5,103.73,M,Raw,300.0
200.0,135.0,122.8,M,Single-ply,220.0
158.76,90.72,64.32,M,Single-ply,174.63
125.0,92.5,157.0,M,Raw,165.0
280.0,170.0,167.92,M,Raw,250.0
136.08,102.06,112.94,M,Single-ply,181.44
155.0,92.5,65.5,F,Single-ply,142.5
358.34,217.72,118.48,M,Wraps,335.66
238.14,147.42,82.19,M,Wraps,267.62
306.17,190.51,132.45,M,Wraps,324.32
120.0,85.0,76.0,M,Single-ply,150.0
275.0,205.0,,M,Single-ply,255.0
120.0,105.0,88.3,M,Raw,185.0
147.42,70.31,59.42,M,Single-ply,147.42
210.0,145.0,87.5,M,Raw,250.0
192.5,117.5,73.5,M,Single-ply,192.5
242.67,192.78,72.12,M,Single-ply,197.31
162.5,140.0,72.91,M,Raw,210.0
174.63,92.99,63.5,M,Single-ply,179.17
240.4,167.83,121.38,M,Wraps,285.76
140.61,74.84,51.17,M,Single-ply,138.35
102.5,65.0,84.1,F,Raw,110.0
238.14,204.12,126.64,M,Wraps,272.16
249.48,163.29,78.65,M,Multi-ply,226.8
156.49,106.59,88.63,M,Single-ply,147.42
183.7,113.4,97.07,M,Single-ply,183.7
217.72,117.93,95.71,M,Single-ply,199.58
172.37,90.72,106.82,M,Single-ply,167.83
215.0,140.0,100.5,M,Raw,275.0
140.0,65.0,56.6,F,Raw,142.5
197.5,137.5,66.8,M,Raw,207.5
154.22,95.25,95.98,M,Single-ply,181.44
235.0,122.5,65.9,M,Raw,245.0
152.5,67.5,62.9,F,Wraps,167.5
165.0,105.0,72.5,M,Raw,183.0
165.0,52.5,86.45,F,Wraps,165.0
192.78,106.59,93.44,M,Single-ply,192.78
240.0,177.5,111.0,M,Raw,237.5
112.5,75.0,82.0,F,Raw,155.0
110.0,52.5,62.9,F,Raw,130.0
170.1,120.2,78.02,M,Wraps,197.31
183.7,127.01,83.46,M,Single-ply,179.17
165.56,120.2,81.47,M,Single-ply,188.24
112.5,115.0,108.14,M,Raw,142.5
130.0,92.5,80.0,M,Raw,165.0
220.0,127.5,88.9,M,Raw,237.5
83.91,61.23,84.91,F,Wraps,129.27
115.67,68.04,124.74,M,Single-ply,115.67
251.74,158.76,126.1,M,Single-ply,240.4
120.2,83.91,62.87,F,Raw,142.88
182.5,112.5,80.8,M,Single-ply,197.5
122.47,72.57,67.13,M,Single-ply,161.03
82.5,42.5,53.5,F,Wraps,107.5
210.0,140.0,94.0,M,Raw,245.0
182.5,140.0,110.0,M,Raw,232.5
190.0,117.5,73.5,M,Raw,207.5
260.0,202.5,145.6,M,Wraps,272.5
170.0,115.0,81.9,M,Single-ply,152.5
140.0,82.5,69.13,F,Single-ply,150.0
215.0,115.0,90.0,M,Single-ply,225.0
150.0,92.5,60.0,F,Single-ply,160.0
70.0,62.5,61.42,F,Raw,122.5
195.0,120.0,73.98,M,Raw,257.5
140.0,85.0,89.0,M,Raw,190.0
97.5,52.5,62.2,F,Raw,122.5
192.5,137.5,92.6,M,Raw,227.5
110.0,72.5,61.35,F,Raw,145.0
52.5,30.0,53.8,F,Raw,62.5
112.5,65.0,57.5,F,Raw,137.5
187.5,100.0,81.7,M,Raw,222.5
192.44,154.9,78.47,M,Single-ply,204.91
185.0,137.5,98.7,M,Single-ply,225.0
160.0,100.0,82.4,M,Raw,210.0
282.5,187.5,122.47,M,Single-ply,302.5
140.0,75.0,71.4,F,Raw,170.0
250.0,160.0,106.4,M,Single-ply,277.5
92.5,45.0,72.12,F,Raw,117.5
192.5,125.0,101.3,M,Raw,225.0
97.5,55.0,96.4,F,Raw,120.0
87.5,47.5,47.8,F,Raw,112.5
239.95,182.46,94.57,M,Single-ply,227.48
162.5,112.5,70.1,M,Single-ply,185.0
215.46,120.2,93.08,M,Single-ply,181.44
145.15,79.38,73.3,M,Single-ply,181.44
136.08,74.84,64.86,M,Single-ply,158.76
254.01,172.37,98.61,M,Wraps,235.87
107.5,75.0,51.44,F,Raw,150.0
170.1,122.47,88.45,M,Single-ply,181.44
300.0,220.0,114.4,M,Single-ply,250.0
182.5,80.0,50.79,F,Single-ply,155.0
92.5,55.0,56.6,F,Raw,110.0
204.12,147.42,71.03,F,Multi-ply,181.44
120.0,52.5,59.96,F,Wraps,127.5
226.8,136.08,97.79,M,Wraps,235.87
136.08,90.72,57.79,M,Raw,161.03
242.5,125.0,90.72,M,Wraps,220.0
150.0,65.0,67.9,F,Raw,160.0
122.5,117.5,83.0,M,Single-ply,162.5
147.42,111.13,97.52,M,Single-ply,165.56
240.4,142.88,85.82,M,Single-ply,235.87
176.9,120.2,107.5,M,Single-ply,183.7
227.5,127.5,79.96,M,Raw,275.0
245.0,142.5,86.7,M,Raw,275.0
230.0,167.5,74.39,M,Wraps,262.5
151.95,72.57,63.96,M,Single-ply,145.15
167.5,70.0,71.4,F,Wraps,175.0
215.0,165.0,90.2,M,Raw,235.0
105.0,55.0,55.89,F,Raw,105.0
300.0,215.0,135.22,M,Raw,295.0
110.0,82.5,62.28,F,Raw,147.5
132.5,62.5,59.1,F,Raw,155.0
102.5,57.5,96.44,F,Raw,142.5
197.31,86.18,55.97,M,Single-ply,197.31
182.5,115.0,82.9,M,Raw,250.0
160.0,107.5,82.5,M,Single-ply,200.0
242.5,147.5,124.34,M,Raw,275.0
138.35,104.33,67.5,M,Single-ply,174.63
180.0,125.0,82.25,M,Raw,195.0
250.0,257.5,121.75,M,Raw,287.5
232.5,150.0,130.9,M,Raw,287.5
107.5,60.0,59.1,F,Raw,127.5
288.03,192.78,65.68,F,Multi-ply,229.06
92.5,45.0,55.07,F,Raw,135.0
280.0,205.0,99.1,M,Single-ply,300.0
100.0,60.0,58.51,F,Wraps,115.0
182.5,110.0,142.97,M,Wraps,212.5
192.5,142.5,88.72,M,Wraps,222.5
219.99,70.31,112.85,M,Single-ply,174.63
300.0,205.0,124.6,M,Single-ply,300.0
181.44,83.91,87.63,M,Single-ply,158.76
356.07,238.14,102.74,M,Multi-ply,274.42
220.0,140.0,83.0,M,Raw,250.0
112.5,70.0,114.4,F,Raw,130.0
245.0,167.5,87.95,M,Raw,282.5
185.97,129.27,81.19,M,Single-ply,210.92
160.0,87.5,75.4,F,Single-ply,147.5
245.0,152.5,89.2,M,Raw,247.5
342.46,272.16,121.56,M,Single-ply,362.87
70.0,37.5,54.3,F,Raw,80.0
140.0,70.0,51.43,F,Single-ply,140.0
225.0,155.0,129.1,M,Raw,225.0
165.56,108.86,131.54,M,Single-ply,183.7
185.0,147.5,75.0,M,Single-ply,237.5
100.0,192.5,113.4,M,Single-ply,100.0
250.0,147.5,106.7,M,Wraps,242.5
200.0,165.0,91.1,M,Raw,235.0
122.5,55.0,107.0,F,Raw,140.0
90.0,40.0,32.2,M,Raw,85.0
161.03,72.57,67.13,F,Wraps,181.44
142.5,90.0,66.22,M,Wraps,170.0
152.5,75.0,71.44,F,Single-ply,160.0
100.0,45.0,72.12,F,Raw,117.5
92.5,68.0,54.7,F,Raw,120.0
110.0,77.5,77.35,F,Raw,160.0
192.78,113.4,81.83,M,Single-ply,170.1
102.5,80.0,108.0,M,Raw,145.0
154.22,102.06,76.2,M,Single-ply,163.29
192.78,113.4,88.99,M,Wraps,235.87
110.0,90.0,73.0,M,Raw,145.0
135.0,102.5,65.9,M,Raw,160.0
124.74,56.7,54.61,M,Single-ply,115.67
120.0,67.5,97.8,F,Single-ply,142.5
165.56,108.86,89.81,M,Single-ply,188.24
111.1,43.1,85.8,F,Single-ply,113.4
147.5,97.5,74.84,M,Raw,202.5
176.9,106.59,55.61,M,Single-ply,197.31
195.0,145.0,80.7,M,Raw,237.5
260.0,222.5,109.7,M,Multi-ply,245.0
195.0,100.0,59.1,M,Raw,205.0
202.5,137.5,99.8,M,Raw,232.5
165.56,97.52,66.68,M,Single-ply,188.24
117.5,67.5,70.9,F,Raw,142.5
136.08,92.99,107.77,M,Single-ply,142.88
272.16,147.42,107.86,M,Single-ply,233.6
212.5,150.0,91.66,M,Raw,257.5
74.84,52.16,51.26,M,Single-ply,90.72
235.87,145.15,103.96,M,Wraps,242.67
68.04,43.09,45.0,M,Single-ply,77.11
180.0,115.0,95.9,M,Raw,180.0
210.0,177.5,82.45,M,Raw,252.5
256.28,165.56,97.61,M,Wraps,260.82
165.0,117.5,80.7,M,Raw,212.5
137.5,92.5,66.7,F,Single-ply,145.0
200.0,130.0,97.8,M,Single-ply,210.0
272.5,175.0,101.8,M,Raw,282.5
177.5,92.5,96.5,M,Raw,192.5
242.5,167.5,70.32,F,Single-ply,210.0
267.62,199.58,145.78,M,Single-ply,247.21
112.5,77.5,72.6,M,Raw,125.0
299.37,161.03,141.61,M,Single-ply,254.01
131.54,88.45,66.68,M,Single-ply,176.9
115.67,117.93,84.82,M,Wraps,176.9
215.0,192.5,126.3,M,Raw,220.0
132.5,75.0,70.9,F,Raw,162.5
124.74,86.18,80.47,M,Wraps,149.69
220.0,132.5,89.81,M,Raw,247.5
187.5,240.0,124.3,M,Single-ply,197.5
220.0,132.5,98.9,M,Single-ply,232.5
135.0,57.5,65.55,F,Raw,127.5
220.0,142.5,95.6,M,Raw,272.5
210.0,127.5,95.7,M,Raw,227.5
170.0,112.5,71.3,M,Raw,185.0
180.0,95.0,79.5,M,Raw,200.0
127.5,72.5,65.5,F,Raw,165.0
190.0,130.0,73.6,M,Wraps,255.0
182.5,87.5,89.0,M,Raw,187.5
300.0,217.5,82.01,M,Single-ply,320.0
163.29,113.4,99.79,M,Raw,238.14
170.1,102.06,87.82,M,Single-ply,204.12
105.0,55.0,58.5,F,Raw,150.0
167.5,105.0,82.5,F,Wraps,215.0
167.83,88.45,67.13,M,Single-ply,163.29
95.0,82.5,78.56,M,Raw,147.5
295.0,227.5,,M,Multi-ply,252.5
80.0,42.5,51.0,F,Raw,122.5
107.5,67.5,52.0,F,Raw,137.5
190.51,138.35,82.5,M,Wraps,215.46
60.0,37.5,64.4,F,Raw,97.5
185.0,122.5,73.35,M,Raw,205.0
86.18,52.16,64.86,M,Single-ply,113.4
183.7,97.52,124.19,M,Single-ply,174.63
150.0,127.5,98.97,M,Wraps,175.0
205.0,125.0,67.5,M,Single-ply,255.0
147.5,75.0,60.0,F,Single-ply,152.5
206.38,129.27,87.09,M,Single-ply,226.8
403.7,267.62,74.39,M,Multi-ply,272.16
244.94,136.08,91.99,M,Single-ply,249.48
200.0,117.5,81.9,M,Single-ply,232.5
195.0,150.0,95.0,M,Raw,217.5
195.0,130.0,96.4,M,Raw,235.0
130.0,110.0,76.0,M,Single-ply,160.0
181.44,99.79,89.45,M,Single-ply,183.7
204.12,151.95,91.99,M,Single-ply,210.92
250.0,205.0,108.1,M,Single-ply,255.0
137.5,65.0,72.0,F,Raw,142.5
227.5,140.0,82.8,M,Single-ply,217.5
277.5,190.0,96.4,M,Single-ply,282.5
100.0,65.0,70.9,M,Wraps,107.5
226.8,138.35,120.2,M,Single-ply,158.76
160.0,107.5,89.8,M,Single-ply,182.5
210.0,170.0,100.9,M,Raw,245.0
188.24,77.11,65.59,M,Single-ply,174.63
105.0,60.0,56.8,F,Raw,125.0
110.0,57.5,54.5,F,Raw,110.0
107.5,60.0,52.2,F,Raw,125.0
117.5,82.5,58.3,M,Single-ply,170.0
140.0,75.0,83.1,F,Raw,165.0
92.5,57.5,73.0,F,Raw,145.0
227.5,110.0,95.7,M,Raw,232.5
175.0,95.0,73.26,M,Raw,192.5
158.76,86.18,113.85,M,Single-ply,142.88
186.0,108.9,81.7,M,Raw,249.5
240.0,165.0,117.1,M,Raw,275.0
98.0,62.5,62.9,F,Raw,150.0
160.0,102.5,73.1,M,Raw,210.0
204.12,133.81,108.41,M,Single-ply,231.33
75.0,35.0,59.5,F,Single-ply,90.0
270.0,170.0,108.0,M,Single-ply,250.0
230.0,155.0,97.4,M,Single-ply,235.0
310.71,233.6,129.36,M,Wraps,315.25
130.0,67.5,68.05,F,Raw,150.0
162.5,77.5,105.7,M,Raw,205.0
165.56,92.99,93.98,M,Single-ply,195.04
125.0,102.5,70.03,M,Single-ply,205.0
145.0,105.0,74.6,F,Raw,175.0
132.5,92.5,82.5,M,Raw,182.5
192.5,160.0,98.66,M,Wraps,227.5
442.5,100.0,180.8,M,Wraps,100.0
130.0,55.0,82.0,F,Raw,142.5
115.0,65.0,96.7,F,Raw,145.0
216.0,105.0,74.2,M,Multi-ply,197.5
162.5,112.5,92.5,M,Raw,192.5
272.5,180.0,81.9,M,Single-ply,282.5
105.0,62.5,66.1,F,Raw,150.0
117.9,65.8,70.3,F,Raw,115.7
360.0,205.0,82.4,M,Single-ply,327.5
142.5,85.0,72.12,M,Raw,182.5
242.67,133.81,78.56,M,Single-ply,272.16
75.0,45.0,108.88,F,Raw,105.0
217.5,170.0,73.92,M,Raw,242.5
187.5,142.5,74.7,M,Raw,227.5
72.5,52.5,61.8,F,Raw,110.0
100.0,52.5,107.77,F,Raw,140.0
107.5,60.0,58.4,F,Raw,110.0
106.59,61.23,54.52,M,Single-ply,124.74
102.5,60.0,72.57,F,Raw,125.0
199.58,83.91,73.57,M,Single-ply,213.19
220.0,137.5,82.4,M,Single-ply,270.0
235.0,175.0,89.86,M,Wraps,250.0
245.0,145.0,82.0,M,Single-ply,247.5
292.57,215.46,81.56,M,Multi-ply,265.35
245.0,165.0,109.5,M,Raw,272.5
217.5,150.0,73.48,M,Raw,232.5
140.0,72.5,50.92,F,Single-ply,155.0
172.5,122.5,85.1,M,Raw,212.5
242.5,162.5,102.8,M,Raw,260.0
227.5,172.5,88.8,M,Raw,245.0
172.37,99.79,89.81,F,Wraps,215.46
257.5,170.0,90.0,M,Single-ply,242.5
72.5,47.5,,F,Raw,75.0
232.5,152.5,74.9,M,Single-ply,210.0
90.0,60.0,60.5,F,Raw,115.0
192.78,195.04,108.32,M,Raw,249.48
204.12,106.59,83.46,M,Single-ply,204.12
99.8,31.8,52.0,F,Single-ply,102.1
187.5,165.0,89.0,M,Single-ply,230.0
151.95,90.72,76.2,M,Single-ply,181.44
192.5,102.5,73.3,M,Raw,205.0
147.5,125.0,90.0,M,Raw,190.0
180.0,125.0,73.35,M,Raw,220.0
160.0,125.0,123.4,F,Raw,160.0
199.58,115.67,88.22,M,Single-ply,199.58
240.0,145.0,110.05,M,Raw,262.5
257.5,172.5,89.0,M,Raw,265.0
225.0,165.0,105.6,M,Raw,240.0
188.24,102.06,118.84,M,Single-ply,158.76
182.5,107.5,85.0,M,Single-ply,207.5
225.0,120.0,72.6,M,Raw,242.5
155.0,102.5,81.3,M,Raw,200.0
92.5,35.0,66.77,F,Raw,110.0
177.5,115.0,72.9,M,Raw,245.0
154.22,147.42,97.07,M,Wraps,204.12
257.5,157.5,129.0,M,Raw,267.5
350.0,195.0,107.7,M,Wraps,370.0
320.0,220.0,117.5,M,Raw,352.5
182.5,102.5,72.4,M,Single-ply,207.5
260.0,185.0,147.5,M,Raw,252.5
115.0,67.5,63.0,F,Raw,147.5
250.0,140.0,93.3,M,Single-ply,230.0
95.0,52.5,64.5,F,Raw,135.0
127.01,92.99,59.87,M,Single-ply,154.22
210.0,140.0,81.21,M,Raw,227.5
107.5,55.0,58.9,F,Single-ply,112.5
124.74,70.31,67.13,M,Single-ply,133.81
195.0,160.0,95.8,M,Raw,235.0
220.0,172.5,89.65,M,Raw,270.0
150.0,117.5,92.9,M,Raw,182.5
217.5,145.0,59.9,M,Raw,170.0
113.4,63.5,55.79,M,Single-ply,136.08
50.0,35.0,49.85,F,Wraps,75.0
92.5,67.5,57.7,M,Raw,125.0
110.0,62.5,56.7,F,Raw,152.5
150.0,80.0,90.0,M,Single-ply,165.0
152.5,100.0,88.6,M,Raw,217.5
322.5,205.0,138.4,M,Single-ply,295.0
130.0,92.5,65.4,M,Raw,177.5
212.5,87.5,123.56,F,Raw,205.0
230.0,185.0,122.14,M,Single-ply,232.5
185.0,157.5,93.5,M,Multi-ply,207.5
174.63,86.18,96.07,M,Single-ply,163.29
167.5,110.0,71.7,M,Raw,215.0
125.0,65.0,69.9,F,Raw,142.5
250.0,180.0,122.02,M,Raw,272.5
185.0,122.5,79.4,M,Raw,237.5
299.37,185.97,156.49,M,Wraps,272.16
102.06,54.43,71.3,F,Wraps,122.47
195.0,112.5,74.95,M,Raw,232.5
105.0,62.5,52.0,F,Single-ply,147.5
237.5,165.0,97.0,M,Raw,280.0
126.0,77.5,49.94,F,Wraps,136.0
142.88,65.77,59.42,M,Single-ply,154.22
305.0,250.0,109.6,M,Single-ply,330.0
226.8,154.22,87.54,M,Wraps,215.46
340.19,188.24,108.77,M,Wraps,276.69
245.0,157.5,97.7,M,Wraps,255.0
182.5,90.0,72.4,M,Raw,245.0
156.49,104.33,74.03,M,Single-ply,156.49
140.0,67.5,50.5,F,Single-ply,162.5
182.5,145.0,80.02,M,Raw,215.0
131.54,65.77,55.07,M,Single-ply,154.22
208.65,136.08,97.3,M,Single-ply,215.46
205.0,135.0,79.8,M,Raw,260.0
147.42,86.18,109.77,M,Single-ply,147.42
72.5,50.0,45.81,F,Raw,103.0
74.84,72.57,75.0,M,Raw,117.93
170.1,111.13,77.75,M,Single-ply,190.51
97.5,45.0,69.3,F,Raw,120.0
90.0,52.5,51.8,F,Wraps,137.5
207.5,125.0,90.0,M,Raw,200.0
410.5,283.5,125.0,M,Multi-ply,308.44
107.5,57.5,69.97,F,Raw,137.5
307.5,207.5,99.4,M,Single-ply,315.0
181.44,102.06,68.58,M,Single-ply,181.44
165.0,112.5,81.8,M,Raw,175.0
133.81,61.23,59.69,M,Single-ply,129.27
319.78,229.06,132.45,M,Wraps,281.23
247.21,142.88,107.77,M,Single-ply,222.26
197.31,106.59,103.42,M,Single-ply,206.38
130.0,85.0,81.4,M,Raw,175.0
137.5,75.0,64.5,F,Raw,145.0
170.0,92.5,100.8,M,Raw,182.5
210.0,165.0,89.8,M,Raw,205.0
135.0,55.0,59.8,F,Raw,157.5
187.5,85.0,93.5,F,Wraps,200.0
276.69,163.29,129.73,M,Single-ply,210.92
260.0,195.0,101.4,M,Single-ply,210.0
235.0,145.0,116.0,M,Raw,235.0
200.0,157.5,92.4,M,Raw,210.0
115.0,60.0,73.2,M,Raw,150.0
237.5,175.0,93.8,M,Single-ply,260.0
130.0,60.0,65.1,F,Wraps,140.0
124.74,97.52,91.9,M,Single-ply,142.88
250.0,160.0,90.8,M,Raw,265.0
190.0,125.0,83.0,M,Raw,250.0
200.0,210.0,109.6,M,Single-ply,200.0
257.5,145.0,89.36,M,Wraps,237.5
215.0,150.0,73.1,M,Single-ply,215.0
175.0,115.0,80.0,M,Wraps,200.0
130.0,70.0,74.6,F,Wraps,160.0
158.76,102.06,80.29,M,Raw,201.85
155.0,100.0,66.8,M,Raw,192.5
161.03,111.13,98.43,M,Raw,229.06
224.53,131.54,100.33,M,Single-ply,192.78
317.51,215.46,146.33,M,Single-ply,254.01
183.7,158.76,72.76,M,Single-ply,215.46
90.72,47.63,45.95,M,Single-ply,99.79
242.5,152.5,107.64,M,Wraps,265.0
165.56,97.52,75.0,M,Wraps,206.38
205.0,157.5,96.39,M,Wraps,232.5
195.0,115.0,104.8,M,Single-ply,205.0
192.78,127.01,78.15,M,Single-ply,201.85
151.95,117.93,86.36,M,Wraps,185.97
145.0,82.5,84.45,M,Raw,160.0
105.0,55.0,99.6,F,Wraps,120.0
232.5,120.0,81.9,M,Raw,230.0
215.46,129.27,115.67,M,Single-ply,226.8
122.47,61.23,67.13,F,Wraps,138.35
77.5,55.0,85.1,F,Raw,102.5
170.1,106.59,81.37,M,Single-ply,163.29
92.5,70.0,58.1,F,Raw,127.5
180.0,122.5,81.5,M,Raw,205.0
205.0,117.5,73.04,M,Raw,225.0
152.5,85.0,76.3,F,Raw,145.0
210.0,172.5,142.1,M,Raw,220.0
170.0,105.0,72.3,M,Raw,210.0
120.0,65.0,83.8,F,Raw,150.0
125.0,92.5,64.72,M,Raw,155.0
100.0,47.5,56.7,F,Raw,120.0
155.0,95.0,73.05,M,Raw,205.0
249.48,145.15,88.77,M,Wraps,285.76
249.48,136.08,159.48,M,Single-ply,226.8
102.5,62.5,45.84,F,Raw,125.0
183.7,106.59,108.14,M,Single-ply,197.31
145.15,86.18,97.52,M,Single-ply,181.44
165.0,122.5,86.64,M,Raw,192.5
162.5,102.5,88.5,M,Raw,200.0
170.0,107.5,73.2,M,Raw,192.5
111.13,54.43,59.99,F,Raw,117.93
127.5,52.5,58.0,F,Raw,107.5
115.0,57.5,70.25,F,Raw,145.0
157.5,115.0,97.48,M,Wraps,205.0
240.0,145.0,94.8,M,Wraps,272.5
142.88,83.91,61.33,M,Single-ply,147.42
210.0,117.5,58.5,F,Wraps,215.0
110.0,52.5,60.0,F,Raw,115.0
90.0,47.5,50.5,F,Raw,125.0
72.5,42.5,92.6,F,Single-ply,82.5
145.0,122.5,74.6,M,Raw,217.5
83.91,47.63,54.16,M,Single-ply,113.4
172.37,113.4,81.28,M,Single-ply,172.37
240.4,131.54,91.63,M,Single-ply,217.72
92.99,74.84,89.45,M,Single-ply,127.01
110.0,65.0,70.5,F,Single-ply,120.0
112.5,55.0,83.7,F,Raw,142.5
182.5,120.0,90.6,M,Raw,227.5
230.0,127.5,92.8,M,Single-ply,260.0
197.31,124.74,88.45,M,Single-ply,222.26
133.81,104.33,87.45,M,Wraps,142.88
131.5,49.9,65.2,F,Single-ply,142.9
324.32,206.38,126.78,M,Wraps,310.71
125.0,75.0,67.0,F,Raw,145.0
197.31,127.01,104.33,M,Single-ply,224.53
130.0,95.0,81.7,M,Raw,165.0
260.0,160.0,106.5,M,Wraps,260.0
167.83,92.99,75.75,M,Single-ply,167.83
170.0,127.5,85.7,M,Single-ply,210.0
107.5,57.5,107.32,F,Wraps,145.0
230.0,165.0,106.32,M,Wraps,250.0
185.0,100.0,88.8,M,Single-ply,215.0
195.0,107.5,89.9,M,Raw,242.5
206.38,133.81,72.48,M,Wraps,229.06
170.1,122.47,80.29,M,Raw,226.8
92.5,57.5,81.2,F,Raw,125.0
180.0,95.0,137.8,F,Raw,180.0
201.85,117.93,87.32,M,Single-ply,233.6
187.5,125.0,81.0,M,Raw,225.0
165.0,105.0,79.8,M,Raw,207.5
120.2,92.99,74.62,M,Single-ply,158.76
185.0,135.0,69.9,M,Single-ply,195.0
147.5,80.0,88.4,M,Raw,152.5
265.0,182.5,89.8,M,Single-ply,275.0
163.29,97.52,72.85,M,Single-ply,181.44
235.0,145.0,88.7,M,Single-ply,235.0
230.0,190.0,104.43,M,Raw,230.0
204.12,106.59,102.97,M,Single-ply,210.92
136.08,70.31,69.85,M,Single-ply,131.54
150.0,115.0,87.0,M,Raw,175.0
245.0,175.0,88.8,M,Single-ply,200.0
132.5,100.0,82.46,M,Wraps,160.0
180.0,120.0,87.8,M,Raw,220.0
181.44,108.86,102.97,M,Single-ply,181.44
150.0,90.0,79.7,M,Raw,160.0
300.0,195.0,140.0,M,Single-ply,235.0
207.5,125.0,90.0,M,Single-ply,232.5
142.5,55.0,52.0,F,Single-ply,182.5
105.0,40.0,51.8,F,Raw,127.5
135.0,87.5,70.26,F,Single-ply,140.0
200.0,170.0,117.4,M,Single-ply,200.0
117.93,77.11,58.79,M,Single-ply,120.2
235.0,182.5,82.5,M,Raw,277.5
136.08,92.99,107.05,M,Single-ply,170.1
107.5,52.5,61.58,F,Raw,153.0
130.0,62.5,72.0,F,Raw,165.0
170.0,110.0,74.5,M,Single-ply,180.0
155.0,150.0,86.36,M,Wraps,212.5
200.0,175.0,92.35,M,Raw,255.0
102.5,77.5,59.6,M,Raw,147.5
90.0,47.5,47.5,F,Raw,95.0
244.94,151.95,107.32,M,Single-ply,219.99
200.0,105.0,81.4,M,Single-ply,220.0
220.0,162.5,89.05,M,Wraps,250.0
167.5,107.5,74.62,M,Wraps,205.0
170.1,99.79,74.84,M,Single-ply,183.7
99.79,61.23,50.76,M,Single-ply,115.67
181.44,108.86,101.24,M,Single-ply,195.04
150.0,115.0,65.4,M,Raw,182.5
197.5,142.5,72.6,M,Raw,232.5
200.0,117.5,80.9,M,Raw,212.5
322.5,185.0,108.75,M,Wraps,295.0
112.5,47.5,81.1,F,Wraps,130.0
217.5,145.0,90.0,M,Raw,242.5
207.5,137.5,90.0,F,Single-ply,215.0
117.5,85.0,65.6,M,Raw,140.0
192.5,102.5,106.2,M,Raw,235.0
160.0,115.0,82.8,M,Raw,225.0
238.14,113.4,93.08,M,Single-ply,204.12
365.0,227.5,183.3,M,Raw,360.0
192.78,113.4,82.1,M,Wraps,215.46
47.63,20.41,59.6,F,Wraps,70.31
136.08,63.5,51.71,M,Single-ply,122.47
294.84,190.51,99.97,M,Wraps,294.84
142.88,77.11,58.88,M,Single-ply,145.15
150.0,100.0,85.2,M,Single-ply,180.0
182.5,230.0,89.9,M,Single-ply,235.0
156.49,95.25,87.86,M,Single-ply,183.7
130.0,55.0,72.5,F,Raw,172.5
99.79,61.23,56.52,M,Single-ply,113.4
244.94,170.1,125.0,M,Wraps,272.16
151.95,102.06,81.47,M,Single-ply,165.56
142.88,92.99,66.9,F,Wraps,179.17
161.03,102.06,80.29,M,Single-ply,170.1
175.0,155.5,73.3,M,Raw,210.0
292.57,158.76,144.61,M,Wraps,258.55
471.74,317.51,153.31,M,Multi-ply,299.37
105.0,75.0,67.5,M,Single-ply,145.0
255.0,150.0,89.2,M,Raw,297.5
265.0,197.5,124.78,M,Raw,310.0
57.5,37.5,72.5,F,Raw,100.0
125.0,67.5,65.9,F,Wraps,167.5
75.0,30.0,51.7,F,Single-ply,100.0
376.48,204.12,131.63,M,Wraps,326.59
145.0,122.5,72.4,M,Raw,200.0
182.5,142.5,91.9,M,Raw,215.0
75.0,40.0,57.8,F,Single-ply,70.0
152.5,65.0,44.7,F,Single-ply,140.0
328.85,238.14,121.11,M,Wraps,301.64
104.33,52.16,56.7,M,Single-ply,90.72
162.5,117.5,81.0,M,Raw,212.5
200.5,92.5,70.5,F,Single-ply,190.5
157.5,130.0,72.8,M,Raw,192.5
215.0,142.5,86.55,M,Single-ply,230.0
152.5,102.5,72.7,M,Raw,182.5
165.0,87.5,98.1,F,Raw,180.0
240.0,137.5,90.0,M,Single-ply,255.0
111.13,61.23,52.34,M,Single-ply,120.2
255.0,117.5,123.74,M,Wraps,272.5
180.0,110.0,67.1,M,Wraps,195.0
217.72,129.27,125.19,M,Single-ply,226.8
187.5,142.5,81.6,M,Wraps,240.0
167.5,135.0,75.0,M,Raw,205.0
290.0,177.5,109.0,M,Raw,307.5
204.12,115.67,79.02,M,Single-ply,210.92
167.5,122.5,101.0,M,Raw,210.0
100.0,70.0,74.0,M,Single-ply,110.0
200.0,137.5,80.7,M,Raw,227.5
200.0,110.0,117.2,M,Raw,230.0
100.0,60.0,65.1,F,Raw,115.0
232.2,140.0,98.9,M,Wraps,250.0
190.51,129.27,136.58,M,Single-ply,174.63
111.1,88.5,100.0,M,Raw,226.8
57.5,42.5,51.3,F,Raw,115.0
187.5,112.5,74.1,M,Wraps,275.0
207.5,152.5,74.8,M,Wraps,227.5
152.5,75.0,89.3,F,Raw,170.0
137.5,72.5,62.53,F,Raw,150.0
195.04,120.2,64.32,F,Multi-ply,183.7
140.0,92.5,92.8,M,Wraps,157.5
127.5,60.0,83.22,F,Raw,145.0
230.0,197.5,97.5,M,Single-ply,250.0
98.0,60.0,49.6,F,Raw,125.0
319.78,213.19,122.65,M,Wraps,299.37
174.63,102.06,92.99,M,Single-ply,199.58
290.0,200.0,103.0,M,Raw,300.0
177.5,165.0,99.97,M,Raw,195.0
190.0,125.0,81.2,M,Raw,207.5
215.46,97.52,81.42,M,Single-ply,213.19
158.76,61.23,75.39,F,Multi-ply,129.27
295.0,205.0,125.0,M,Single-ply,282.5
287.5,172.5,82.5,M,Single-ply,267.5
230.0,120.0,124.3,M,Raw,235.0
147.5,95.0,81.3,M,Raw,195.0
187.5,142.5,115.3,M,Raw,250.0
220.0,157.5,98.97,M,Wraps,262.5
195.0,125.0,72.2,M,Raw,215.0
237.5,152.5,167.83,M,Raw,225.0
240.4,149.69,86.55,M,Single-ply,213.19
181.44,102.06,82.19,M,Single-ply,170.1
199.58,115.67,58.33,M,Single-ply,185.97
161.03,95.25,92.62,M,Single-ply,174.63
158.76,113.4,140.52,M,Single-ply,192.78
188.24,142.88,153.13,M,Single-ply,183.7
165.0,110.0,89.36,M,Wraps,200.0
205.0,120.0,104.0,M,Raw,205.0
147.42,79.38,59.51,M,Single-ply,181.44
100.0,60.0,56.1,F,Raw,120.0
130.0,62.5,62.2,F,Raw,155.0
83.91,31.75,55.25,F,Wraps,104.33
110.0,57.5,74.62,F,Raw,115.0
374.21,278.96,105.96,M,Multi-ply,344.73
160.0,130.0,86.3,M,Raw,190.0
165.0,105.0,74.3,M,Single-ply,172.5
150.0,107.5,73.5,M,Raw,205.0
157.5,105.0,89.45,F,Single-ply,165.0
310.0,202.5,105.0,M,Single-ply,302.5
140.0,107.5,63.2,M,Raw,165.0
172.37,104.33,76.2,M,Single-ply,161.03
172.37,117.93,100.79,M,Single-ply,226.8
87.5,47.5,120.8,F,Raw,115.0
137.5,85.0,62.23,F,Wraps,182.5
277.5,200.0,104.4,M,Single-ply,295.0
375.0,195.0,136.08,M,Wraps,125.0
222.5,150.0,77.98,M,Raw,250.0
204.12,129.27,87.0,M,Single-ply,222.26
197.5,92.5,79.1,M,Single-ply,230.0
124.74,77.11,55.34,M,Single-ply,124.74
217.5,130.0,103.0,M,Wraps,230.0
100.0,65.0,96.6,F,Raw,130.0
170.1,108.9,74.48,M,Single-ply,183.7
172.5,100.0,73.1,M,Raw,230.0
231.33,115.67,108.86,M,Single-ply,215.46
106.59,49.9,59.87,F,Wraps,136.08
142.5,112.5,105.69,M,Wraps,157.5
204.12,127.01,120.07,M,Single-ply,219.99
90.0,57.5,91.95,F,Raw,140.0
192.5,147.5,132.54,M,Wraps,240.0
176.9,106.59,59.15,M,Single-ply,181.44
120.2,72.57,86.64,F,Multi-ply,104.33
222.5,150.0,71.74,F,Single-ply,190.0
136.08,77.11,58.24,M,Single-ply,165.56
177.5,147.5,67.5,M,Single-ply,192.5
272.5,207.5,96.3,M,Single-ply,295.0
215.0,132.5,114.5,M,Raw,290.0
82.5,45.0,50.8,F,Raw,127.5
229.06,156.49,94.39,M,Single-ply,204.12
74.84,56.7,55.43,F,Raw,129.27
215.46,127.01,121.65,M,Single-ply,183.7
235.87,145.15,88.18,M,Raw,238.14
215.46,131.54,127.46,M,Single-ply,215.46
190.0,142.5,75.0,M,Single-ply,225.0
340.19,231.33,170.73,M,Multi-ply,224.53
190.51,127.01,104.42,M,Raw,226.8
254.01,154.22,104.96,M,Wraps,244.94
142.5,110.0,72.84,M,Raw,177.5
197.5,132.5,90.0,M,Single-ply,232.5
217.5,102.5,85.0,M,Single-ply,227.5
292.5,172.5,110.7,M,Raw,332.5
90.0,70.0,147.1,M,Single-ply,160.0
204.12,122.47,86.82,M,Single-ply,217.72
165.56,90.72,73.21,M,Single-ply,192.78
108.86,65.77,108.32,M,Single-ply,124.74
97.52,52.16,52.62,M,Single-ply,120.2
190.51,108.86,84.64,M,Single-ply,197.31
161.03,79.38,99.79,F,Raw,167.83
235.87,129.27,128.37,M,Single-ply,195.04
165.56,74.84,50.53,M,Single-ply,165.56
192.5,145.0,119.9,M,Single-ply,220.0
160.0,122.5,86.4,M,Raw,225.0
185.0,92.5,88.4,M,Single-ply,182.5
138.35,83.91,73.57,M,Raw,161.03
225.0,135.0,114.6,M,Raw,250.0
217.5,115.0,92.1,M,Raw,240.0
201.85,136.08,88.9,M,Raw,226.8
226.8,113.4,135.35,M,Single-ply,192.78
226.8,131.54,102.97,M,Single-ply,213.19
87.5,67.5,58.06,M,Raw,120.0
192.5,127.5,80.9,M,Wraps,245.0
235.0,110.0,81.7,M,Single-ply,255.0
140.0,62.5,91.1,F,Raw,167.5
145.0,112.5,78.2,M,Raw,182.5
165.0,135.0,98.1,M,Raw,200.0
198.0,133.0,86.7,M,Single-ply,187.5
242.5,160.0,98.1,M,Raw,240.0
160.0,120.0,103.7,M,Raw,200.0
247.5,142.5,91.34,M,Raw,280.0
117.5,52.5,63.6,F,Raw,127.5
97.5,72.5,49.7,F,Raw,130.0
117.5,70.0,59.0,F,Raw,127.5
156.49,102.06,77.66,M,Single-ply,174.63
142.5,112.5,67.0,M,Raw,177.5
205.0,142.5,,F,Single-ply,230.0
87.5,65.0,54.2,F,Wraps,137.5
315.0,222.5,,M,Raw,310.0
277.5,200.0,119.9,M,Raw,305.0
297.5,207.5,82.95,M,Single-ply,312.5
195.0,135.0,92.6,M,Raw,230.0
226.8,149.69,73.75,M,Wraps,231.33
158.76,90.72,70.76,M,Single-ply,161.03
136.08,79.38,57.06,M,Single-ply,174.63
92.99,49.9,45.09,M,Single-ply,97.52
142.5,85.0,88.63,M,Raw,200.0
158.76,111.13,83.46,M,Single-ply,147.42
115.0,105.0,59.92,M,Wraps,145.0
306.17,172.37,125.92,M,Single-ply,229.06
260.0,175.0,91.4,M,Raw,225.0
380.0,275.0,108.95,M,Multi-ply,305.0
65.0,42.5,91.4,F,Raw,85.0
150.0,87.5,73.2,M,Raw,192.5
208.65,102.06,95.25,M,Single-ply,195.04
195.04,136.08,105.32,M,Single-ply,195.04
185.0,147.5,89.54,M,Single-ply,217.5
132.5,75.0,69.5,F,Raw,167.5
195.0,135.0,55.95,M,Single-ply,215.0
100.0,62.5,74.8,F,Single-ply,137.5
310.0,242.5,99.34,M,Single-ply,275.0
132.5,65.0,88.6,F,Raw,160.0
100.0,52.5,51.8,F,Single-ply,120.0
181.44,95.25,77.47,M,Single-ply,192.78
215.0,130.0,81.1,M,Raw,255.0
167.5,115.0,99.3,M,Raw,190.0
157.5,92.5,72.9,F,Single-ply,172.5
282.5,287.5,139.6,M,Single-ply,245.0
317.51,201.85,119.07,M,Multi-ply,281.23
102.5,52.5,51.32,F,Raw,132.5
201.85,127.01,92.08,M,Single-ply,217.72
182.5,95.0,104.96,F,Raw,167.5
272.16,158.76,93.17,M,Single-ply,240.4
265.35,181.44,95.25,M,Wraps,258.55
160.0,155.0,88.09,M,Raw,195.0
192.5,115.0,81.9,M,Raw,235.0
100.0,52.5,55.7,F,Single-ply,117.5
220.0,172.5,100.0,M,Wraps,270.0
464.93,233.6,161.57,M,Single-ply,274.42
122.5,70.0,80.0,F,Raw,140.0
212.5,132.5,80.6,M,Raw,225.0
152.5,120.0,75.0,M,Single-ply,200.0
122.47,56.7,51.35,M,Single-ply,131.54
335.66,181.44,123.29,M,Single-ply,276.69
174.63,158.76,135.53,M,Raw,238.14
65.0,55.0,60.0,M,Single-ply,110.0
192.5,125.0,82.5,M,Raw,272.5
215.0,132.5,80.42,M,Raw,230.0
136.08,74.84,55.07,M,Single-ply,192.78
142.5,82.5,88.8,F,Wraps,170.0
112.5,75.0,73.9,M,Raw,165.0
142.88,102.06,83.28,M,Single-ply,170.1
230.0,157.5,99.25,M,Raw,275.0
81.65,40.82,89.63,M,Single-ply,95.25
232.5,147.5,82.5,M,Single-ply,262.5
232.5,182.5,98.8,M,Single-ply,230.0
182.5,132.5,84.5,M,Single-ply,205.0
95.0,70.0,87.0,M,Raw,127.5
120.0,92.5,59.87,M,Raw,195.0
170.1,147.42,97.07,M,Wraps,206.38
149.69,70.31,59.87,M,Single-ply,167.83
107.5,60.0,60.0,F,Single-ply,120.0
137.5,80.0,80.56,F,Raw,150.0
231.33,165.56,90.0,M,Single-ply,229.06
60.0,35.0,56.1,F,Single-ply,115.0
332.5,192.5,103.5,M,Single-ply,277.5
162.5,82.5,83.4,F,Wraps,160.0
233.6,142.88,117.84,M,Single-ply,208.65
162.5,87.5,82.5,M,Raw,200.0
140.0,95.0,89.2,M,Raw,150.0
230.0,132.5,88.2,M,Single-ply,200.0
290.0,190.0,96.3,M,Wraps,310.0
45.36,29.48,51.71,M,Single-ply,72.57
254.01,181.44,89.9,M,Raw,285.76
113.4,65.77,63.5,M,Single-ply,136.08
294.84,161.03,98.16,M,Wraps,258.55
150.0,83.0,69.8,F,Raw,180.0
208.65,106.59,107.95,M,Single-ply,183.7
238.14,147.42,110.28,M,Single-ply,224.53
115.0,90.0,57.9,M,Raw,162.5
132.5,85.0,81.42,M,Single-ply,145.0
305.0,195.0,98.4,M,Wraps,305.0
120.0,70.0,51.4,F,Raw,155.0
142.88,92.99,82.01,M,Single-ply,158.76
145.0,147.5,81.2,M,Raw,165.0
242.5,155.0,92.4,M,Raw,240.0
187.5,130.0,73.0,M,Raw,220.5
162.5,95.0,122.02,M,Wraps,220.0
90.0,102.5,58.06,M,Raw,145.0
215.0,137.5,72.7,M,Raw,237.5
182.5,90.0,100.0,M,Single-ply,227.5
244.94,142.88,133.17,M,Single-ply,238.14
272.5,160.0,92.8,M,Single-ply,272.5
87.5,50.0,69.49,F,Raw,105.0
240.4,151.95,97.34,M,Single-ply,204.12
129.27,90.72,95.8,M,Single-ply,129.27
180.0,105.0,99.8,M,Raw,205.0
70.31,38.56,51.71,F,Raw,92.99
213.19,124.74,105.74,M,Single-ply,192.78
213.19,145.15,64.59,M,Single-ply,181.44
160.0,105.0,80.7,M,Raw,215.0
75.0,62.5,75.6,M,Wraps,117.5
200.0,140.0,96.9,M,Single-ply,250.0
140.61,61.23,58.51,M,Single-ply,172.37
117.5,55.0,98.1,F,Raw,137.5
200.0,150.0,103.0,M,Single-ply,140.0
180.0,127.5,73.7,M,Raw,240.0
205.0,130.0,72.12,M,Raw,257.5
154.22,133.81,107.05,M,Raw,208.65
140.0,77.5,64.7,M,Raw,200.0
240.0,127.5,93.08,M,Single-ply,265.0
92.99,68.04,66.22,F,Wraps,127.01
115.0,67.5,113.7,F,Raw,125.0
235.87,167.83,107.23,M,Raw,276.69
135.0,87.5,117.5,M,Raw,165.0
129.27,90.72,157.67,M,Single-ply,156.49
117.5,57.5,51.2,F,Raw,152.5
260.82,165.56,88.63,M,Single-ply,231.33
120.0,75.0,70.5,F,Raw,160.0
147.5,170.0,100.0,M,Single-ply,187.5
65.0,47.5,61.1,F,Raw,90.0
82.5,50.0,73.66,F,Raw,100.0
132.5,67.5,70.3,F,Raw,142.5
115.67,77.11,66.68,F,Wraps,149.69
140.0,115.0,93.6,M,Raw,160.0
190.0,142.5,73.6,M,Single-ply,217.5
158.76,111.13,76.43,M,Single-ply,199.58
195.0,115.0,71.8,M,Raw,215.0
162.5,72.5,71.67,F,Wraps,175.0
137.5,107.5,72.7,M,Raw,167.5
167.5,112.5,82.7,M,Single-ply,202.5
215.0,142.5,81.9,M,Single-ply,240.0
147.5,100.0,71.9,M,Single-ply,160.0
206.38,120.2,86.27,M,Single-ply,195.04
337.5,205.0,123.96,M,Single-ply,365.0
140.0,90.0,62.3,M,Raw,180.0
195.0,112.5,108.9,M,Single-ply,227.5
317.51,145.15,135.17,M,Single-ply,208.65
197.31,122.47,104.14,M,Single-ply,208.65
137.5,80.0,67.88,M,Raw,220.0
150.0,105.0,100.0,M,Raw,190.0
115.0,57.5,63.96,F,Raw,142.5
220.0,162.5,131.9,M,Raw,250.0
117.93,56.7,78.88,M,Single-ply,111.13
97.5,72.5,56.21,F,Raw,140.0
162.5,107.5,75.0,M,Raw,230.0
188.24,131.54,87.63,M,Raw,195.04
95.0,97.5,66.4,M,Single-ply,110.0
102.5,102.5,73.8,M,Raw,162.5
222.5,150.0,92.8,M,Raw,272.5
65.0,35.0,52.2,F,Raw,80.0
104.33,65.77,64.86,M,Single-ply,111.13
95.0,67.5,63.0,F,Raw,127.5
130.0,80.0,61.1,M,Single-ply,180.0
220.0,132.5,89.4,M,Raw,265.0
181.44,167.83,81.19,M,Wraps,226.8
105.0,52.5,65.8,F,Raw,125.0
310.71,192.78,122.38,M,Raw,324.32
247.5,147.5,82.34,M,Single-ply,255.0
295.0,190.0,133.6,M,Raw,315.0
167.83,122.47,95.25,M,Single-ply,154.22
82.5,42.5,71.3,F,Raw,110.0
132.5,72.5,51.87,F,Raw,132.5
226.8,145.15,95.89,M,Single-ply,213.19
102.06,61.23,59.06,M,Single-ply,140.61
107.5,82.5,73.4,M,Raw,137.5
90.72,79.38,86.0,M,Single-ply,149.69
174.63,106.59,82.5,M,Single-ply,165.56
220.0,147.5,101.9,M,Raw,250.0
260.0,165.0,109.1,M,Single-ply,275.0
127.5,82.5,88.8,M,Raw,167.5
120.2,79.38,78.74,M,Single-ply,136.08
147.42,92.99,78.29,M,Raw,215.46
112.5,67.5,74.3,F,Single-ply,130.0
155.0,110.0,89.3,M,Raw,197.5
270.0,165.0,118.94,M,Raw,275.0
165.56,104.33,116.94,M,Single-ply,188.24
188.24,102.06,81.56,M,Single-ply,147.42
158.76,90.72,59.42,M,Single-ply,158.76
360.0,227.5,157.22,M,Wraps,340.0
292.5,182.5,123.2,M,Wraps,260.0
187.5,132.5,117.39,M,Raw,200.0
182.5,110.0,55.4,M,Single-ply,160.0
145.0,212.5,137.8,M,Raw,227.5
115.0,60.0,82.8,M,Raw,145.0
250.0,165.0,124.74,M,Wraps,240.0
357.5,222.5,124.0,M,Wraps,342.5
163.29,108.86,80.56,M,Wraps,163.29
125.0,102.5,59.6,M,Raw,190.0
102.06,63.5,73.57,F,Wraps,120.2
242.5,147.5,89.77,M,Raw,292.5
242.67,129.27,142.88,M,Single-ply,208.65
131.54,86.18,97.48,M,Single-ply,142.88
182.5,125.0,65.7,M,Raw,215.0
227.5,227.5,108.5,M,Single-ply,227.5
106.59,68.04,69.58,M,Single-ply,149.69
227.5,145.0,92.0,M,Raw,247.5
226.8,106.59,65.68,M,Single-ply,201.85
222.5,152.5,81.9,M,Single-ply,232.5
130.0,165.0,104.96,M,Raw,125.0
115.67,83.91,75.98,M,Raw,142.88
249.48,145.15,124.96,M,Raw,204.12
249.48,90.72,137.48,M,Single-ply,210.92
315.0,25.0,113.21,M,Single-ply,312.5
107.5,62.5,75.3,F,Raw,125.0
105.0,65.0,55.3,F,Raw,137.5
230.0,172.5,80.8,M,Single-ply,265.0
110.0,82.5,80.2,M,Raw,160.0
227.5,142.5,96.8,M,Raw,272.5
135.0,92.5,62.6,M,Single-ply,152.5
175.0,127.5,82.46,M,Raw,227.5
200.0,150.0,130.6,M,Raw,240.0
252.5,205.0,100.06,M,Raw,292.5
117.5,72.5,69.8,F,Raw,140.0
140.0,80.0,102.5,M,Raw,180.0
210.0,127.5,97.5,M,Wraps,220.0
244.94,140.61,110.68,M,Single-ply,222.26
202.5,130.0,78.43,M,Raw,215.0
135.0,75.0,51.9,F,Single-ply,130.0
201.85,136.08,102.06,M,Single-ply,201.85
256.28,260.82,93.35,M,Multi-ply,274.42
15.0,12.5,34.6,F,Raw,35.0
117.93,63.5,94.35,F,Wraps,129.27
87.5,47.5,55.8,F,Raw,112.5
137.5,85.0,73.9,M,Raw,167.5
192.5,120.0,73.1,M,Raw,220.0
130.0,75.0,83.14,F,Single-ply,120.0
137.5,70.0,70.9,F,Raw,165.0
400.0,165.0,159.48,M,Wraps,362.5
185.0,80.0,88.9,M,Raw,205.0
72.6,29.5,51.0,F,Single-ply,72.6
40.0,52.5,94.1,F,Raw,117.5
280.0,175.0,92.2,M,Raw,335.0
272.5,202.5,92.4,M,Single-ply,280.0
172.37,88.45,102.15,M,Single-ply,181.44
137.5,67.5,71.6,F,Raw,160.0
230.0,130.0,88.5,M,Single-ply,205.0
265.0,175.0,97.57,M,Wraps,247.5
104.33,56.7,51.71,M,Single-ply,122.47
237.5,145.0,82.2,M,Raw,260.0
90.0,32.5,60.8,F,Raw,90.0
199.58,127.01,128.32,M,Single-ply,226.8
205.0,115.0,58.6,M,Single-ply,230.0
160.0,120.0,82.0,M,Raw,215.0
272.5,247.5,106.59,M,Multi-ply,252.5
136.08,102.06,82.5,M,Single-ply,192.78
97.5,72.5,56.0,F,Raw,122.5
410.0,312.5,124.8,M,Single-ply,325.0
195.0,175.0,,M,Single-ply,252.5
207.5,142.5,99.7,M,Raw,227.5
115.0,100.0,60.0,M,Single-ply,160.0
185.0,147.5,100.0,M,Single-ply,217.5
135.0,137.5,90.9,M,Raw,177.5
215.0,187.5,89.3,M,Wraps,260.0
200.0,150.0,105.7,M,Wraps,265.0
167.83,95.25,97.98,M,Single-ply,188.24
151.95,145.15,89.36,M,Wraps,208.65
200.0,137.5,79.6,M,Raw,225.0
200.0,152.5,139.4,M,Raw,237.5
255.0,167.5,109.4,M,Wraps,275.0
190.0,110.0,81.2,M,Raw,237.5
195.0,167.5,85.4,M,Raw,227.5
112.5,60.0,54.5,F,Raw,142.5
227.5,142.5,126.55,M,Wraps,227.5
190.0,105.0,96.1,M,Raw,192.5
113.4,88.45,83.46,M,Single-ply,170.1
200.0,110.0,89.4,M,Raw,207.5
75.0,50.0,78.9,F,Raw,110.0
88.45,45.36,58.97,F,Wraps,92.99
145.15,127.01,110.86,M,Single-ply,170.1
290.3,165.56,98.7,M,Single-ply,249.48
112.5,65.0,71.4,M,Raw,142.5
147.42,104.33,92.08,M,Single-ply,213.19
337.5,207.5,119.3,M,Raw,371.0
176.9,90.72,98.52,M,Single-ply,181.44
265.0,200.0,124.74,M,Raw,282.5
147.5,107.5,76.7,M,Raw,200.0
85.0,47.5,72.7,F,Raw,100.0
182.5,127.5,97.8,M,Raw,200.0
100.0,40.0,64.8,F,Raw,127.5
162.5,72.5,106.3,F,Raw,160.0
150.0,105.0,90.3,M,Raw,210.0
75.0,45.0,57.9,F,Raw,85.0
205.0,157.5,116.4,M,Raw,255.0
317.51,188.24,80.74,F,Multi-ply,219.99
250.0,195.0,105.0,M,Single-ply,200.0
190.0,122.5,72.45,M,Raw,212.5
150.0,77.5,59.8,F,Single-ply,145.0
200.0,135.0,92.5,M,Raw,240.0
92.5,47.5,59.6,F,Wraps,110.0
97.5,40.0,71.3,F,Raw,125.0
81.65,45.36,58.42,F,Wraps,111.13
165.0,127.5,75.0,M,Raw,207.5
92.99,49.9,55.34,F,Wraps,120.2
230.0,137.5,90.0,M,Single-ply,282.5
242.5,172.5,145.85,M,Raw,330.0
136.08,83.91,66.5,F,Wraps,154.22
207.5,130.0,78.9,M,Raw,250.0
105.0,70.0,90.0,M,Single-ply,150.0
142.5,57.5,74.39,F,Single-ply,132.5
245.0,185.0,135.0,M,Raw,270.0
145.15,111.13,79.38,M,Raw,201.85
136.08,77.11,84.37,M,Single-ply,122.47
260.0,167.5,123.83,M,Wraps,335.0
264.9,167.38,140.0,M,Wraps,294.84
140.0,80.0,81.0,M,Single-ply,160.0
190.5,145.0,109.3,M,Raw,260.0
212.5,142.5,66.3,M,Raw,262.5
208.65,127.01,116.12,M,Single-ply,176.9
258.55,185.97,107.95,M,Wraps,290.3
232.5,135.0,156.04,M,Wraps,215.0
152.5,95.0,80.7,M,Raw,175.0
130.0,67.5,70.2,F,Raw,172.5
285.76,188.24,89.36,M,Wraps,324.32
262.5,167.5,99.6,M,Raw,275.0
140.0,57.5,70.82,F,Raw,152.5
319.78,163.29,121.74,M,Single-ply,265.35
199.6,152.0,74.4,M,Single-ply,210.9
75.0,50.0,50.45,F,Raw,117.5
172.37,151.95,64.95,M,Wraps,199.58
158.76,79.38,66.86,M,Single-ply,199.58
210.92,117.93,106.87,M,Single-ply,238.14
295.0,182.5,94.1,M,Wraps,295.0
215.0,140.0,80.3,M,Raw,260.0
112.5,92.5,67.1,F,Raw,145.0
87.5,62.5,50.8,F,Raw,120.0
192.78,138.35,89.27,M,Raw,272.16
285.76,154.22,92.08,M,Single-ply,217.72
231.33,115.67,74.43,M,Single-ply,215.46
204.12,120.2,87.0,M,Single-ply,192.78
87.5,50.0,78.3,F,Raw,107.5
265.0,162.5,58.99,M,Single-ply,252.5
281.23,188.24,100.88,M,Wraps,278.96
185.0,92.5,54.0,M,Single-ply,210.0
240.0,142.5,104.7,M,Wraps,265.0
210.0,125.0,88.1,M,Raw,235.0
294.84,183.7,127.91,M,Multi-ply,244.94
227.5,182.5,90.2,M,Raw,272.5
340.0,182.5,138.53,M,Wraps,335.0
300.0,215.0,98.9,M,Single-ply,242.5
115.0,57.5,56.0,F,Single-ply,150.0
90.72,74.84,60.0,F,Wraps,124.74
160.0,102.5,71.2,M,Raw,172.5
205.0,122.5,82.1,M,Raw,220.0
215.46,117.93,65.77,M,Single-ply,183.7
187.5,147.5,106.41,M,Raw,255.0
125.0,125.0,73.9,M,Single-ply,160.0
108.86,52.16,68.49,F,Wraps,127.01
240.0,150.0,75.0,M,Multi-ply,225.0
145.0,85.0,71.3,M,Raw,165.0
90.0,55.0,55.4,F,Raw,145.0
185.0,175.0,89.9,M,Single-ply,230.0
226.8,138.35,126.92,M,Wraps,163.29
150.0,110.0,96.2,M,Raw,200.0
128.0,57.5,74.9,F,Raw,132.5
102.5,52.5,54.8,F,Raw,122.5
115.0,60.0,69.0,F,Raw,132.5
192.5,205.0,109.04,M,Single-ply,230.0
215.0,125.0,91.4,M,Raw,220.0
160.0,110.0,81.8,M,Raw,185.0
208.65,158.76,133.54,M,Single-ply,183.7
117.5,70.0,81.37,M,Wraps,132.5
210.0,137.5,95.6,M,Raw,227.5
220.0,127.5,144.15,M,Raw,230.0
130.0,57.5,67.7,F,Raw,155.0
105.0,62.5,78.6,F,Raw,125.0
147.5,70.0,107.0,F,Wraps,125.0
139.93,129.95,82.5,M,Single-ply,202.42
122.5,67.5,51.46,F,Raw,147.5
260.0,175.0,111.3,M,Single-ply,250.0
207.5,167.5,88.36,M,Single-ply,227.5
165.56,127.01,82.19,M,Wraps,204.12
187.5,132.5,51.5,M,Single-ply,230.0
242.5,172.5,99.4,M,Wraps,282.5
172.5,122.5,87.7,M,Single-ply,192.5
108.0,62.5,67.13,F,Raw,122.5
99.79,52.16,50.53,M,Single-ply,127.01
110.0,67.5,56.4,F,Single-ply,117.5
272.16,158.76,108.68,M,Single-ply,235.87
106.59,92.99,81.19,M,Single-ply,151.95
170.1,102.06,75.07,M,Single-ply,163.29
201.85,156.49,83.55,M,Wraps,215.46
182.5,97.5,77.2,F,Single-ply,170.0
130.0,70.0,74.1,M,Single-ply,165.0
235.0,142.5,81.28,M,Single-ply,227.5
147.5,95.0,77.4,M,Raw,150.0
42.5,45.0,85.1,M,Single-ply,80.0
205.0,122.5,59.9,M,Single-ply,245.0
125.0,77.5,54.8,F,Single-ply,120.0
115.67,74.84,70.22,M,Single-ply,124.74
102.5,72.5,66.0,M,Raw,127.5
136.08,111.13,88.18,M,Single-ply,154.22
117.93,92.99,99.84,M,Single-ply,120.2
97.52,54.43,50.85,M,Single-ply,117.93
162.5,70.0,88.5,F,Raw,185.0
90.0,85.0,85.2,M,Single-ply,140.0
90.5,49.4,52.5,M,Raw,93.3
242.67,142.88,107.86,M,Single-ply,215.46
235.0,165.0,100.0,M,Wraps,272.5
132.5,62.5,60.1,F,Raw,137.5
113.4,47.63,70.9,F,Wraps,142.88
180.0,140.0,109.45,F,Raw,182.5
97.5,50.0,92.5,F,Raw,120.0
217.5,140.0,69.46,F,Single-ply,235.0
172.5,137.5,86.7,M,Raw,227.5
283.5,174.63,120.84,M,Wraps,297.1
165.56,97.52,55.34,M,Single-ply,161.03
85.0,80.0,71.9,M,Raw,142.5
197.5,142.5,90.4,M,Raw,230.0
154.22,79.38,49.71,M,Single-ply,167.83
185.97,111.13,71.53,M,Single-ply,190.51
185.0,90.0,65.5,M,Raw,180.0
105.0,67.5,55.8,M,Raw,120.0
292.5,215.0,109.2,M,Single-ply,277.5
270.0,165.0,100.0,M,Wraps,295.0
97.5,67.5,68.31,F,Raw,147.5
283.5,181.44,131.18,M,Wraps,306.17
357.5,187.5,118.1,M,Single-ply,310.0
112.5,70.0,65.09,F,Wraps,145.0
160.0,70.0,69.8,F,Raw,160.0
127.5,75.0,80.99,F,Raw,145.0
161.03,102.06,87.72,M,Single-ply,156.49
127.5,80.0,58.24,F,Raw,122.5
290.0,205.0,92.92,M,Raw,320.0
207.5,137.5,109.2,M,Wraps,200.0
220.0,120.0,93.1,M,Multi-ply,195.0
90.72,77.11,100.0,M,Single-ply,115.67
182.5,155.0,86.0,M,Wraps,230.0
117.5,55.0,59.65,F,Raw,137.5
295.0,195.0,100.0,M,Single-ply,292.5
156.49,90.72,59.51,M,Wraps,167.83
232.5,120.0,55.7,M,Single-ply,232.5
175.0,160.0,102.4,M,Single-ply,230.0
282.5,227.5,120.9,M,Raw,317.5
115.0,92.5,81.4,M,Raw,165.0
260.0,125.0,109.35,M,Raw,270.0
125.0,60.0,60.0,F,Single-ply,142.5
102.06,139.71,87.5,M,Single-ply,182.34
111.13,72.57,58.51,M,Single-ply,136.08
210.0,140.0,105.9,M,Raw,215.0
108.86,83.91,84.28,M,Single-ply,145.15
80.0,40.0,72.2,F,Raw,105.0
172.37,136.08,71.76,M,Raw,231.33
210.92,106.59,81.33,M,Wraps,226.8
175.0,125.0,165.0,M,Raw,207.5
185.0,115.0,86.1,M,Raw,200.0
100.0,52.5,63.1,F,Raw,142.5
277.5,172.5,107.91,M,Raw,290.0
240.0,182.5,100.4,M,Raw,270.0
205.0,145.0,90.4,M,Raw,272.5
129.27,65.77,82.5,F,Raw,163.29
80.0,62.5,58.9,M,Single-ply,110.0
165.0,150.0,85.6,M,Raw,250.0
160.0,132.5,79.9,M,Raw,200.0
136.1,111.1,75.0,M,Raw,208.7
113.4,83.9,73.5,M,Raw,142.9
167.5,167.5,119.75,M,Single-ply,255.0
222.26,129.27,129.09,M,Single-ply,219.99
285.0,224.5,104.7,M,Raw,105.0
117.5,45.0,73.8,F,Single-ply,140.0
219.99,129.27,97.43,M,Single-ply,183.7
210.0,170.0,100.1,M,Raw,242.5
142.88,86.18,73.03,M,Single-ply,158.76
281.23,210.92,115.76,M,Raw,353.8
347.5,200.0,89.72,M,Raw,375.0
108.86,72.57,60.96,M,Single-ply,120.2
199.58,145.15,98.34,M,Single-ply,210.92
147.5,85.0,74.4,F,Raw,150.0
255.0,180.0,105.4,M,Single-ply,235.0
245.0,145.0,108.6,M,Single-ply,245.0
192.5,132.5,65.4,M,Raw,222.5
220.0,150.0,103.2,M,Raw,245.0
265.0,157.5,75.0,M,Single-ply,277.5
136.08,68.04,74.3,M,Single-ply,129.27
285.0,195.0,124.9,M,Raw,312.5
208.65,136.08,97.89,M,Wraps,226.8
245.0,180.0,108.9,M,Single-ply,200.0
380.0,205.0,,M,Single-ply,305.0
245.0,200.0,125.9,M,Single-ply,240.0
192.5,117.5,72.0,M,Raw,222.5
230.0,160.0,92.4,M,Raw,260.0
235.87,136.08,120.2,M,Single-ply,213.19
190.51,158.76,79.2,M,Wraps,226.8
258.55,176.9,82.19,M,Wraps,249.48
150.0,102.5,74.5,M,Raw,190.0
165.0,115.0,80.7,M,Raw,185.0
97.5,47.5,58.9,F,Raw,115.0
292.5,220.0,89.86,M,Single-ply,285.0
160.0,135.0,67.0,M,Single-ply,207.5
187.5,120.0,91.9,M,Raw,220.0
252.5,200.0,82.5,M,Single-ply,247.5
207.5,142.5,76.0,M,Single-ply,190.0
182.5,155.0,90.6,M,Raw,242.5
151.95,81.65,67.04,M,Single-ply,156.49
227.5,165.0,88.2,M,Wraps,220.0
135.0,70.0,55.85,F,Single-ply,147.5
56.7,49.9,83.01,M,Single-ply,79.38
185.0,145.0,66.7,M,Single-ply,195.0
192.5,116.0,66.95,M,Wraps,195.0
202.5,112.5,73.84,M,Raw,222.5
210.92,129.27,107.86,M,Single-ply,233.6
65.0,35.0,81.15,F,Raw,95.0
206.38,111.13,74.75,M,Single-ply,213.19
340.0,187.5,113.2,M,Single-ply,305.0
192.78,124.74,69.58,M,Single-ply,192.78
235.0,170.0,116.9,M,Wraps,277.5
137.5,95.0,110.38,M,Raw,190.0
182.5,137.5,81.2,M,Raw,215.0
142.88,99.79,64.86,M,Single-ply,151.95
232.5,125.0,81.5,M,Single-ply,250.0
120.0,55.0,56.5,F,Raw,110.0
190.0,127.5,90.2,M,Single-ply,220.0
174.63,115.67,103.78,M,Raw,206.38
201.85,104.33,129.18,M,Single-ply,181.44
157.5,105.0,74.0,M,Raw,205.0
175.0,125.0,130.4,M,Raw,165.0
227.5,135.0,97.65,M,Wraps,250.0
151.95,97.52,82.46,M,Single-ply,181.44
154.22,104.33,115.39,M,Single-ply,163.29
61.23,36.29,45.81,M,Single-ply,83.91
204.12,106.59,70.31,M,Single-ply,231.33
260.82,124.74,123.47,M,Wraps,249.48
219.99,151.95,99.79,M,Wraps,244.94
152.5,100.0,81.8,M,Raw,185.0
92.5,62.5,80.2,M,Raw,155.0
226.8,127.01,92.71,M,Single-ply,226.8
122.5,72.5,74.6,F,Raw,182.5
288.03,192.78,150.77,M,Single-ply,244.94
122.47,68.04,55.34,M,Single-ply,154.22
142.88,86.18,90.36,M,Single-ply,174.63
113.4,68.0,64.8,M,Raw,183.7
185.0,125.0,93.5,M,Raw,212.5
204.12,122.47,103.87,M,Single-ply,208.65
255.0,167.5,81.6,M,Raw,275.0
157.5,87.5,63.3,M,Wraps,182.5
260.0,145.0,104.1,M,Raw,227.5
282.5,157.5,92.3,M,Raw,275.0
157.5,95.0,86.8,F,Single-ply,155.0
255.0,170.0,118.3,M,Raw,240.0
200.0,122.5,90.7,M,Single-ply,210.0
212.5,137.5,89.7,M,Raw,240.0
125.0,83.0,57.9,F,Raw,135.0
185.0,135.0,106.1,M,Raw,215.0
121.5,75.0,59.85,F,Wraps,145.0
90.72,56.7,66.95,F,Wraps,113.4
167.83,106.59,72.21,M,Raw,195.04
300.0,160.0,109.27,M,Single-ply,287.5
112.5,47.5,55.2,F,Raw,122.5
192.78,124.74,143.79,M,Single-ply,161.03
87.5,35.0,39.3,F,Single-ply,120.0
77.11,54.43,56.79,M,Single-ply,102.06
142.88,92.99,45.0,M,Single-ply,92.99
150.0,152.5,103.9,M,Single-ply,190.0
147.42,104.33,89.63,M,Single-ply,142.88
444.52,317.51,124.01,M,Multi-ply,342.46
267.48,255.01,149.87,M,Wraps,342.51
115.0,85.0,80.5,F,Single-ply,135.0
120.0,55.0,66.77,F,Raw,130.0
240.4,149.69,99.61,M,Single-ply,217.72
108.86,68.04,66.18,M,Single-ply,124.74
205.0,145.0,91.7,M,Raw,245.0
226.8,158.76,80.85,M,Wraps,247.21
112.5,50.0,80.0,F,Raw,125.0
245.0,165.0,135.99,M,Wraps,230.0
226.8,124.74,133.81,M,Single-ply,181.44
155.0,100.0,66.0,M,Single-ply,175.0
290.0,135.0,87.8,M,Single-ply,270.0
115.0,85.0,66.8,F,Raw,167.5
312.5,195.0,130.5,M,Single-ply,225.0
268.0,160.0,78.62,F,Single-ply,242.5
195.0,110.0,66.4,M,Single-ply,235.0
217.5,160.0,74.5,M,Wraps,222.5
210.0,140.0,132.45,M,Wraps,252.5
230.0,155.0,89.7,M,Raw,250.0
272.5,145.0,118.1,M,Single-ply,232.5
77.5,60.0,78.0,F,Raw,95.0
158.76,111.13,103.65,M,Wraps,188.24
70.0,25.0,56.44,F,Raw,90.0
125.0,115.0,87.9,M,Raw,137.5
200.0,127.5,100.0,M,Raw,222.5
182.5,140.0,82.4,M,Raw,232.5
180.0,125.0,76.5,M,Raw,215.0
278.96,158.76,80.69,M,Wraps,244.94
72.57,47.63,44.63,M,Single-ply,86.18
99.79,40.82,72.57,F,Raw,122.47
274.42,122.47,134.99,M,Single-ply,233.6
249.48,136.08,145.15,M,Single-ply,208.65
65.0,42.5,63.1,F,Raw,105.0
200.0,132.5,74.3,M,Single-ply,210.0
110.0,60.0,59.2,F,Raw,130.0
275.0,150.0,121.2,M,Wraps,265.0
158.76,113.4,84.91,M,Single-ply,176.9
175.0,115.0,52.57,M,Single-ply,177.5
233.6,147.42,96.71,M,Wraps,281.23
217.72,104.33,79.29,M,Single-ply,229.06
335.0,170.0,115.4,M,Raw,330.0
226.8,136.08,106.96,M,Single-ply,208.65
197.5,155.0,108.8,M,Single-ply,215.0
300.0,170.0,114.4,M,Single-ply,270.0
260.0,190.0,100.0,M,Single-ply,275.0
147.42,86.18,91.72,M,Single-ply,179.17
172.5,115.0,82.1,M,Raw,227.5
260.0,206.0,107.9,M,Single-ply,240.0
197.5,125.0,115.7,M,Raw,232.5
210.0,125.0,97.0,M,Single-ply,210.0
155.0,110.0,82.3,M,Raw,195.0
244.94,154.22,106.78,M,Raw,281.23
112.5,100.0,70.9,M,Raw,180.0
158.76,83.91,113.85,M,Single-ply,163.29
355.0,132.5,118.9,M,Raw,343.0
127.5,77.5,96.1,F,Wraps,137.5
102.5,52.5,63.0,F,Raw,112.5
155.0,95.0,81.09,F,Single-ply,147.5
147.42,74.84,94.35,M,Single-ply,161.03
192.78,108.86,89.72,M,Single-ply,210.92
167.5,100.0,64.75,M,Raw,200.0
83.91,86.18,85.64,M,Single-ply,113.4
150.0,77.5,67.5,F,Single-ply,147.5
112.5,60.0,67.35,F,Raw,145.0
125.0,110.0,73.5,M,Raw,182.5
320.0,190.0,100.0,M,Single-ply,250.0
205.0,112.5,80.3,M,Raw,255.0
92.5,57.5,58.0,F,Raw,155.0
150.0,97.5,65.5,M,Raw,180.0
97.52,65.77,72.48,M,Single-ply,161.03
251.7,172.4,93.4,M,Single-ply,260.8
147.5,112.5,69.4,M,Raw,165.0
280.0,195.0,109.4,M,Single-ply,262.5
385.0,235.0,123.6,M,Single-ply,322.5
205.0,122.5,123.4,M,Raw,200.0
97.5,55.0,60.6,F,Raw,132.5
145.15,83.91,66.45,M,Single-ply,163.29
95.0,85.0,68.31,M,Raw,185.5
170.1,104.33,101.79,M,Wraps,167.83
275.0,207.5,138.1,M,Raw,285.0
80.0,50.0,59.74,F,Raw,125.0
160.0,140.0,119.7,M,Raw,175.0
102.06,52.16,51.26,M,Single-ply,113.4
183.7,111.13,92.53,M,Single-ply,165.56
136.08,70.31,73.39,M,Single-ply,142.88
222.5,147.5,81.2,M,Raw,227.5
112.5,60.0,85.7,F,Raw,147.5
113.4,83.91,72.57,M,Single-ply,133.81
107.5,65.0,89.35,F,Raw,135.0
125.0,82.5,65.2,M,Raw,185.0
210.0,132.5,82.0,M,Raw,227.5
220.0,142.5,106.9,M,Wraps,260.0
131.54,74.84,72.57,M,Single-ply,163.29
122.47,68.04,55.79,F,Wraps,172.37
183.7,122.47,86.86,M,Single-ply,174.63
154.22,68.04,116.3,M,Single-ply,183.7
227.5,152.5,103.4,M,Raw,305.0
215.0,160.0,110.0,M,Single-ply,235.0
222.5,170.0,80.5,M,Raw,250.0
75.0,62.5,117.75,F,Wraps,107.5
182.5,127.5,72.5,M,Raw,227.5
155.0,77.5,75.0,M,Single-ply,195.0
108.86,65.77,69.13,F,Wraps,158.76
52.16,56.7,74.9,M,Raw,95.25
182.5,125.0,73.1,M,Raw,215.0
174.63,90.72,86.0,F,Wraps,181.44
131.54,65.77,59.6,M,Single-ply,156.49
295.0,165.0,118.7,M,Raw,295.0
200.0,125.0,80.9,M,Wraps,225.0
130.0,95.0,73.45,F,Wraps,187.5
140.61,74.84,58.06,M,Single-ply,167.83
127.5,70.5,50.7,F,Raw,155.5
115.0,77.5,55.8,F,Raw,145.0
377.5,315.0,107.7,M,Single-ply,347.5
172.5,107.5,73.7,M,Single-ply,187.5
217.5,125.0,109.1,M,Raw,227.5
155.0,100.0,81.4,M,Raw,182.5
105.0,60.0,67.5,F,Single-ply,135.0
115.67,65.77,82.5,F,Wraps,136.08
283.5,151.95,106.14,M,Wraps,297.1
245.0,160.0,92.8,M,Raw,272.5
95.0,47.5,50.0,F,Single-ply,120.0
225.0,155.0,105.9,M,Raw,245.0
127.5,90.0,71.4,M,Raw,150.0
70.31,52.16,72.48,M,Single-ply,113.4
142.5,70.0,131.86,F,Wraps,165.0
90.0,55.0,51.9,M,Single-ply,105.0
80.0,80.0,96.3,M,Raw,132.5
227.5,97.5,127.2,F,Raw,240.0
132.5,67.5,65.8,F,Wraps,160.0
215.0,192.5,128.1,M,Single-ply,245.0
102.5,57.5,55.4,F,Raw,122.5
226.8,111.13,74.39,M,Single-ply,204.12
75.0,57.5,60.0,F,Raw,110.0
95.0,70.0,78.6,F,Raw,122.5
97.5,50.0,79.83,F,Wraps,127.5
160.0,162.5,130.4,M,Raw,247.5
140.0,75.0,100.8,F,Raw,150.0
188.24,124.74,78.2,M,Wraps,242.67
190.51,113.4,83.1,M,Single-ply,183.7
362.87,249.48,106.32,M,Multi-ply,274.42
222.5,150.0,78.1,M,Single-ply,270.0
124.74,56.7,52.71,M,Single-ply,133.81
225.0,160.0,102.4,M,Raw,257.5
192.5,112.5,59.1,M,Multi-ply,175.0
192.5,137.5,104.6,M,Single-ply,192.5
86.18,45.36,46.54,F,Wraps,92.99
317.5,212.5,165.56,M,Wraps,285.0
195.04,104.33,105.14,M,Single-ply,217.72
130.0,82.5,52.6,M,Raw,155.0
227.5,175.0,131.8,M,Raw,265.0
233.5,155.0,97.61,M,Wraps,275.0
220.0,145.0,84.1,M,Wraps,227.5
135.0,95.0,92.2,M,Raw,185.0
267.5,205.0,152.77,M,Raw,282.5
117.5,62.5,88.63,F,Raw,165.0
163.29,79.38,58.51,M,Single-ply,167.83
192.78,147.42,111.49,M,Wraps,249.48
272.5,165.0,123.4,M,Raw,292.5
180.0,77.5,74.34,M,Single-ply,217.5
61.23,45.36,66.59,F,Wraps,117.93
215.0,152.5,81.05,M,Single-ply,210.0
92.5,55.0,59.6,F,Raw,127.5
131.54,77.11,75.0,F,Wraps,158.76
176.9,133.81,82.1,M,Single-ply,195.04
95.0,50.0,60.2,F,Single-ply,110.0
161.03,111.13,73.3,M,Single-ply,190.51
90.0,75.0,73.8,M,Raw,130.0
145.0,120.0,85.1,M,Raw,192.5
195.0,100.0,81.2,M,Single-ply,242.5
280.0,190.0,110.0,M,Single-ply,310.0
147.42,86.18,50.98,M,Single-ply,165.56
224.53,145.15,108.86,M,Single-ply,265.35
278.0,160.0,81.85,M,Wraps,285.0
230.0,162.5,82.6,M,Raw,240.0
181.44,88.45,89.36,M,Single-ply,181.44
55.0,35.0,46.2,F,Raw,90.0
212.5,130.0,92.2,M,Raw,250.0
120.0,60.0,64.9,F,Wraps,130.0
160.0,115.0,88.45,M,Single-ply,160.0
267.5,170.0,99.2,M,Single-ply,247.5
235.0,140.0,123.7,M,Raw,262.5
252.5,152.5,92.3,M,Raw,240.0
210.0,140.0,116.94,M,Single-ply,245.0
183.7,124.74,96.98,M,Single-ply,183.7
192.5,112.5,82.1,M,Single-ply,220.0
265.0,220.0,119.6,M,Raw,272.5
176.9,113.4,79.83,M,Single-ply,183.7
187.5,120.0,117.0,M,Raw,220.0
127.01,65.77,71.49,M,Single-ply,113.4
232.5,152.5,92.0,M,Raw,230.0
122.5,85.0,78.0,F,Raw,137.5
102.5,55.0,101.2,F,Raw,132.5
176.0,110.0,74.85,M,Raw,192.5
175.0,107.5,94.8,M,Raw,230.0
137.5,67.5,81.37,F,Raw,157.5
87.5,60.0,110.4,F,Raw,140.0
172.37,115.67,72.89,M,Single-ply,165.56
180.0,92.5,74.9,M,Single-ply,187.5
105.0,55.0,56.4,F,Raw,140.0
110.0,62.5,55.7,F,Raw,132.5
82.5,50.0,66.7,F,Single-ply,100.0
227.5,162.5,91.5,M,Raw,272.5
185.97,70.31,140.61,M,Single-ply,206.38
75.0,40.0,56.54,F,Raw,107.5
72.5,45.0,95.2,F,Raw,110.0
206.4,99.8,79.3,M,Single-ply,226.8
190.51,106.59,87.36,M,Single-ply,210.92
232.5,140.0,89.8,M,Wraps,260.0
174.63,106.59,79.92,M,Single-ply,174.63
105.0,115.0,69.5,M,Single-ply,137.5
72.57,52.16,57.97,F,Raw,113.4
150.0,85.0,80.2,F,Single-ply,152.5
192.78,142.88,95.62,M,Wraps,213.19
72.57,43.09,48.99,M,Raw,102.06
95.25,58.97,54.61,M,Single-ply,113.4
252.5,172.5,129.36,M,Wraps,275.0
190.51,145.15,97.43,M,Wraps,217.72
95.0,52.5,55.6,M,Raw,102.5
255.0,157.5,65.8,M,Raw,275.0
147.5,85.0,72.5,M,Raw,60.0
107.5,45.0,71.12,F,Wraps,132.5
151.95,97.52,97.52,M,Single-ply,158.76
464.93,333.39,107.14,M,Multi-ply,344.73
120.0,90.0,51.85,M,Single-ply,130.0
301.0,185.0,98.9,M,Single-ply,285.0
295.0,200.0,107.7,M,Single-ply,305.0
115.0,67.5,62.3,F,Raw,135.0
136.08,79.38,59.74,M,Single-ply,131.54
260.0,165.0,82.2,M,Raw,285.0
240.0,145.0,93.4,M,Single-ply,220.0
207.5,137.5,89.8,M,Wraps,250.0
300.0,215.0,140.0,M,Raw,335.0
90.0,90.0,91.16,M,Raw,120.0
225.0,162.5,104.35,M,Raw,245.0
156.49,81.65,89.72,M,Single-ply,161.03
142.88,70.31,62.46,M,Single-ply,156.49
83.91,61.23,66.68,M,Single-ply,111.13
175.0,150.0,127.5,M,Raw,232.5
197.5,105.0,82.67,F,Raw,202.5
272.16,170.1,124.01,M,Wraps,317.51
220.0,140.0,99.6,M,Wraps,240.0
374.21,290.3,138.16,M,Single-ply,288.03
183.7,83.91,73.66,M,Single-ply,185.97
140.0,72.5,70.1,F,Single-ply,170.0
204.12,102.06,114.12,M,Single-ply,197.31
190.0,127.5,87.6,M,Raw,255.0
147.42,86.18,65.23,M,Single-ply,181.44
135.0,82.5,51.8,F,Single-ply,142.5
180.0,130.0,106.2,M,Raw,227.5
235.0,162.5,91.3,M,Raw,262.5
175.0,127.5,82.4,M,Raw,242.5
227.5,142.5,73.7,M,Raw,295.0
160.0,75.0,118.7,F,Raw,187.5
195.04,102.06,91.67,M,Single-ply,201.85
205.0,117.5,89.1,M,Wraps,242.5
232.5,215.0,114.1,M,Single-ply,220.0
210.0,122.5,90.8,M,Single-ply,230.0
297.5,232.5,99.34,M,Single-ply,242.5
156.49,124.74,125.0,M,Single-ply,215.46
161.03,83.91,75.21,M,Single-ply,147.42
165.56,99.79,74.66,F,Raw,174.63
99.8,56.7,51.7,M,Single-ply,129.3
192.5,137.5,112.2,M,Raw,227.5
237.5,160.0,95.8,M,Raw,285.0
240.0,147.5,104.1,M,Raw,302.0
160.0,97.5,110.4,F,Raw,200.0
195.0,135.0,79.2,M,Raw,215.0
125.0,67.5,65.9,F,Wraps,167.5
220.0,132.5,87.4,M,Wraps,245.0
225.0,112.5,101.2,M,Raw,262.5
190.0,120.0,103.55,M,Raw,257.5
172.37,102.06,64.23,M,Single-ply,181.44
112.5,70.0,71.8,M,Wraps,115.0
277.5,187.5,67.36,M,Single-ply,265.0
226.8,142.88,123.92,M,Single-ply,215.46
181.44,108.86,121.11,M,Single-ply,172.37
220.0,145.0,97.98,M,Wraps,282.5
204.12,138.35,97.43,M,Wraps,244.94
217.5,145.0,88.3,M,Raw,242.5
200.0,142.5,99.4,M,Raw,235.0
137.5,85.0,58.4,M,Single-ply,167.5
160.0,115.0,93.8,M,Raw,217.5
154.22,99.79,71.21,M,Single-ply,185.97
102.06,52.16,111.31,M,Single-ply,124.74
307.5,237.5,147.8,M,Raw,340.0
87.5,40.0,107.0,F,Raw,110.0
175.0,105.0,71.44,M,Wraps,167.5
220.0,185.0,82.3,M,Single-ply,210.0
138.35,83.91,48.08,M,Single-ply,133.81
167.5,110.0,73.25,M,Raw,205.0
105.0,70.0,62.56,M,Raw,140.0
230.0,157.5,97.7,M,Raw,255.0
157.5,110.0,67.04,M,Raw,197.5
205.0,137.5,101.6,M,Raw,265.0
152.5,95.0,81.25,M,Raw,200.0
322.5,230.0,109.5,M,Single-ply,302.5
100.0,72.5,63.2,M,Wraps,125.0
195.0,130.0,110.09,M,Raw,235.0
230.0,132.5,102.9,M,Raw,257.5
122.5,52.5,62.46,F,Raw,130.0
238.14,235.87,116.57,M,Single-ply,278.96
117.5,70.0,58.51,F,Single-ply,150.0
226.8,111.13,82.1,M,Single-ply,226.8
227.0,112.5,82.5,M,Single-ply,247.5
247.5,172.5,89.2,M,Single-ply,237.5
150.0,200.0,118.5,M,Single-ply,200.0
180.0,132.5,84.1,M,Raw,227.5
175.0,87.5,81.33,M,Wraps,225.0
167.83,120.2,72.67,M,Raw,204.12
182.5,125.0,80.38,M,Single-ply,237.5
152.5,105.0,80.7,M,Raw,197.5
188.24,113.4,82.92,M,Single-ply,176.9
149.69,97.52,80.38,M,Single-ply,181.44
187.5,152.5,73.7,M,Raw,207.5
165.0,100.0,82.3,M,Raw,195.0
260.0,147.5,92.5,M,Raw,272.5
85.0,60.0,55.2,F,Raw,100.0
260.0,222.5,116.7,M,Raw,252.5
205.0,140.0,137.8,M,Single-ply,245.0
208.65,124.74,88.72,M,Raw,217.72
130.0,82.5,72.6,M,Raw,185.0
140.0,115.0,85.5,M,Raw,145.0
122.5,117.5,72.67,M,Wraps,190.0
155.0,91.0,74.2,M,Wraps,205.0
142.5,87.5,65.9,M,Single-ply,142.5
77.5,62.5,69.9,M,Wraps,120.0
240.0,155.0,97.0,M,Raw,262.5
200.0,110.0,78.8,M,Single-ply,210.0
240.0,157.5,117.3,M,Raw,270.0
190.51,156.49,88.27,M,Wraps,208.65
105.0,47.5,71.4,F,Single-ply,117.5
112.5,82.5,62.9,F,Raw,140.0
254.01,142.88,119.84,M,Single-ply,219.99
165.0,130.0,76.4,M,Raw,220.0
175.0,152.5,93.35,M,Single-ply,205.0
190.0,120.0,90.4,M,Single-ply,215.0
180.0,130.0,65.01,M,Single-ply,215.0
90.0,62.5,51.3,F,Raw,107.5
137.5,102.5,72.2,M,Raw,192.5
317.5,197.5,118.4,M,Single-ply,302.5
176.9,97.52,101.6,M,Single-ply,176.9
204.12,142.88,102.51,M,Single-ply,201.85
237.5,155.0,91.4,M,Raw,265.0
120.2,79.38,85.28,M,Single-ply,156.49
87.5,42.5,87.1,F,Wraps,87.5
149.69,106.59,104.24,M,Single-ply,170.1
115.0,55.0,77.4,F,Raw,147.5
300.0,200.0,90.0,M,Single-ply,317.5
130.0,72.5,52.6,F,Single-ply,162.5
77.5,62.5,114.4,F,Raw,117.5
157.5,92.5,80.4,M,Raw,142.5
145.15,86.18,65.77,M,Single-ply,147.42
181.44,102.06,74.66,M,Single-ply,183.7
190.51,127.01,107.95,M,Single-ply,204.12
145.15,92.99,67.13,M,Single-ply,154.22
107.5,72.5,74.3,F,Raw,145.0
205.0,125.0,88.85,M,Raw,225.0
195.0,112.5,65.7,M,Raw,210.0
215.0,165.0,73.8,M,Raw,240.0
95.0,45.0,56.55,F,Raw,120.0
210.0,142.5,91.4,M,Raw,262.5
285.76,181.44,105.05,M,Wraps,278.96
52.5,37.5,62.4,F,Raw,110.0
245.0,190.0,75.0,M,Raw,257.5
207.5,160.0,91.9,M,Raw,282.5
133.81,74.84,53.98,M,Single-ply,138.35
249.48,136.08,116.62,M,Single-ply,213.19
187.5,137.5,91.5,M,Raw,215.0
95.3,43.1,48.1,F,Single-ply,113.4
140.0,80.0,81.3,F,Raw,190.0
232.5,145.0,80.05,M,Raw,262.5
160.0,77.5,51.7,F,Single-ply,152.5
190.0,130.0,117.75,M,Raw,230.0
247.5,152.5,87.54,M,Wraps,237.5
102.5,60.0,59.2,F,Raw,137.5
230.0,110.0,82.3,M,Single-ply,225.0
197.5,100.0,74.1,M,Raw,182.5
107.5,80.0,56.79,F,Raw,140.0
220.0,165.0,84.3,M,Single-ply,220.0
102.5,67.5,65.8,F,Raw,125.0
140.0,95.0,86.3,M,Raw,185.0
287.5,180.0,123.0,M,Raw,282.5
170.0,75.0,59.42,F,Wraps,185.0
135.0,102.5,94.57,M,Wraps,135.0
190.0,125.0,67.2,M,Raw,190.0
240.0,142.5,157.9,M,Single-ply,210.0
175.0,112.5,72.5,M,Raw,192.5
170.0,97.5,72.35,M,Raw,202.5
220.0,150.0,89.1,M,Raw,237.5
77.5,45.0,54.5,F,Raw,102.5
181.44,124.74,90.76,M,Single-ply,181.44
265.0,180.0,104.8,M,Raw,285.0
200.0,142.5,83.0,F,Single-ply,160.0
182.5,135.0,81.6,M,Raw,240.0
162.5,87.5,79.6,M,Raw,212.5
180.0,90.0,72.1,M,Single-ply,180.0
227.5,142.5,92.0,M,Raw,232.5
174.63,124.74,73.94,M,Single-ply,170.1
280.0,142.5,100.0,M,Single-ply,300.0
174.63,113.4,98.11,M,Single-ply,174.63
115.0,72.5,61.4,F,Raw,157.5
160.0,165.0,117.7,M,Wraps,227.5
102.5,42.5,66.5,F,Raw,135.0
97.5,47.5,55.54,F,Raw,110.0
117.93,72.57,51.35,M,Single-ply,115.67
136.08,92.99,134.81,M,Single-ply,145.15
142.5,97.5,97.5,F,Raw,162.5
192.5,130.0,90.0,M,Raw,192.5
175.0,130.0,80.2,M,Raw,195.0
172.37,115.67,81.37,M,Single-ply,190.51
192.5,147.5,91.3,M,Raw,220.0
190.0,160.0,96.2,M,Raw,230.0
190.0,105.0,86.6,M,Raw,240.0
130.0,45.0,83.2,F,Raw,160.0
206.38,97.52,58.06,M,Single-ply,188.24
205.0,140.0,65.8,M,Raw,232.5
55.0,35.0,60.58,F,Raw,97.5
175.0,110.0,66.5,M,Wraps,192.5
175.0,115.0,70.65,F,Single-ply,172.5
190.0,135.0,114.5,M,Raw,220.0
145.0,110.0,96.0,M,Raw,165.0
165.0,145.0,97.52,M,Wraps,227.5
220.0,172.5,107.7,M,Raw,275.0
152.5,115.0,80.0,M,Raw,175.0
140.0,85.0,58.5,M,Single-ply,170.0
190.0,120.0,66.5,M,Raw,232.5
230.0,145.0,86.6,M,Single-ply,235.0
227.5,155.0,86.6,M,Raw,272.5
217.5,127.5,82.5,M,Raw,227.5
230.0,147.5,90.3,M,Raw,242.5
245.0,147.5,126.0,M,Raw,280.0
167.5,115.0,81.3,M,Raw,217.5
226.8,131.54,81.28,M,Single-ply,249.48
181.44,111.13,91.17,M,Single-ply,174.63
120.0,92.5,76.6,M,Raw,170.0
200.0,137.5,88.3,M,Raw,240.0
115.0,62.5,93.5,F,Raw,160.0
129.27,83.91,63.05,M,Single-ply,154.22
192.5,140.0,89.5,M,Single-ply,195.0
106.59,43.09,48.08,M,Single-ply,104.33
155.0,77.5,81.3,F,Wraps,147.5
97.52,56.7,63.32,F,Multi-ply,136.08
225.0,150.0,92.7,M,Raw,265.0
235.0,137.5,73.74,M,Raw,262.5
232.5,147.5,99.1,M,Single-ply,235.0
272.5,110.0,89.81,M,Single-ply,227.5
138.35,90.72,65.77,M,Single-ply,163.29
150.0,130.0,74.3,M,Raw,205.0
115.0,70.0,54.2,F,Single-ply,130.0
85.0,57.5,55.4,F,Raw,87.5
100.0,52.5,48.0,F,Single-ply,122.5
145.0,205.0,107.2,M,Raw,175.0
177.5,152.5,81.8,M,Raw,235.0
147.42,97.52,58.42,M,Single-ply,179.17
85.0,92.5,124.28,M,Raw,152.5
192.78,113.4,113.4,M,Single-ply,233.6
265.0,177.5,81.2,M,Raw,292.5
208.65,111.13,87.09,M,Single-ply,226.8
127.5,85.0,71.4,M,Raw,165.0
190.0,100.0,82.8,M,Single-ply,190.0
181.4,117.9,109.1,M,Raw,199.6
118.0,60.0,70.35,F,Raw,150.0
130.0,77.5,71.3,F,Raw,152.5
97.52,52.16,58.06,M,Single-ply,113.4
182.5,142.5,75.0,F,Single-ply,192.5
217.5,145.0,106.1,M,Wraps,275.0
210.0,130.0,90.9,M,Raw,200.0
215.0,140.0,91.4,M,Raw,100.0
292.5,260.0,116.6,M,Single-ply,292.5
199.58,113.4,104.69,M,Single-ply,163.29
131.5,49.9,66.9,F,Single-ply,154.2
195.0,120.0,81.95,M,Raw,235.0
129.27,92.99,63.05,M,Wraps,154.22
229.06,151.95,99.06,M,Wraps,210.92
199.58,111.13,65.68,M,Single-ply,183.7
226.8,136.08,88.9,M,Wraps,192.78
127.01,58.97,57.29,M,Single-ply,154.22
92.5,47.5,54.0,F,Raw,120.0
205.0,142.5,73.5,M,Raw,207.5
124.74,104.33,73.75,M,Wraps,165.56
125.0,75.0,96.5,M,Raw,130.0
242.5,157.5,91.4,M,Wraps,210.0
226.8,142.88,60.24,M,Wraps,235.87
183.7,111.13,93.26,M,Single-ply,215.46
203.0,175.0,109.09,M,Single-ply,238.0
135.0,75.0,67.7,M,Raw,185.0
274.42,174.63,143.24,M,Wraps,185.97
235.87,147.42,139.89,M,Single-ply,154.22
136.08,92.99,70.72,M,Single-ply,170.1
185.97,88.45,93.53,M,Single-ply,165.56
235.0,135.0,106.0,M,Wraps,250.0
200.0,190.0,133.2,M,Single-ply,240.0
177.5,107.5,72.7,M,Raw,215.0
215.0,162.5,88.9,M,Wraps,227.5
175.0,145.0,95.0,M,Raw,215.0
117.5,67.5,52.3,F,Raw,145.0
97.5,65.0,64.5,F,Raw,90.0
185.0,115.0,103.1,M,Raw,225.0
233.6,136.08,107.14,M,Single-ply,226.8
108.86,72.57,74.12,M,Single-ply,113.4
215.46,142.88,88.63,M,Raw,285.76
267.5,160.0,89.0,M,Raw,267.5
125.0,52.5,62.5,F,Raw,142.5
70.31,61.23,78.02,M,Single-ply,97.52
157.5,132.5,113.0,M,Single-ply,202.5
138.35,99.79,92.99,M,Single-ply,140.61
195.0,115.0,56.79,F,Single-ply,175.0
167.5,115.0,73.2,M,Raw,187.5
132.5,70.0,67.5,F,Single-ply,145.0
160.0,110.0,74.25,M,Raw,195.0
130.0,62.5,58.15,F,Raw,140.0
105.0,70.0,105.23,F,Wraps,115.0
227.5,125.0,101.83,M,Wraps,250.0
105.0,47.5,60.0,F,Single-ply,122.5
142.5,127.5,82.7,M,Raw,182.5
220.0,160.0,104.4,M,Raw,280.0
210.0,135.0,87.7,M,Single-ply,210.0
80.0,55.0,59.15,F,Raw,105.0
107.5,52.5,68.5,F,Raw,137.5
307.5,190.0,74.3,M,Multi-ply,272.5
195.0,140.0,98.61,M,Wraps,260.0
90.0,55.0,67.5,F,Raw,137.5
127.01,90.72,115.12,M,Single-ply,145.15
181.44,117.93,89.63,M,Raw,190.51
154.22,79.38,60.78,M,Single-ply,142.88
251.74,163.29,82.01,M,Single-ply,258.55
122.5,60.0,58.4,F,Single-ply,110.0
135.0,60.0,90.0,F,Raw,162.5
210.0,130.0,103.75,M,Raw,240.0
104.33,63.5,51.94,M,Single-ply,131.54
210.0,145.0,104.05,M,Raw,250.0
90.0,55.0,72.7,F,Raw,122.5
217.5,165.0,98.5,M,Raw,247.5
226.8,167.83,89.09,M,Wraps,240.4
210.0,130.0,107.3,M,Raw,260.0
330.0,200.0,123.1,M,Single-ply,325.0
149.69,104.33,104.05,M,Raw,199.58
272.16,170.1,123.42,M,Single-ply,217.72
100.0,100.0,96.7,M,Single-ply,100.0
305.0,180.0,121.4,M,Single-ply,320.0
205.0,142.5,89.8,M,Raw,260.0
160.0,75.0,68.58,F,Wraps,195.0
235.87,117.93,65.32,M,Single-ply,249.48
145.0,95.0,60.0,M,Single-ply,172.5
174.63,133.81,82.5,M,Single-ply,210.92
192.78,102.06,74.62,F,Multi-ply,158.76
105.0,67.5,73.5,M,Raw,150.0
105.0,70.0,108.4,M,Raw,145.0
240.4,156.49,87.09,M,Single-ply,249.48
125.0,67.5,76.5,F,Raw,135.0
157.5,100.0,72.7,M,Raw,172.5
132.5,105.0,58.36,M,Single-ply,160.0
283.5,165.56,88.0,M,Single-ply,299.37
100.0,60.0,59.6,F,Raw,137.5
226.8,120.2,72.21,M,Single-ply,195.04
237.5,142.5,73.2,M,Raw,255.0
182.5,155.0,88.7,M,Raw,225.0
137.5,87.5,89.9,M,Raw,152.5
105.0,52.5,68.0,F,Wraps,107.5
195.0,140.0,88.7,M,Wraps,220.0
227.5,125.0,117.65,M,Raw,265.0
226.8,161.03,97.07,M,Wraps,263.08
105.0,65.0,70.75,F,Raw,170.0
147.5,80.0,63.41,F,Wraps,170.0
244.94,156.49,82.92,M,Single-ply,215.46
175.0,97.5,98.0,M,Raw,205.0
212.5,152.5,81.7,M,Raw,240.0
165.56,113.4,115.03,M,Single-ply,183.7
170.0,105.0,103.42,M,Raw,205.0
210.0,135.0,93.0,M,Single-ply,227.5
187.5,115.0,122.3,M,Raw,210.0
142.9,138.4,104.4,M,Raw,174.6
45.0,37.5,43.2,F,Raw,77.5
100.0,55.0,65.1,F,Raw,132.5
150.0,77.5,80.1,F,Raw,160.0
87.5,60.0,84.55,F,Raw,100.0
102.06,72.57,60.0,M,Wraps,138.35
105.0,52.5,60.3,F,Raw,132.5
147.42,83.91,59.87,M,Single-ply,142.88
170.0,102.5,56.2,F,Single-ply,170.0
170.1,129.27,67.86,M,Raw,183.7
160.0,115.0,79.88,M,Raw,187.5
185.97,104.33,66.41,M,Single-ply,183.7
205.0,60.0,80.6,M,Wraps,227.5
177.5,115.0,84.3,M,Raw,227.5
190.0,150.0,86.5,M,Wraps,215.0
206.38,136.08,86.73,M,Single-ply,181.44
220.0,145.0,80.1,M,Single-ply,240.0
72.5,40.0,68.0,F,Raw,115.0
380.0,270.0,109.32,M,Single-ply,310.0
184.95,132.45,100.0,M,Single-ply,202.42
200.0,125.0,92.3,M,Raw,205.0
87.5,47.5,105.5,F,Raw,125.0
222.5,172.5,91.35,M,Raw,227.5
205.0,172.5,206.4,M,Raw,230.0
130.0,70.0,71.6,F,Raw,152.5
175.0,110.0,89.9,M,Raw,215.0
237.5,187.5,152.5,M,Raw,280.0
65.0,35.0,46.15,F,Raw,107.5
157.5,130.0,84.0,M,Raw,192.5
125.0,80.0,66.42,F,Single-ply,122.5
140.0,97.5,73.94,M,Wraps,190.0
200.0,117.5,81.13,M,Raw,237.5
224.53,120.2,122.92,M,Single-ply,181.44
190.0,102.5,74.8,M,Single-ply,235.0
117.5,85.0,129.6,F,Raw,130.0
72.5,45.0,44.0,F,Raw,92.5
245.0,177.5,103.4,M,Single-ply,230.0
100.0,70.0,75.1,M,Raw,135.0
210.5,157.5,109.1,M,Raw,210.0
107.5,80.0,51.65,F,Raw,140.0
249.48,149.69,107.68,M,Single-ply,272.16
205.0,127.5,104.0,M,Raw,250.0
122.47,74.84,59.28,M,Single-ply,158.76
147.5,110.0,78.8,M,Raw,160.0
70.31,47.63,58.79,F,Raw,108.86
80.0,40.0,63.0,F,Wraps,90.0
147.42,77.11,58.51,M,Single-ply,145.15
238.14,172.37,121.02,M,Single-ply,235.87
212.5,185.0,150.4,M,Raw,220.0
157.5,117.5,73.8,M,Raw,212.5
182.5,140.0,97.5,M,Single-ply,232.5
163.29,95.25,72.85,M,Single-ply,170.1
183.7,142.88,119.75,M,Single-ply,190.51
115.0,85.0,70.5,M,Single-ply,140.0
132.5,87.5,81.2,F,Raw,172.5
180.0,115.0,102.55,M,Raw,207.5
217.72,120.2,87.09,M,Single-ply,183.7
70.31,45.36,65.95,F,Wraps,102.06
147.42,81.65,79.74,M,Single-ply,136.08
147.42,95.25,66.5,M,Single-ply,183.7
180.0,125.0,89.1,M,Raw,200.0
85.0,50.0,42.76,F,Raw,110.0
255.0,165.0,86.6,M,Single-ply,225.0
112.5,125.0,87.0,M,Wraps,192.5
245.0,160.0,109.0,M,Wraps,245.0
160.0,112.5,80.2,M,Raw,195.0
230.0,155.0,80.74,M,Raw,285.0
170.1,127.01,73.94,M,Single-ply,165.56
272.5,187.5,97.7,M,Raw,295.0
408.23,342.46,114.76,M,Multi-ply,344.73
165.0,105.0,99.4,M,Raw,215.0
408.23,217.72,118.16,M,Multi-ply,351.53
255.0,150.0,92.4,M,Single-ply,272.5
195.0,145.0,100.0,M,Single-ply,252.5
219.99,120.2,115.67,M,Single-ply,224.53
137.5,92.5,66.68,M,Raw,150.0
135.0,87.5,56.9,F,Raw,142.5
145.0,120.0,72.8,M,Single-ply,160.0
212.5,177.5,99.4,M,Raw,242.5
192.78,122.47,92.53,M,Wraps,219.99
250.0,190.0,124.0,M,Single-ply,240.0
180.0,112.5,72.8,M,Raw,222.5
115.0,75.0,74.48,F,Raw,152.5
170.1,92.99,65.41,M,Single-ply,181.44
235.0,167.5,88.8,M,Wraps,260.0
137.5,95.0,94.7,M,Raw,172.5
205.0,167.5,120.2,M,Raw,295.0
182.5,117.5,89.36,M,Raw,217.5
220.0,197.5,89.3,M,Single-ply,252.5
127.5,160.0,73.9,M,Raw,167.5
165.0,120.0,82.2,M,Single-ply,210.0
235.0,130.0,82.0,M,Raw,265.0
70.0,42.5,62.8,F,Raw,107.5
226.8,138.35,112.31,M,Single-ply,208.65
170.0,107.5,87.1,M,Raw,215.0
132.5,97.5,69.6,M,Raw,215.0
226.8,149.69,88.9,M,Single-ply,215.46
250.0,155.0,92.9,M,Wraps,285.0
92.99,72.57,71.67,M,Single-ply,122.47
160.0,120.0,77.1,M,Raw,187.5
217.72,142.88,80.29,M,Single-ply,201.85
238.14,156.49,117.57,M,Multi-ply,240.4
235.0,185.0,113.8,M,Raw,302.5
138.35,81.65,63.41,M,Single-ply,149.69
195.0,122.5,82.3,M,Single-ply,245.0
106.5,54.0,62.5,F,Raw,106.5
137.5,100.0,79.1,M,Raw,167.5
149.69,72.57,65.59,M,Single-ply,156.49
127.5,67.5,60.0,M,Single-ply,160.0
325.0,250.0,92.97,M,Single-ply,292.5
242.5,182.5,98.2,M,Raw,317.5
170.0,145.0,114.3,M,Raw,197.5
117.5,67.5,82.01,F,Raw,137.5
120.2,68.04,48.81,M,Single-ply,131.54
238.14,158.76,108.05,M,Wraps,272.16
105.0,55.0,58.65,F,Wraps,122.5
113.4,81.65,55.34,M,Single-ply,138.35
230.0,127.5,,M,Single-ply,240.0
180.0,112.5,119.0,M,Raw,220.0
127.5,107.5,78.05,M,Raw,150.0
160.0,90.0,58.8,M,Raw,187.5
150.0,97.5,71.4,F,Single-ply,157.5
175.0,155.0,84.6,M,Single-ply,220.0
230.0,170.0,102.1,M,Single-ply,225.0
183.7,106.59,98.07,M,Single-ply,156.49
140.0,90.0,70.0,M,Single-ply,135.0
185.0,115.0,91.8,M,Raw,240.0
167.5,170.0,99.2,M,Raw,185.0
160.0,120.0,90.45,M,Raw,185.0
205.0,140.0,80.58,M,Raw,240.0
151.95,102.06,59.6,M,Single-ply,176.9
344.73,229.06,123.1,M,Multi-ply,308.44
190.0,97.5,65.6,M,Single-ply,215.0
138.35,97.52,60.78,M,Single-ply,149.69
270.0,150.0,89.7,M,Wraps,260.0
111.13,77.11,65.95,M,Single-ply,129.27
113.4,65.77,59.78,F,Wraps,151.95
137.5,52.5,66.0,F,Raw,115.0
124.74,83.91,66.22,M,Wraps,161.03
120.0,70.0,80.5,F,Raw,152.5
158.76,92.99,88.27,M,Single-ply,174.63
154.22,86.18,56.7,M,Single-ply,154.22
142.88,81.65,53.89,M,Single-ply,145.15
197.31,97.52,89.36,M,Single-ply,181.44
20.0,32.5,104.2,F,Raw,57.5
240.0,162.5,80.61,M,Raw,255.0
165.0,97.5,73.4,M,Raw,185.0
111.13,61.23,86.82,M,Single-ply,145.15
272.16,206.38,124.74,M,Wraps,306.17
225.0,120.0,98.9,M,Single-ply,227.5
80.0,80.0,66.6,M,Single-ply,165.0
175.0,105.0,85.2,M,Raw,227.5
320.0,180.0,109.4,M,Single-ply,302.5
255.0,160.0,97.9,M,Single-ply,255.0
147.5,105.0,73.2,M,Raw,190.0
227.5,160.0,92.5,M,Single-ply,255.0
131.54,79.38,69.13,M,Single-ply,145.15
245.0,145.0,94.8,M,Raw,192.5
131.54,97.52,83.87,M,Wraps,190.51
150.0,100.0,59.5,M,Wraps,170.0
130.0,102.5,72.8,M,Raw,170.0
113.4,79.38,65.86,F,Multi-ply,122.47
145.0,77.5,63.5,F,Raw,160.0
232.5,125.0,91.4,M,Raw,237.5
125.0,60.0,79.56,F,Raw,142.5
222.5,167.5,89.6,M,Raw,240.0
70.0,47.5,88.7,F,Single-ply,120.0
103.0,60.0,58.6,F,Raw,130.0
155.0,82.5,64.0,M,Raw,182.5
132.5,100.0,95.2,M,Raw,180.0
227.5,187.5,109.4,M,Raw,237.5
125.0,75.0,53.0,F,Wraps,157.5
155.0,87.5,103.4,F,Raw,170.0
132.5,85.0,103.3,M,Raw,192.5
205.0,122.5,88.2,M,Raw,235.0
249.48,215.46,120.97,M,Single-ply,238.14
140.0,115.0,100.4,M,Raw,200.0
245.0,160.0,92.8,M,Raw,272.5
135.0,85.0,58.0,M,Raw,187.5
137.5,87.5,85.1,M,Raw,180.0
102.5,52.5,44.0,F,Single-ply,110.0
190.51,122.47,109.77,M,Single-ply,151.95
225.0,145.0,81.8,M,Raw,220.0
110.0,65.0,70.7,F,Raw,132.5
192.5,112.5,73.9,M,Raw,220.0
130.0,100.0,66.1,M,Wraps,150.0
167.5,67.5,79.7,F,Raw,162.5
162.5,75.0,77.6,M,Raw,165.0
145.0,105.0,79.2,M,Wraps,195.0
125.0,70.0,74.3,F,Raw,145.0
127.01,102.06,90.72,M,Single-ply,142.88
183.7,131.54,81.01,M,Single-ply,208.65
110.0,52.5,55.9,F,Wraps,132.5
340.0,337.5,139.07,M,Single-ply,282.5
150.0,102.5,82.5,F,Wraps,170.0
287.5,237.5,110.0,M,Single-ply,250.0
120.0,97.5,69.06,M,Raw,135.0
137.5,67.5,75.0,F,Single-ply,100.0
81.65,56.7,59.15,M,Single-ply,124.74
102.5,40.0,69.3,F,Raw,102.5
113.4,83.91,93.89,M,Single-ply,136.08
130.0,77.5,66.8,F,Raw,142.5
197.5,137.5,102.2,M,Raw,240.0
357.5,220.0,99.14,M,Single-ply,335.0
292.5,160.0,80.0,M,Wraps,277.5
80.0,42.5,83.2,F,Single-ply,95.0
152.5,125.0,113.4,M,Raw,227.5
152.5,102.5,69.1,F,Single-ply,172.5
202.5,115.0,80.6,M,Raw,200.0
180.0,122.5,82.0,M,Raw,230.0
165.0,97.5,46.61,F,Single-ply,157.5
282.5,160.0,97.8,M,Raw,347.5
82.5,50.0,58.9,F,Raw,115.0
192.5,142.5,113.31,M,Raw,275.0
87.5,42.5,51.3,F,Raw,100.0
226.8,111.13,105.23,M,Single-ply,219.99
190.0,165.0,89.85,M,Single-ply,210.0
207.5,142.5,102.9,M,Raw,265.0
240.0,150.0,88.2,M,Raw,282.5
145.15,86.18,99.52,M,Single-ply,165.56
162.5,102.5,98.4,M,Raw,197.5
210.01,139.98,86.27,M,Wraps,237.5
112.5,62.5,107.0,F,Raw,125.0
200.0,130.0,79.9,M,Single-ply,210.0
200.0,147.5,65.6,M,Single-ply,235.0
124.74,61.23,55.7,M,Single-ply,145.15
110.0,65.0,71.05,F,Wraps,130.0
227.5,135.0,76.48,M,Wraps,242.5
175.0,90.0,80.95,M,Raw,180.0
181.44,165.56,73.66,M,Raw,190.51
175.0,100.0,81.4,F,Wraps,162.5
215.0,130.0,103.3,M,Raw,252.5
225.0,155.0,90.8,M,Raw,235.0
97.5,77.5,62.6,F,Raw,125.0
112.5,67.5,70.0,M,Raw,145.0
170.0,145.0,123.47,M,Wraps,227.5
181.44,124.74,126.28,M,Single-ply,154.22
155.0,110.0,54.79,F,Single-ply,155.0
112.5,75.0,54.79,F,Wraps,140.0
72.5,45.0,67.6,M,Raw,60.0
227.5,155.0,92.2,M,Raw,292.5
95.25,54.43,65.32,F,Wraps,122.47
117.5,62.5,61.5,F,Raw,135.0
180.0,125.0,91.9,M,Raw,195.0
238.14,104.33,125.01,M,Single-ply,188.24
82.5,45.0,48.7,F,Raw,92.5
115.0,60.0,63.0,F,Raw,127.5
125.0,87.5,79.5,F,Raw,202.5
125.0,65.0,86.3,F,Raw,135.0
227.5,142.5,104.55,M,Wraps,215.0
192.5,110.0,105.2,M,Wraps,210.0
50.0,35.0,54.8,F,Single-ply,65.0
192.5,122.5,119.2,M,Raw,232.5
205.0,140.0,81.7,M,Raw,245.0
215.0,120.0,97.9,M,Single-ply,235.0
275.0,197.5,103.0,M,Single-ply,285.0
170.0,137.5,90.0,M,Single-ply,227.5
280.0,175.0,118.84,M,Raw,290.0
175.0,92.5,79.8,F,Raw,182.5
172.5,120.0,65.8,M,Single-ply,200.0
154.22,88.45,117.39,M,Single-ply,190.51
80.0,50.0,47.0,F,Raw,115.0
185.0,105.0,108.4,M,Raw,200.0
117.5,60.0,46.4,F,Single-ply,122.5
80.0,47.5,65.3,F,Raw,120.0
190.0,105.0,77.4,M,Raw,225.0
199.58,120.2,66.95,M,Single-ply,215.46
136.08,68.04,80.29,M,Single-ply,147.42
170.0,120.0,85.82,M,Raw,187.5
237.5,172.5,128.9,M,Single-ply,227.5
245.0,163.0,89.8,F,Single-ply,240.0
63.5,29.5,44.0,F,Single-ply,72.6
182.5,112.5,71.6,M,Raw,215.0
117.93,77.11,88.0,M,Single-ply,138.35
145.0,110.0,85.8,M,Wraps,200.0
170.0,125.0,105.0,M,Single-ply,215.0
145.15,83.91,104.51,M,Single-ply,145.15
147.42,108.86,65.14,M,Single-ply,174.63
137.5,87.5,73.4,M,Raw,182.5
120.0,77.5,70.2,F,Raw,152.5
247.5,125.0,81.06,M,Raw,245.0
122.5,65.0,55.1,F,Raw,142.5
60.0,40.0,63.14,F,Raw,97.5
115.0,85.0,74.93,M,Raw,150.0
190.0,140.0,105.7,M,Raw,240.0
230.0,177.5,99.9,M,Single-ply,240.0
75.0,40.0,46.04,F,Raw,102.5
265.0,150.0,99.35,M,Raw,265.0
137.5,75.0,91.3,M,Raw,167.5
100.0,55.0,40.73,F,Raw,100.0
62.5,35.0,51.3,F,Single-ply,87.5
170.1,92.99,59.24,M,Single-ply,133.81
340.19,219.99,107.41,M,Wraps,347.0
180.0,120.0,97.6,M,Raw,272.5
115.67,83.91,56.0,M,Raw,122.47
135.0,80.0,59.7,M,Single-ply,167.5
250.0,160.0,117.55,M,Raw,290.0
75.0,35.0,56.7,F,Single-ply,122.5
345.0,245.0,82.49,M,Single-ply,335.0
100.0,60.0,100.5,F,Raw,140.0
195.0,102.5,74.4,M,Single-ply,220.0
158.76,115.67,80.74,M,Raw,206.38
155.0,77.5,84.8,F,Single-ply,172.5
255.0,135.0,100.0,M,Single-ply,275.0
226.8,113.4,105.96,M,Single-ply,226.8
195.0,147.5,80.38,M,Raw,275.0
125.0,75.0,78.6,F,Single-ply,155.0
112.5,85.0,65.0,M,Single-ply,135.0
117.93,72.57,82.92,M,Single-ply,113.4
174.63,111.13,62.96,M,Single-ply,176.9
170.0,105.0,80.56,M,Raw,195.0
267.5,185.0,120.93,M,Wraps,300.0
147.42,88.45,53.52,M,Single-ply,145.15
170.0,127.5,94.8,M,Single-ply,215.0
142.88,111.13,85.18,M,Single-ply,181.44
100.0,57.5,82.5,F,Raw,120.0
187.5,152.5,98.7,M,Raw,227.5
195.0,147.5,104.33,M,Raw,252.5
172.5,130.0,85.28,M,Single-ply,215.0
150.0,105.0,73.9,M,Raw,230.0
204.12,104.33,77.56,M,Single-ply,201.85
112.5,73.0,50.8,F,Raw,112.5
110.0,62.5,108.6,F,Raw,135.0
137.5,77.5,66.86,F,Raw,165.0
232.5,165.0,81.6,M,Single-ply,215.0
233.6,149.69,108.77,M,Single-ply,229.06
105.0,52.5,59.42,F,Raw,110.0
115.0,50.0,62.6,F,Raw,120.0
208.65,115.67,96.52,M,Single-ply,179.17
272.5,170.0,116.7,M,Single-ply,330.0
83.91,56.7,73.48,M,Single-ply,90.72
95.0,55.0,59.8,F,Raw,127.5
170.1,88.45,91.44,M,Single-ply,174.63
55.0,37.5,48.9,M,Raw,80.0
147.42,102.06,81.37,M,Single-ply,154.22
180.0,80.0,82.3,F,Single-ply,187.5
140.0,102.5,97.5,M,Raw,195.0
300.0,200.0,109.91,M,Wraps,340.0
85.0,72.5,80.55,M,Raw,122.5
154.22,113.4,124.83,M,Single-ply,151.95
220.0,115.0,81.3,M,Raw,272.5
182.5,115.0,67.1,M,Raw,215.0
265.35,170.1,144.15,M,Single-ply,238.14
195.0,95.0,90.3,F,Raw,207.5
175.0,115.0,86.5,M,Raw,210.0
145.15,83.91,113.53,M,Single-ply,149.69
125.0,90.0,97.7,F,Raw,190.0
80.0,45.0,58.9,F,Raw,102.5
190.0,95.0,91.6,M,Single-ply,200.0
149.69,108.86,63.96,M,Single-ply,188.24
275.0,192.5,133.8,M,Raw,305.0
250.0,167.5,108.0,M,Raw,300.0
274.42,174.63,81.56,M,Wraps,290.3
157.5,115.0,64.9,M,Raw,170.0
212.5,147.5,104.7,M,Raw,245.0
165.0,135.0,122.06,M,Raw,182.5
140.0,95.0,73.15,M,Raw,155.0
280.0,145.0,114.6,M,Raw,250.0
204.12,99.79,128.82,M,Single-ply,226.8
162.5,117.5,81.2,M,Raw,192.5
158.76,102.06,73.94,M,Raw,179.17
138.35,86.18,74.39,M,Single-ply,161.03
267.5,207.5,97.2,M,Raw,317.5
102.5,75.0,53.52,F,Raw,130.0
272.16,170.1,108.05,M,Single-ply,260.82
137.5,85.0,115.5,M,Raw,165.0
113.4,72.57,65.77,M,Single-ply,142.88
165.0,92.5,105.5,F,Raw,185.0
167.83,86.18,81.47,M,Single-ply,176.9
113.4,74.84,78.56,F,Raw,158.76
85.0,62.5,73.7,F,Raw,130.0
181.44,115.67,95.25,M,Single-ply,197.31
170.0,120.0,92.8,M,Raw,195.0
182.5,132.5,68.4,M,Raw,187.5
256.28,170.1,95.16,M,Wraps,244.94
170.0,120.0,104.1,M,Raw,210.0
100.0,55.0,51.4,F,Raw,110.0
82.5,55.0,54.0,F,Raw,112.5
295.0,190.0,124.19,M,Wraps,305.0
151.95,86.18,73.89,M,Single-ply,167.83
215.5,174.6,98.8,M,Single-ply,226.8
190.0,125.0,83.6,M,Raw,217.5
182.5,102.5,65.7,M,Raw,202.5
210.0,137.5,82.7,M,Raw,227.5
212.5,132.5,89.8,M,Raw,237.5
190.0,165.0,91.6,M,Raw,235.0
220.0,145.0,93.65,M,Single-ply,230.0
136.08,86.18,77.02,M,Single-ply,167.83
183.7,136.08,67.13,M,Wraps,210.92
160.0,100.0,80.65,M,Raw,220.0
226.8,92.99,81.51,M,Single-ply,197.31
142.5,100.0,58.8,M,Raw,205.0
95.25,47.63,51.44,M,Single-ply,111.13
226.8,117.93,105.6,M,Single-ply,195.04
100.0,52.5,62.8,F,Wraps,107.5
150.0,75.0,90.79,F,Single-ply,130.0
130.0,82.5,64.0,M,Raw,160.0
317.06,177.35,125.0,M,Wraps,302.09
229.06,129.27,72.94,M,Single-ply,213.19
142.88,90.72,100.0,M,Single-ply,149.69
317.51,197.31,108.68,M,Single-ply,226.8
115.0,60.0,71.3,F,Raw,130.0
200.0,120.0,90.9,M,Single-ply,215.0
102.06,65.77,51.35,M,Single-ply,111.13
195.0,142.5,106.32,M,Raw,237.5
87.5,52.5,62.95,F,Raw,120.0
280.0,185.0,104.13,M,Raw,270.0
220.0,182.5,73.84,M,Raw,215.0
150.0,100.0,123.0,M,Wraps,182.5
187.5,127.5,88.75,M,Single-ply,202.5
113.4,70.31,59.06,M,Single-ply,136.08
150.0,85.0,81.5,M,Single-ply,165.0
210.0,120.0,82.0,M,Single-ply,230.0
105.0,60.0,72.5,F,Raw,120.0
220.0,125.0,108.1,M,Single-ply,232.5
190.51,127.01,100.24,M,Single-ply,195.04
210.0,175.0,67.3,M,Single-ply,210.0
215.46,102.06,133.72,M,Single-ply,192.78
85.0,47.5,56.1,F,Raw,110.0
152.5,97.5,80.83,M,Raw,205.0
35.0,37.5,57.52,F,Wraps,65.0
90.72,90.72,66.41,M,Raw,120.2
250.0,175.0,106.8,M,Single-ply,260.0
120.0,140.0,141.2,F,Single-ply,195.0
237.5,165.0,92.3,M,Raw,242.5
181.44,122.47,109.41,M,Single-ply,219.99
217.5,155.0,98.7,M,Raw,262.5
183.7,90.72,89.81,M,Single-ply,176.9
197.5,120.0,88.0,M,Raw,302.5
155.0,145.0,96.34,M,Raw,180.0
120.0,60.0,72.21,F,Wraps,140.0
285.0,172.5,116.5,M,Single-ply,272.5
215.0,125.0,67.5,M,Single-ply,240.0
294.84,167.83,166.11,M,Single-ply,256.28
200.0,147.5,97.07,M,Wraps,250.0
190.51,113.4,81.01,M,Single-ply,192.78
231.33,120.2,77.56,M,Single-ply,226.8
242.5,182.5,151.2,M,Raw,330.0
215.0,130.0,88.4,M,Wraps,247.5
215.0,162.5,89.1,M,Single-ply,237.5
190.0,115.0,74.5,M,Raw,220.0
240.0,165.0,136.03,M,Raw,285.0
122.5,65.0,65.65,F,Wraps,172.5
235.0,130.0,80.0,M,Single-ply,240.0
52.5,42.5,52.8,F,Raw,95.0
185.97,127.01,80.47,M,Single-ply,192.78
317.5,182.5,124.8,M,Wraps,335.5
75.0,45.0,61.1,F,Single-ply,82.5
250.0,210.0,112.7,M,Wraps,227.5
130.0,102.5,80.8,M,Raw,175.0
87.5,52.5,85.5,F,Raw,130.0
249.48,131.54,96.16,M,Single-ply,233.6
174.63,97.52,77.66,M,Single-ply,192.78
137.5,62.5,68.0,F,Raw,140.0
87.5,55.0,91.9,F,Raw,122.5
127.5,75.0,49.9,F,Raw,142.5
237.5,147.5,87.4,M,Multi-ply,217.5
242.67,163.29,98.43,M,Wraps,256.28
260.0,180.0,91.6,M,Raw,305.0
294.84,156.49,82.28,M,Wraps,290.3
115.0,62.5,67.1,F,Raw,152.5
263.08,156.49,107.32,M,Single-ply,260.82
165.0,130.0,110.0,M,Single-ply,195.0
130.0,72.5,51.8,F,Raw,158.0
130.0,72.5,115.1,F,Raw,147.5
120.0,75.0,59.1,M,Single-ply,165.0
133.81,81.65,48.63,M,Single-ply,163.29
102.06,63.5,88.36,F,Raw,124.74
217.5,157.5,100.0,M,Raw,235.0
283.5,183.7,124.06,M,Single-ply,235.87
328.85,238.14,122.11,M,Multi-ply,240.4
138.35,102.06,81.28,M,Raw,174.63
162.5,72.5,72.95,M,Single-ply,182.5
120.2,79.38,110.54,M,Single-ply,142.88
242.5,142.5,85.64,M,Wraps,255.0
251.74,147.42,73.39,M,Single-ply,238.14
150.0,87.5,64.2,M,Raw,185.0
220.0,120.0,109.36,M,Raw,245.0
172.37,127.01,89.92,M,Wraps,199.58
170.0,97.5,88.27,M,Raw,155.0
132.5,72.5,64.1,F,Single-ply,155.0
332.5,237.5,103.02,M,Single-ply,305.0
87.5,42.5,73.1,F,Wraps,100.0
340.19,165.56,136.71,M,Single-ply,235.87
90.0,62.5,61.8,F,Raw,132.5
117.5,57.5,87.1,F,Wraps,125.0
185.0,115.0,80.8,M,Raw,200.0
140.0,105.0,70.1,M,Raw,185.0
260.0,160.0,98.1,M,Single-ply,235.0
82.5,50.0,46.4,M,Wraps,120.0
154.22,86.18,108.86,M,Single-ply,163.29
265.0,227.5,133.81,M,Raw,320.0
110.0,50.0,51.52,F,Raw,130.0
185.0,120.0,81.19,M,Wraps,205.0
135.0,72.5,89.9,F,Raw,170.0
115.0,52.5,123.6,F,Raw,130.0
115.0,67.5,57.5,F,Raw,127.5
80.0,35.0,61.8,F,Raw,85.0
131.54,83.91,58.06,M,Single-ply,165.56
136.08,74.84,106.14,M,Single-ply,163.29
108.86,63.5,58.97,M,Single-ply,151.95
276.69,217.72,95.25,M,Multi-ply,254.01
125.0,107.5,110.8,M,Raw,147.5
227.5,142.5,123.01,M,Wraps,227.5
170.0,115.0,99.2,M,Raw,205.0
190.0,117.5,71.2,M,Raw,235.0
167.5,125.0,156.5,M,Raw,205.0
175.0,115.0,70.4,M,Raw,187.5
100.0,110.0,93.5,M,Raw,130.0
345.0,250.0,135.4,M,Single-ply,270.0
108.86,61.23,95.16,M,Single-ply,136.08
217.72,138.35,99.02,M,Single-ply,197.31
70.0,37.5,71.44,F,Wraps,85.0
226.8,154.22,144.7,M,Single-ply,226.8
125.0,80.0,74.2,M,Wraps,150.0
152.5,77.5,74.4,M,Single-ply,177.5
110.0,60.0,65.6,F,Raw,150.0
195.0,120.0,116.98,M,Raw,242.5
190.0,100.0,96.0,M,Single-ply,210.0
82.5,50.0,67.9,F,Raw,112.5
140.0,105.0,58.75,M,Single-ply,145.0
237.5,145.0,82.5,M,Single-ply,275.0
245.0,157.5,122.56,M,Raw,227.5
135.0,82.5,62.5,F,Raw,130.0
97.52,61.23,72.12,F,Wraps,117.93
202.5,157.5,92.9,M,Raw,237.5
75.0,62.5,,M,Single-ply,130.0
260.0,240.0,117.25,M,Single-ply,245.0
278.96,158.76,108.5,M,Multi-ply,233.6
157.5,80.0,72.9,F,Raw,155.0
350.0,192.5,153.7,M,Single-ply,272.5
192.5,147.5,74.7,M,Raw,232.5
160.0,112.5,82.3,M,Raw,230.0
92.5,70.0,55.8,M,Raw,95.0
249.48,151.95,93.26,M,Single-ply,260.82
175.0,112.5,81.45,M,Raw,200.0
160.0,117.5,77.6,M,Raw,220.0
185.0,127.5,71.1,M,Raw,240.0
192.5,160.0,98.66,M,Wraps,227.5
200.0,125.0,70.7,M,Raw,225.0
137.5,75.0,62.2,F,Raw,165.0
347.5,210.0,98.2,M,Multi-ply,285.0
140.0,137.5,105.3,M,Raw,200.0
262.5,195.0,119.48,M,Wraps,282.5
187.5,130.0,89.55,M,Raw,220.0
205.0,117.5,73.75,M,Raw,235.0
344.73,181.44,99.79,M,Wraps,317.51
170.1,147.42,95.25,M,Raw,195.04
185.0,127.5,88.86,M,Wraps,235.0
97.5,72.5,77.29,M,Raw,152.5
340.0,190.0,99.1,M,Single-ply,340.0
120.0,52.5,74.4,F,Wraps,135.0
200.0,142.5,120.0,M,Raw,267.5
97.5,52.5,47.3,F,Raw,125.0
115.0,62.5,88.6,F,Raw,130.0
240.0,120.0,139.71,M,Raw,260.0
170.0,62.5,89.0,F,Wraps,155.0
204.12,124.74,123.42,M,Single-ply,208.65
165.56,102.06,103.06,M,Single-ply,167.83
122.47,74.84,67.13,M,Single-ply,129.27
100.0,65.0,85.8,F,Raw,127.5
136.08,95.25,62.69,M,Single-ply,136.08
165.0,100.0,59.2,M,Single-ply,215.0
140.0,82.5,71.6,M,Raw,177.5
82.5,65.0,53.0,F,Raw,115.0
170.0,137.5,78.66,M,Raw,205.0
210.0,122.5,72.7,M,Raw,215.0
102.06,117.93,82.5,M,Raw,158.76
237.5,200.0,98.07,M,Single-ply,250.0
192.78,156.49,95.07,M,Single-ply,165.56
250.0,170.0,122.74,M,Wraps,262.5
226.8,129.27,121.93,M,Single-ply,190.51
299.37,201.85,98.97,M,Wraps,328.85
127.01,61.23,67.13,M,Single-ply,142.88
281.23,170.1,124.28,M,Single-ply,254.01
122.5,70.0,81.4,F,Single-ply,120.0
155.0,105.0,69.2,M,Raw,175.0
110.0,67.5,56.0,M,Single-ply,140.0
258.55,163.29,120.7,M,Single-ply,183.7
207.5,150.0,81.0,M,Raw,250.0
290.3,158.76,87.63,M,Single-ply,267.62
145.15,92.99,79.74,M,Single-ply,192.78
97.5,40.0,55.8,F,Raw,105.0
170.0,107.5,73.0,M,Raw,235.0
107.5,115.0,96.7,M,Raw,147.5
200.0,120.0,83.6,M,Single-ply,220.0
250.0,152.5,81.2,M,Single-ply,260.0
125.0,77.5,87.6,F,Raw,145.0
183.7,140.61,81.74,M,Wraps,219.99
165.0,110.0,81.0,M,Single-ply,180.0
147.42,88.45,64.05,M,Single-ply,163.29
190.51,108.86,141.43,M,Single-ply,163.29
205.0,140.0,82.5,M,Raw,217.5
82.5,55.0,68.9,F,Single-ply,107.5
102.5,47.5,56.3,F,Raw,117.5
170.0,107.5,63.0,M,Raw,200.0
227.5,175.0,97.5,M,Raw,247.5
195.0,110.0,78.9,M,Single-ply,235.0
205.0,135.0,89.9,M,Single-ply,220.0
167.83,140.61,98.97,M,Raw,195.04
167.5,107.5,74.3,M,Raw,157.5
195.0,130.0,102.4,M,Raw,250.0
272.16,147.42,95.03,M,Single-ply,213.19
62.5,45.0,68.5,F,Raw,102.5
135.0,60.0,75.0,F,Raw,140.0
100.0,55.0,59.7,F,Single-ply,115.0
205.7,183.7,137.3,M,Raw,205.7
225.0,125.0,104.5,M,Raw,227.5
92.99,36.29,65.77,F,Raw,136.08
170.0,110.0,90.0,M,Single-ply,225.0
240.0,147.5,98.9,M,Raw,290.0
115.0,70.0,77.75,F,Wraps,112.5
129.27,92.99,73.48,M,Single-ply,142.88
300.0,202.5,115.9,M,Wraps,322.5
162.5,110.0,96.9,M,Raw,207.5
180.5,90.0,119.1,F,Raw,212.5
120.2,54.43,56.43,M,Single-ply,142.88
222.5,170.0,95.08,M,Raw,275.0
95.3,38.6,72.1,F,Raw,102.1
81.65,45.36,86.45,F,Wraps,90.72
70.0,45.0,52.0,F,Raw,95.0
92.99,61.23,53.25,M,Single-ply,122.47
127.5,85.0,62.76,F,Raw,130.0
132.5,55.0,67.2,F,Wraps,137.5
175.0,122.5,72.4,M,Raw,205.0
250.0,152.5,97.43,M,Wraps,265.0
147.5,92.5,80.9,M,Raw,152.5
256.28,151.95,101.15,M,Single-ply,226.8
152.5,75.0,71.2,F,Raw,172.5
93.0,54.4,55.0,F,Single-ply,102.1
147.42,97.52,71.94,M,Single-ply,151.95
150.0,102.5,72.57,M,Raw,190.0
170.1,120.2,67.5,M,Multi-ply,183.7
200.0,165.0,80.42,M,Raw,275.0
140.61,83.91,54.79,M,Single-ply,145.15
270.0,160.0,103.05,M,Raw,312.5
160.0,145.0,90.6,M,Single-ply,200.0
192.78,108.86,59.87,M,Single-ply,210.92
158.76,86.18,66.32,M,Single-ply,185.97
245.0,185.0,103.5,M,Single-ply,255.0
145.0,75.0,71.2,F,Raw,167.5
162.5,120.0,102.5,M,Raw,210.0
226.8,131.54,82.33,M,Wraps,267.62
140.0,100.0,84.9,M,Raw,190.0
192.78,138.35,79.42,M,Wraps,215.46
257.5,185.0,92.3,M,Raw,285.0
227.5,142.5,83.51,M,Wraps,205.0
136.08,83.91,79.47,M,Single-ply,174.63
176.9,77.11,59.87,M,Single-ply,181.44
182.5,137.5,73.65,M,Raw,255.0
110.0,75.0,66.9,F,Raw,140.0
133.81,79.38,51.35,M,Single-ply,161.03
227.5,140.0,140.3,M,Single-ply,260.0
317.51,188.24,139.03,M,Wraps,258.55
115.0,50.0,45.9,F,Single-ply,117.5
182.5,117.5,82.2,M,Raw,220.0
210.0,100.0,119.8,M,Wraps,235.0
190.0,112.5,81.8,M,Raw,240.0
147.5,72.5,62.9,F,Raw,155.0
115.0,80.0,54.8,F,Single-ply,125.0
145.15,83.91,88.0,M,Single-ply,176.9
192.5,165.0,98.0,M,Raw,237.5
92.5,57.5,50.6,F,Raw,117.5
92.5,70.0,74.9,F,Raw,142.5
275.0,192.5,108.2,M,Single-ply,256.0
165.56,92.99,88.09,M,Raw,210.92
122.5,100.0,67.0,M,Raw,130.0
100.0,80.0,61.6,M,Single-ply,120.0
136.08,104.33,80.47,M,Raw,183.7
125.0,127.5,93.35,M,Raw,175.0
272.5,172.5,119.75,M,Wraps,277.5
165.0,90.0,71.1,M,Wraps,182.5
102.06,65.77,56.52,M,Single-ply,122.47
263.08,179.17,88.99,M,Wraps,283.5
290.0,192.5,121.8,M,Wraps,320.0
135.0,87.5,73.9,M,Raw,200.0
103.0,60.0,58.6,F,Raw,130.0
160.0,122.5,88.6,M,Raw,160.0
80.0,52.5,66.8,F,Raw,117.5
207.5,132.5,92.5,M,Raw,240.0
70.0,57.5,83.4,M,Single-ply,130.0
165.56,92.99,78.93,M,Single-ply,176.9
120.0,100.0,88.5,M,Raw,200.0
122.47,68.04,71.67,F,Multi-ply,147.42
200.0,125.0,88.5,M,Wraps,220.0
207.5,132.5,102.3,M,Raw,250.0
174.63,68.04,74.3,M,Single-ply,156.49
205.0,82.5,75.0,M,Single-ply,205.0
45.0,47.5,87.0,F,Wraps,105.5
208.65,111.13,66.04,M,Single-ply,210.92
154.22,117.93,74.39,M,Raw,235.87
52.16,27.22,67.13,F,Raw,74.84
172.5,107.5,76.5,M,Wraps,167.5
140.0,75.0,57.4,M,Single-ply,147.5
150.0,92.5,101.1,M,Raw,155.0
250.0,190.0,104.55,M,Wraps,285.0
215.0,192.5,95.9,M,Raw,272.5
146.0,52.5,63.96,F,Single-ply,125.0
155.0,72.5,84.6,M,Raw,182.5
111.13,56.7,66.77,F,Wraps,133.81
103.0,42.5,58.8,F,Raw,127.5
227.5,152.5,82.54,M,Raw,245.0
95.0,70.0,92.3,M,Raw,120.0
267.5,190.0,103.48,M,Raw,295.0
197.31,117.93,106.68,M,Single-ply,170.1
140.0,80.0,119.61,F,Raw,160.0
142.5,87.5,71.5,F,Raw,155.0
202.5,137.5,88.6,M,Raw,230.0
321.0,160.0,99.7,M,Single-ply,300.0
170.0,107.5,72.75,M,Raw,190.0
132.5,80.0,62.18,F,Raw,147.5
80.0,65.0,75.0,F,Raw,132.5
212.5,137.5,88.3,M,Single-ply,257.5
115.0,75.0,56.82,F,Single-ply,92.5
105.0,45.0,59.0,F,Wraps,125.0
183.7,86.18,114.85,M,Wraps,217.72
60.0,77.5,74.1,M,Wraps,102.5
124.74,63.5,55.52,M,Single-ply,131.54
160.0,130.0,74.9,M,Single-ply,170.0
230.0,162.5,80.3,M,Raw,245.0
371.95,272.16,109.04,M,Multi-ply,226.8
204.12,129.27,124.33,M,Single-ply,204.12
195.0,117.5,58.3,M,Single-ply,210.0
204.12,122.47,97.98,M,Raw,226.8
131.54,83.91,79.74,M,Single-ply,136.08
185.0,117.5,97.3,M,Single-ply,215.0
157.5,95.0,51.8,F,Single-ply,152.5
220.0,170.0,140.6,M,Raw,270.0
107.5,37.5,51.9,F,Single-ply,120.0
385.0,257.5,164.25,M,Raw,367.5
135.0,72.5,82.9,F,Raw,165.0
151.95,83.91,65.41,M,Single-ply,192.78
170.0,122.5,64.7,M,Raw,222.5
142.88,102.06,82.5,M,Raw,142.88
262.5,177.5,109.3,M,Raw,290.0
90.0,57.5,68.8,M,Single-ply,120.0
117.93,54.43,53.98,M,Single-ply,92.99
147.5,75.0,94.8,F,Raw,190.0
90.0,52.5,63.0,F,Raw,120.0
117.5,62.5,80.74,F,Raw,145.0
130.0,80.0,76.4,F,Raw,152.5
183.7,117.93,69.94,M,Wraps,244.94
230.0,180.0,101.8,M,Raw,250.0
220.0,175.0,81.9,M,Raw,252.5
99.79,65.77,49.9,M,Single-ply,122.47
158.76,68.04,90.0,F,Wraps,163.29
307.5,247.5,101.77,M,Single-ply,270.0
245.0,145.0,92.1,M,Raw,252.5
117.93,72.57,95.71,M,Single-ply,117.93
185.0,112.5,89.5,M,Wraps,210.0
300.0,170.0,129.55,M,Wraps,305.0
115.67,65.77,58.79,M,Single-ply,117.93
192.78,92.99,108.41,M,Wraps,192.78
125.0,62.5,77.6,F,Raw,142.5
282.5,215.0,119.4,M,Raw,290.0
140.0,90.0,86.8,M,Raw,175.0
115.0,70.0,66.0,M,Raw,140.0
235.0,150.0,93.0,M,Raw,293.0
81.65,40.82,54.43,F,Raw,120.2
75.0,67.5,69.63,F,Raw,115.0
140.0,115.0,79.4,M,Raw,200.0
260.0,145.0,94.4,M,Single-ply,260.0
232.5,170.0,123.5,M,Raw,240.0
117.5,72.5,61.4,F,Raw,160.0
82.5,45.0,53.5,F,Raw,102.5
206.38,90.72,66.04,M,Single-ply,174.63
260.0,165.0,132.02,M,Raw,285.0
247.5,150.0,88.1,M,Raw,265.0
152.5,65.0,88.4,F,Raw,167.5
62.5,42.5,60.4,F,Raw,110.0
87.5,37.5,61.9,F,Raw,107.5
226.8,124.74,86.82,M,Single-ply,213.19
67.5,75.0,56.0,F,Raw,130.0
192.5,137.5,97.6,M,Wraps,227.5
180.0,132.5,88.0,M,Raw,250.0
265.0,175.0,100.0,M,Single-ply,250.0
147.42,95.25,77.2,M,Single-ply,151.95
215.0,105.0,100.6,M,Raw,232.5
195.0,110.0,81.2,M,Wraps,220.0
270.0,172.5,145.1,M,Raw,280.0
174.63,115.67,112.85,M,Single-ply,147.42
75.0,40.0,57.0,F,Raw,92.5
219.99,151.95,89.09,M,Wraps,249.48
163.29,90.72,85.91,M,Single-ply,163.29
137.5,75.0,62.0,M,Single-ply,157.5
155.0,87.5,55.75,F,Raw,195.0
163.29,117.93,67.13,M,Wraps,167.83
160.0,110.0,92.1,M,Raw,175.0
113.4,70.31,49.9,M,Single-ply,136.08
150.0,177.5,109.4,M,Raw,215.0
183.7,106.59,84.64,M,Single-ply,176.9
192.78,111.13,85.55,M,Single-ply,201.85
135.0,90.0,88.2,M,Raw,155.0
147.5,107.5,84.75,M,Raw,165.0
150.0,92.5,88.8,M,Wraps,200.0
158.76,102.06,86.09,M,Single-ply,174.63
117.5,70.0,66.3,F,Raw,117.5
155.0,70.0,57.0,F,Raw,172.5
200.0,130.0,74.3,M,Raw,240.0
92.5,42.5,42.9,F,Single-ply,90.0
303.91,208.65,89.9,M,Raw,303.91
188.24,122.47,79.83,M,Single-ply,183.7
315.0,185.0,166.6,M,Wraps,300.0
79.38,52.16,54.88,M,Single-ply,92.99
140.0,65.0,66.4,F,Raw,157.5
140.0,100.0,89.85,M,Raw,210.0
92.99,56.7,65.77,F,Wraps,108.86
192.78,102.06,87.91,M,Single-ply,183.7
92.5,47.5,76.6,F,Raw,102.5
147.5,102.5,90.26,M,Raw,177.5
220.0,165.6,108.0,M,Single-ply,226.8
351.0,225.0,147.62,M,Single-ply,295.0
340.0,210.0,144.8,M,Single-ply,332.5
87.5,35.0,46.3,F,Single-ply,117.5
185.97,108.86,94.53,M,Wraps,210.92
172.5,92.5,88.8,M,Single-ply,190.0
200.0,125.0,67.5,M,Single-ply,220.0
100.0,70.0,75.0,M,Single-ply,170.0
244.94,145.15,75.0,M,Single-ply,231.33
124.74,70.31,76.75,M,Single-ply,138.35
155.0,70.0,75.0,F,Single-ply,145.0
61.23,38.56,50.53,M,Single-ply,81.65
237.5,195.0,102.5,M,Wraps,235.0
155.0,77.5,66.0,M,Raw,182.5
212.5,92.5,66.3,M,Single-ply,205.0
170.0,192.5,82.5,M,Single-ply,180.0
330.0,177.5,104.7,M,Single-ply,305.0
230.0,137.5,74.5,M,Wraps,265.0
185.0,140.0,79.7,M,Single-ply,250.0
158.76,111.13,85.82,M,Single-ply,174.63
183.7,102.06,83.46,M,Single-ply,195.04
177.5,130.0,88.1,M,Raw,230.0
205.0,112.5,75.0,M,Single-ply,250.0
227.5,127.5,73.9,M,Raw,265.0
165.0,87.5,61.75,F,Single-ply,180.0
154.22,149.69,112.04,M,Wraps,190.51
162.5,127.5,80.2,M,Raw,210.0
270.0,195.0,102.0,M,Single-ply,230.0
227.5,147.5,107.4,M,Raw,275.0
220.0,152.5,62.8,F,Single-ply,197.5
280.0,212.5,100.0,M,Single-ply,290.0
130.0,75.0,66.7,F,Raw,180.0
175.0,85.0,81.4,F,Multi-ply,182.5
158.76,97.52,78.47,M,Single-ply,183.7
200.0,152.5,108.0,M,Raw,232.5
199.58,117.93,95.89,M,Single-ply,172.37
207.5,137.5,104.1,M,Raw,240.0
295.0,152.5,89.8,M,Wraps,282.5
145.0,72.5,81.75,F,Raw,165.0
100.0,90.0,81.5,F,Raw,192.5
65.0,42.5,57.5,F,Raw,80.0
70.31,49.9,71.3,M,Wraps,92.99
200.0,147.5,86.2,M,Raw,252.5
199.58,138.35,89.81,M,Single-ply,199.58
205.0,137.5,99.29,M,Wraps,207.5
226.8,124.74,93.62,M,Single-ply,199.58
350.0,215.0,92.35,M,Single-ply,330.0
257.5,185.0,89.4,M,Raw,300.0
188.24,88.45,73.94,F,Multi-ply,165.56
190.0,112.5,81.4,M,Raw,240.0
215.0,130.0,88.4,M,Raw,242.5
155.0,110.0,80.0,M,Raw,200.0
227.5,165.0,153.2,M,Raw,250.0
61.2,49.9,69.7,F,Raw,106.6
177.5,140.0,83.0,M,Raw,202.5
125.0,75.0,62.3,M,Wraps,160.0
187.5,82.5,80.7,F,Single-ply,165.0
208.65,127.01,72.85,M,Single-ply,192.78
160.0,127.5,91.6,M,Raw,207.5
219.99,120.2,82.5,M,Wraps,256.28
183.7,115.67,80.06,M,Single-ply,213.19
42.5,25.0,75.3,F,Single-ply,75.0
376.48,217.72,86.09,M,Multi-ply,297.1
195.0,155.0,80.69,M,Wraps,200.0
129.27,56.7,88.72,F,Wraps,149.69
154.22,92.99,55.7,M,Single-ply,165.56
190.0,180.0,89.9,M,Raw,210.0
115.7,54.4,62.41,F,Single-ply,138.4
131.54,95.25,89.9,M,Raw,226.8
230.0,140.0,81.6,M,Wraps,200.0
149.69,102.06,61.42,M,Wraps,165.56
183.7,124.7,80.4,M,Raw,210.9
180.0,115.0,94.8,M,Single-ply,230.0
165.0,110.0,107.7,M,Single-ply,215.0
60.0,242.5,104.3,M,Multi-ply,60.0
112.49,122.52,70.4,F,Wraps,137.48
220.0,155.0,102.4,M,Raw,270.0
120.0,85.0,66.45,F,Raw,180.0
137.5,87.5,72.6,M,Raw,160.0
97.5,37.5,60.3,F,Raw,107.5
135.0,67.5,86.8,F,Raw,147.5
160.0,120.0,81.1,M,Raw,230.0
245.0,167.5,88.5,M,Raw,295.0
147.42,102.06,78.74,M,Single-ply,163.29
175.0,137.5,117.1,M,Raw,165.0
135.0,82.5,83.0,M,Raw,180.0
197.31,113.4,105.23,M,Single-ply,199.58
112.5,62.5,62.1,F,Single-ply,135.0
269.89,145.15,121.83,M,Wraps,256.28
145.0,105.0,87.7,M,Raw,205.0
199.58,142.88,85.55,M,Wraps,224.53
135.0,97.5,67.0,M,Raw,200.0
157.5,117.5,47.67,F,Single-ply,152.5
308.44,199.58,90.0,M,Single-ply,274.42
219.99,129.27,89.27,M,Wraps,265.35
150.0,125.0,75.4,M,Raw,205.0
180.0,150.0,82.1,M,Raw,250.0
200.0,140.0,97.89,M,Wraps,232.5
300.0,172.5,102.5,M,Single-ply,277.5
245.0,170.0,87.4,M,Wraps,235.0
197.5,105.0,95.8,M,Raw,227.5
90.0,42.5,55.4,F,Single-ply,105.0
242.67,129.27,100.43,M,Single-ply,242.67
207.5,175.5,101.74,M,Raw,247.5
67.5,42.5,54.98,F,Raw,92.5
240.0,172.5,116.07,M,Multi-ply,220.0
235.0,157.5,89.4,M,Raw,242.5
204.12,124.74,66.32,M,Single-ply,199.58
167.5,87.5,52.8,M,Raw,160.0
190.0,137.5,73.0,M,Raw,225.0
142.5,107.5,81.8,M,Raw,190.0
92.5,57.5,61.0,F,Raw,117.5
161.03,99.79,81.83,M,Single-ply,176.9
80.0,62.5,101.0,F,Single-ply,120.0
125.0,82.5,64.52,M,Raw,155.0
182.5,110.0,101.47,M,Raw,217.5
60.0,57.5,59.1,M,Single-ply,85.0
102.06,68.04,67.13,M,Single-ply,124.74
170.0,167.5,88.2,M,Single-ply,200.0
161.03,92.99,102.06,M,Single-ply,174.63
57.5,30.0,52.0,F,Raw,122.5
113.4,49.9,74.12,F,Wraps,142.88
237.5,135.0,101.7,M,Raw,252.5
175.0,115.0,82.3,M,Raw,227.5
180.0,125.0,67.45,M,Raw,227.5
124.74,95.25,82.5,M,Single-ply,199.58
152.5,117.5,82.04,M,Raw,172.5
160.0,105.0,92.96,M,Raw,200.0
152.5,72.5,79.5,F,Raw,185.0
35.0,40.0,65.7,F,Raw,87.5
130.0,55.0,89.9,F,Raw,140.0
172.37,154.22,87.54,M,Wraps,226.8
185.0,112.5,87.9,M,Wraps,215.0
250.0,200.0,103.2,M,Single-ply,260.0
100.0,42.5,51.7,F,Wraps,100.0
145.0,112.5,84.05,F,Raw,157.5
132.5,77.5,76.6,M,Raw,185.0
307.5,222.5,129.7,M,Raw,295.0
213.19,115.67,89.99,M,Single-ply,204.12
152.5,92.5,89.3,M,Raw,215.0
92.99,56.7,66.32,F,Wraps,149.69
95.0,55.0,54.88,F,Raw,147.5
190.51,147.42,106.41,M,Wraps,185.97
150.0,150.0,79.95,M,Single-ply,180.0
107.5,65.0,67.6,F,Raw,155.0
242.5,142.5,108.9,M,Raw,317.5
176.9,113.4,81.37,M,Single-ply,183.7
287.5,197.5,137.1,M,Raw,322.5
130.0,60.0,68.1,F,Raw,132.5
115.0,55.0,53.1,F,Single-ply,117.5
200.0,132.5,82.0,M,Raw,260.0
385.55,181.44,125.0,M,Multi-ply,294.84
215.46,136.08,110.59,M,Single-ply,215.46
280.0,150.0,98.0,M,Single-ply,260.0
157.5,97.5,65.5,M,Raw,222.5
212.5,135.0,91.0,M,Raw,255.0
160.0,92.5,100.0,M,Single-ply,202.5
207.5,157.5,82.5,M,Single-ply,227.5
240.0,180.0,104.11,M,Single-ply,240.0
252.5,133.0,99.5,M,Raw,237.5
208.65,136.08,98.47,M,Wraps,265.35
277.5,135.0,103.6,M,Raw,282.5
192.78,122.47,92.62,M,Single-ply,226.8
225.0,165.0,80.1,M,Single-ply,230.0
117.5,62.5,56.7,F,Raw,145.0
250.0,155.0,107.2,M,Single-ply,235.0
120.0,67.5,62.46,F,Raw,127.5
226.8,149.69,87.09,M,Wraps,240.4
240.0,165.0,79.1,M,Raw,272.5
242.5,157.5,92.2,M,Raw,285.0
247.5,150.0,89.0,M,Single-ply,272.5
212.5,112.5,59.6,M,Single-ply,265.0
125.0,77.5,74.1,F,Single-ply,157.5
157.5,127.5,91.6,M,Raw,217.5
125.0,70.0,50.13,F,Raw,160.0
115.0,75.0,61.8,F,Raw,167.5
215.0,140.0,90.2,M,Raw,250.0
245.0,165.0,92.6,M,Raw,270.0
183.7,97.52,109.59,M,Single-ply,226.8
205.0,175.0,100.0,M,Single-ply,227.5
265.0,150.0,97.7,M,Single-ply,225.0
145.0,115.0,78.02,M,Raw,180.0
185.97,106.59,109.77,M,Single-ply,213.19
242.5,95.0,74.7,F,Wraps,220.0
125.0,82.5,104.6,M,Wraps,175.0
83.9,52.2,60.55,F,Raw,120.2
200.0,127.5,104.1,M,Raw,205.0
110.0,80.0,98.43,M,Wraps,125.0
175.0,120.0,87.63,M,Raw,220.0
135.0,70.0,67.5,M,Single-ply,175.0
260.0,160.0,89.7,M,Wraps,265.0
232.5,175.0,91.3,M,Raw,262.5
105.0,60.0,56.2,M,Single-ply,125.0
202.5,102.5,60.0,M,Single-ply,182.5
160.0,100.0,72.0,M,Raw,170.0
235.87,226.8,135.62,M,Single-ply,272.16
99.79,52.16,50.8,M,Single-ply,106.59
142.88,70.31,49.76,M,Single-ply,151.95
219.99,108.86,80.47,M,Wraps,238.14
152.5,77.5,90.0,F,Raw,165.0
90.0,55.0,54.5,F,Raw,120.0
192.5,102.5,62.62,F,Single-ply,167.5
110.0,55.0,73.48,F,Raw,105.0
155.0,147.5,104.1,M,Raw,195.0
129.27,92.99,85.09,M,Single-ply,133.81
210.92,122.47,89.18,M,Wraps,199.58
197.31,127.01,177.45,M,Raw,183.7
150.0,90.0,128.5,F,Raw,175.0
136.08,120.2,88.72,M,Raw,170.1
195.04,115.67,65.41,M,Single-ply,197.31
242.5,142.5,73.0,M,Raw,262.5
235.0,170.0,74.0,M,Raw,267.5
200.0,190.0,138.1,M,Single-ply,215.0
183.7,88.45,88.27,M,Single-ply,181.44
312.98,165.56,117.93,M,Single-ply,233.6
219.99,145.15,122.11,M,Wraps,274.42
165.0,97.5,80.8,M,Raw,230.0
290.0,215.0,90.6,M,Single-ply,300.0
195.0,130.0,67.0,M,Raw,220.0
90.0,55.0,59.8,F,Raw,102.5
158.8,106.6,93.1,M,Raw,190.5
112.5,65.0,51.34,F,Raw,142.5
227.5,152.5,106.7,M,Raw,240.0
105.0,95.0,51.4,M,Single-ply,135.0
227.5,142.5,100.33,M,Wraps,282.5
127.5,80.0,72.48,M,Wraps,160.0
200.0,125.0,109.3,M,Raw,260.0
138.35,83.91,97.07,M,Single-ply,142.88
107.5,80.0,63.6,M,Raw,135.0
129.27,79.38,60.69,M,Single-ply,136.08
87.5,57.5,74.8,F,Raw,127.5
188.24,120.2,106.59,M,Wraps,215.46
182.5,190.0,100.0,M,Single-ply,230.0
170.1,122.47,97.48,M,Single-ply,195.04
227.5,155.0,123.4,M,Raw,272.5
192.5,127.5,97.3,M,Raw,267.5
105.0,85.0,46.59,F,Raw,107.5
192.78,115.67,67.13,M,Single-ply,188.24
125.0,55.0,59.2,F,Raw,120.0
235.0,165.0,103.0,M,Raw,225.0
282.5,237.5,141.4,M,Single-ply,255.0
237.5,142.5,98.9,M,Wraps,272.5
230.0,150.0,90.9,M,Raw,300.0
102.06,61.23,58.6,M,Single-ply,122.47
195.0,122.5,88.4,M,Wraps,242.5
230.0,162.5,100.2,M,Single-ply,260.0
90.0,55.0,63.5,M,Single-ply,115.0
215.0,142.5,83.6,M,Raw,237.5
95.0,60.0,62.2,F,Raw,122.5
245.0,170.0,96.6,M,Single-ply,275.0
100.0,52.5,55.6,F,Raw,110.0
177.5,142.5,91.7,M,Raw,200.0
120.0,55.0,56.9,F,Raw,125.0
232.5,152.5,82.15,M,Raw,272.5
90.0,37.5,42.39,F,Raw,140.0
92.5,52.5,67.5,F,Raw,130.0
217.5,140.0,99.25,M,Wraps,179.75
102.5,65.0,58.92,F,Wraps,137.5
67.5,42.5,56.88,F,Raw,115.0
160.0,90.0,55.6,F,Single-ply,150.0
160.0,102.5,79.5,M,Raw,195.0
365.0,230.0,134.2,M,Raw,330.0
100.0,50.0,64.9,F,Raw,142.5
177.5,132.5,80.1,M,Raw,210.0
430.0,317.5,155.35,M,Single-ply,330.0
107.5,81.0,60.0,F,Raw,117.5
180.0,125.0,92.9,M,Single-ply,205.0
226.8,156.49,88.9,M,Wraps,247.21
156.49,113.4,74.5,M,Wraps,206.38
294.84,188.24,123.38,M,Multi-ply,226.8
195.04,97.52,116.3,M,Wraps,231.33
270.0,187.5,107.9,M,Single-ply,260.0
290.0,165.0,74.5,M,Wraps,290.0
237.5,145.0,82.5,M,Raw,285.0
161.03,79.38,59.65,M,Single-ply,145.15
260.0,185.0,104.6,M,Single-ply,265.0
86.18,49.9,47.17,F,Wraps,108.86
140.0,65.0,61.9,M,Raw,157.5
147.5,105.0,74.7,M,Raw,205.0
145.0,95.0,65.5,M,Single-ply,165.0
157.5,120.0,75.34,M,Wraps,195.0
180.0,130.0,89.8,M,Single-ply,225.0
158.76,131.54,82.5,M,Wraps,229.06
185.0,112.5,88.8,M,Raw,215.0
182.5,107.5,105.0,M,Raw,247.5
195.0,137.5,79.7,M,Raw,227.5
192.5,150.0,82.6,M,Raw,245.0
102.5,50.0,62.4,F,Single-ply,120.0
183.7,113.4,82.55,M,Single-ply,183.7
40.0,70.0,65.9,F,Raw,130.0
187.5,107.5,66.1,M,Wraps,210.0
88.45,47.63,50.98,M,Single-ply,81.65
102.06,72.57,78.11,F,Raw,136.08
272.16,183.7,91.76,M,Single-ply,263.08
85.0,42.5,56.8,F,Raw,87.5
292.5,225.0,90.0,M,Single-ply,290.0
197.5,127.5,91.6,M,Raw,230.0
210.0,132.5,100.0,M,Raw,252.5
70.31,47.63,78.56,F,Raw,111.13
180.0,117.5,111.9,M,Wraps,182.5
240.0,197.5,73.89,M,Single-ply,235.0
192.5,112.5,77.8,M,Raw,230.0
306.17,204.12,152.41,M,Raw,299.37
272.16,165.56,109.5,M,Raw,258.55
235.0,130.0,83.0,M,Raw,270.0
127.5,65.0,73.7,M,Raw,160.0
181.44,104.33,124.74,M,Single-ply,204.12
150.0,130.0,65.5,M,Raw,207.5
215.0,152.5,97.2,M,Wraps,235.0
270.0,190.0,114.0,M,Raw,285.0
285.0,197.5,104.5,M,Raw,290.0
162.5,122.5,70.49,M,Raw,200.0
222.5,127.5,89.1,M,Raw,240.0
105.0,77.5,80.3,M,Raw,137.5
137.5,67.5,66.04,F,Raw,182.5
150.0,95.0,77.0,M,Raw,230.0
205.0,167.5,92.8,M,Single-ply,237.5
131.54,74.84,62.19,M,Single-ply,131.54
147.5,115.0,95.6,M,Raw,245.0
149.69,102.06,112.54,M,Single-ply,183.7
145.0,85.0,64.0,M,Raw,190.0
125.0,115.0,109.34,M,Raw,182.5
265.0,165.0,104.26,F,Single-ply,220.0
100.0,75.0,73.6,M,Raw,125.0
156.49,90.72,58.15,M,Single-ply,140.61
287.5,177.5,97.52,M,Single-ply,265.0
249.48,140.61,89.81,F,Multi-ply,215.46
122.5,97.5,74.4,M,Raw,162.5
215.46,167.83,104.6,M,Wraps,260.82
100.0,185.0,113.5,M,Single-ply,100.0
262.5,185.0,103.0,M,Raw,327.5
83.91,63.5,72.39,F,Wraps,124.74
162.5,115.0,72.4,M,Raw,202.5
255.0,155.0,106.5,M,Single-ply,222.5
267.62,170.1,99.79,M,Raw,281.23
222.26,163.29,96.07,M,Single-ply,204.12
147.42,81.65,59.42,M,Single-ply,145.15
165.56,92.99,62.23,M,Single-ply,181.44
70.31,43.09,48.17,M,Single-ply,95.25
200.0,120.0,91.8,M,Raw,220.0
280.0,175.0,117.95,M,Raw,280.0
120.0,55.0,72.9,F,Wraps,135.0
240.0,145.0,101.3,M,Raw,290.0
145.0,70.0,92.5,F,Wraps,175.0
300.0,192.5,158.8,M,Raw,287.5
95.25,52.16,50.89,M,Single-ply,108.86
100.0,157.5,104.1,M,Raw,150.0
290.0,165.0,139.5,M,Wraps,275.0
227.5,155.0,89.81,M,Wraps,272.5
130.0,62.5,91.75,F,Raw,155.0
185.0,142.5,80.9,M,Raw,217.5
222.5,140.0,87.1,M,Raw,265.0
207.5,125.0,89.0,M,Single-ply,190.0
185.0,140.0,80.56,F,Single-ply,187.5
117.5,137.5,93.4,M,Raw,160.0
222.26,131.54,102.51,M,Single-ply,176.9
200.0,190.0,108.2,M,Single-ply,240.0
201.85,147.42,86.45,M,Single-ply,217.72
113.4,70.31,84.91,M,Single-ply,145.15
130.0,77.5,72.7,M,Raw,160.0
202.5,142.5,90.0,M,Single-ply,207.5
262.5,170.0,111.2,M,Raw,275.0
210.0,132.5,95.2,M,Raw,230.0
102.06,72.57,58.97,M,Raw,149.69
260.0,190.0,91.2,M,Raw,250.0
112.5,110.0,95.6,M,Raw,145.0
220.0,122.5,118.2,M,Raw,222.5
170.0,125.0,75.34,M,Wraps,250.0
160.0,105.0,80.1,F,Raw,192.5
172.5,125.0,83.6,M,Raw,200.0
205.0,147.5,73.6,M,Single-ply,232.5
150.0,92.5,85.96,F,Wraps,175.0
136.08,74.84,65.68,M,Single-ply,156.49
127.5,115.0,70.31,M,Raw,152.5
190.0,120.0,100.7,M,Raw,275.0
130.0,200.0,72.75,M,Raw,170.0
185.0,170.0,99.8,M,Raw,210.0
260.0,165.0,113.0,M,Raw,275.0
217.5,145.0,109.8,M,Wraps,230.0
227.5,152.5,90.7,M,Raw,282.5
207.5,147.5,97.25,M,Raw,240.0
90.0,70.0,70.9,F,Single-ply,130.0
204.12,115.67,107.59,M,Raw,215.46
280.0,190.0,99.2,M,Raw,327.5
156.49,92.99,55.79,M,Single-ply,163.29
408.23,351.53,124.74,M,Multi-ply,283.5
175.0,75.0,71.1,F,Single-ply,170.0
127.5,92.5,87.54,M,Wraps,172.5
165.0,107.5,94.0,M,Single-ply,197.5
183.7,115.67,89.09,M,Raw,226.8
183.7,156.49,93.71,M,Wraps,244.94
113.4,95.25,99.43,M,Wraps,142.88
160.0,95.0,73.6,M,Raw,215.0
60.0,95.0,94.98,M,Raw,145.0
374.21,303.91,99.63,M,Multi-ply,281.23
180.0,117.5,87.45,M,Raw,180.0
260.0,185.0,175.0,M,Raw,240.0
185.0,120.0,79.9,M,Raw,205.0
127.5,72.5,72.8,M,Raw,167.5
147.42,90.72,59.87,M,Single-ply,156.49
188.24,142.88,66.59,F,Multi-ply,213.19
267.62,154.22,104.87,M,Single-ply,233.6
145.0,85.0,62.4,F,Raw,152.5
220.0,195.0,117.0,M,Single-ply,215.0
133.81,74.84,68.49,M,Single-ply,131.54
102.5,110.0,109.59,M,Raw,150.0
187.5,132.5,88.2,M,Raw,222.5
158.76,88.45,58.88,M,Single-ply,167.83
265.0,142.5,88.5,M,Multi-ply,222.5
180.0,127.5,81.1,M,Raw,212.5
112.5,52.5,95.12,F,Wraps,130.0
145.0,70.0,81.5,M,Raw,160.0
120.0,80.0,86.3,M,Raw,135.0
165.56,104.33,89.36,M,Single-ply,183.7
135.0,82.5,98.8,M,Raw,147.5
215.46,113.4,123.38,M,Single-ply,201.85
145.0,117.5,81.2,M,Raw,215.0
185.0,145.0,81.2,M,Raw,217.5
235.0,157.5,82.3,M,Single-ply,255.0
145.15,83.91,60.24,F,Wraps,151.95
70.0,52.5,60.9,F,Raw,107.5
217.5,127.5,107.95,M,Wraps,227.5
170.0,140.0,82.6,M,Raw,200.0
92.5,47.5,59.6,F,Raw,102.5
127.01,68.04,54.61,M,Single-ply,127.01
80.0,57.5,47.4,F,Single-ply,100.0
122.5,55.0,55.7,F,Single-ply,120.0
102.06,102.06,67.45,M,Wraps,147.42
158.76,81.65,72.12,M,Single-ply,165.56
317.51,226.8,95.25,M,Multi-ply,263.08
136.1,43.1,69.4,F,Single-ply,131.5
140.0,107.5,74.5,M,Raw,205.0
247.5,150.0,81.4,M,Single-ply,235.0
190.0,92.5,71.6,M,Raw,195.0
102.5,70.0,83.9,F,Single-ply,125.0
154.22,127.01,66.04,M,Single-ply,176.9
180.0,115.0,87.0,M,Single-ply,180.0
242.67,147.42,94.76,M,Single-ply,229.06
242.5,162.5,105.8,M,Raw,250.0
182.5,130.0,104.33,M,Raw,200.0
142.5,90.0,93.9,F,Single-ply,125.0
105.0,100.0,79.6,M,Raw,162.5
282.5,165.0,102.3,M,Raw,320.0
102.06,61.23,57.52,M,Single-ply,113.4
254.01,179.17,81.37,M,Wraps,215.46
199.58,120.2,103.87,M,Single-ply,206.38
180.0,140.0,70.8,M,Single-ply,180.0
229.06,142.88,103.42,M,Single-ply,219.99
110.0,55.0,67.3,F,Raw,125.0
110.0,65.0,70.0,F,Raw,120.0
249.48,124.74,128.73,M,Single-ply,190.51
252.5,155.0,93.0,M,Raw,265.0
162.5,117.5,71.5,M,Raw,207.5
215.0,120.0,74.39,M,Single-ply,222.5
162.5,95.0,67.0,M,Single-ply,180.0
249.48,151.95,95.25,M,Single-ply,204.12
97.5,50.0,84.9,F,Raw,115.0
213.19,102.06,86.09,F,Wraps,197.31
165.0,107.5,77.54,M,Raw,200.0
201.85,115.67,72.57,M,Wraps,199.58
185.0,112.5,89.9,M,Wraps,212.5
222.5,147.5,112.2,M,Wraps,252.5
140.0,80.0,56.09,M,Raw,170.0
90.0,80.0,64.1,M,Single-ply,135.0
150.0,97.5,79.2,M,Raw,170.0
183.7,170.1,92.17,M,Wraps,238.14
199.58,163.29,96.62,M,Wraps,208.65
147.42,77.11,89.36,M,Single-ply,190.51
74.8,49.9,62.3,F,Raw,115.7
197.31,129.27,96.71,M,Raw,219.99
82.5,60.0,56.3,F,Raw,115.0
160.0,70.0,82.38,F,Raw,155.0
185.0,155.0,81.2,M,Raw,230.0
180.0,155.0,69.5,M,Single-ply,200.0
188.24,122.47,85.28,M,Single-ply,197.31
177.5,105.0,73.9,M,Raw,227.5
205.0,162.5,108.41,M,Single-ply,237.5
120.2,61.23,107.68,F,Wraps,131.54
215.0,140.0,71.4,M,Raw,240.0
245.0,180.0,142.96,M,Raw,242.5
192.78,97.52,89.18,M,Raw,199.58
158.76,92.99,63.05,M,Single-ply,142.88
217.72,124.74,116.66,M,Single-ply,204.12
75.0,40.0,59.8,F,Raw,100.0
150.0,115.0,88.0,M,Raw,190.0
97.52,61.23,51.71,M,Single-ply,102.06
181.44,108.86,64.41,M,Wraps,179.17
142.5,97.5,59.87,M,Raw,170.0
265.0,205.0,106.7,M,Single-ply,260.0
131.54,81.65,59.53,M,Single-ply,158.76
105.0,47.5,50.2,F,Raw,137.5
225.0,155.0,101.4,M,Raw,245.0
204.12,83.91,80.29,M,Single-ply,142.88
97.52,56.7,47.67,M,Single-ply,102.06
197.31,95.25,80.74,M,Single-ply,240.4
255.0,147.5,167.0,M,Raw,227.5
307.5,172.5,104.28,M,Raw,302.5
207.5,80.0,71.45,M,Single-ply,187.5
217.5,152.5,77.6,M,Raw,225.0
161.03,77.11,57.52,M,Single-ply,154.22
200.0,125.0,94.8,M,Raw,225.0
362.87,199.58,107.86,M,Wraps,344.73
275.0,155.0,92.3,M,Raw,305.0
154.22,77.11,63.5,M,Single-ply,149.69
275.0,210.0,90.0,M,Raw,335.0
142.5,75.0,60.1,F,Raw,147.5
240.0,235.0,125.2,M,Single-ply,275.0
227.5,155.0,103.4,M,Raw,242.5
315.0,185.0,82.0,M,Single-ply,312.5
170.1,117.93,85.73,M,Single-ply,170.1
183.7,102.06,66.32,M,Single-ply,192.78
117.5,67.5,88.2,F,Raw,102.5
62.5,40.0,50.8,F,Raw,90.0
87.5,42.5,50.8,F,Raw,90.0
147.5,120.0,87.3,M,Raw,220.0
135.0,50.0,99.5,F,Wraps,145.0
170.1,92.99,98.97,M,Single-ply,172.37
307.5,190.0,124.83,M,Wraps,317.5
275.0,160.0,104.2,M,Raw,265.0
167.83,117.93,118.07,M,Single-ply,190.51
149.69,77.11,65.82,M,Single-ply,158.76
158.76,167.83,119.29,M,Wraps,226.8
90.0,52.5,106.4,F,Raw,110.0
147.42,70.31,66.59,M,Single-ply,154.22
161.03,127.01,88.45,M,Wraps,219.99
224.53,142.88,80.47,M,Single-ply,244.94
217.5,140.0,88.2,M,Raw,210.0
87.5,60.0,54.6,F,Raw,110.0
317.5,185.0,125.0,M,Wraps,295.0
317.51,226.8,124.74,M,Wraps,317.51
125.0,72.5,61.34,F,Raw,132.5
182.5,118.0,74.8,M,Raw,210.0
217.72,154.22,133.08,M,Wraps,267.62
240.0,165.0,108.5,M,Single-ply,210.0
127.01,81.65,50.98,M,Single-ply,133.81
170.0,125.0,125.5,M,Single-ply,210.0
215.0,142.5,113.38,M,Raw,250.0
142.5,102.5,73.55,M,Raw,175.0
85.0,52.5,67.5,F,Single-ply,100.0
226.8,129.27,155.58,M,Single-ply,213.19
225.0,135.0,103.9,M,Raw,265.0
158.76,102.06,88.45,M,Single-ply,158.76
317.51,61.23,124.28,M,Wraps,319.78
250.0,172.5,100.5,M,Wraps,287.5
272.5,200.0,104.5,M,Raw,300.0
172.5,127.5,87.4,M,Raw,200.0
200.0,112.5,78.6,M,Raw,210.0
280.0,210.0,109.4,M,Single-ply,260.0
197.5,115.0,100.2,M,Raw,230.0
210.0,127.5,70.6,M,Raw,217.5
197.5,122.5,81.8,M,Raw,232.5
319.78,192.78,87.91,M,Multi-ply,258.55
229.06,136.08,143.34,M,Single-ply,197.31
190.0,145.0,111.63,M,Wraps,272.5
181.44,113.4,66.72,M,Single-ply,192.78
160.0,107.5,96.2,M,Raw,237.5
172.5,110.0,74.8,M,Raw,220.0
90.72,52.16,51.71,M,Single-ply,113.4
150.0,95.0,98.2,F,Single-ply,150.0
100.0,62.5,74.4,F,Raw,130.0
315.0,190.0,119.9,M,Raw,320.0
161.03,104.33,88.45,M,Single-ply,183.7
140.0,80.0,80.7,M,Single-ply,175.0
340.0,187.5,123.5,M,Single-ply,272.5
185.0,87.5,67.0,F,Multi-ply,165.0
204.12,102.06,101.42,M,Single-ply,210.92
227.5,150.0,82.5,M,Single-ply,230.0
135.0,77.5,66.45,F,Raw,170.0
202.5,117.5,80.4,M,Wraps,250.0
245.0,165.0,92.1,M,Raw,265.0
160.0,120.0,85.5,M,Raw,200.0
110.0,85.0,72.21,M,Wraps,142.5
97.52,74.84,86.64,F,Wraps,136.08
247.5,140.0,72.62,M,Raw,255.0
205.0,130.0,72.07,M,Raw,240.0
160.0,117.5,87.23,M,Wraps,222.5
301.64,176.9,80.56,M,Multi-ply,292.57
132.5,110.0,73.1,M,Raw,185.0
226.8,138.35,127.5,M,Single-ply,192.78
195.0,142.5,82.0,M,Raw,250.0
208.65,120.2,108.41,M,Wraps,254.01
255.0,165.0,88.6,M,Raw,295.0
275.0,202.5,125.6,M,Raw,287.5
132.5,82.5,66.3,M,Raw,165.0
215.46,156.49,88.68,M,Wraps,208.65
149.69,102.06,102.38,M,Single-ply,158.76
210.0,185.0,125.1,M,Single-ply,257.5
120.0,75.0,61.5,F,Raw,127.5
85.0,47.5,50.9,F,Raw,95.0
200.0,145.0,97.25,M,Raw,200.0
220.0,125.0,116.6,M,Raw,255.0
85.0,40.0,52.0,F,Raw,110.0
317.51,204.12,140.52,M,Single-ply,274.42
270.0,185.0,75.0,M,Single-ply,265.0
131.54,65.77,59.42,M,Single-ply,142.88
245.0,120.0,74.5,M,Single-ply,230.0
190.0,122.5,80.1,M,Raw,232.5
120.2,72.57,61.6,M,Single-ply,124.74
145.0,70.0,74.0,F,Raw,160.0
217.5,175.0,153.2,M,Single-ply,250.0
102.06,47.63,71.26,M,Single-ply,133.81
145.0,70.0,73.8,F,Raw,167.5
110.0,70.0,62.35,F,Single-ply,145.0
190.0,135.0,73.35,M,Raw,210.0
112.5,75.0,64.4,M,Raw,145.0
110.0,50.0,82.6,F,Single-ply,130.0
297.1,161.03,98.52,M,Single-ply,249.48
120.2,70.31,50.71,M,Single-ply,120.2
330.0,230.0,107.6,M,Multi-ply,300.0
105.0,55.0,88.7,F,Raw,115.0
112.5,90.0,67.7,M,Raw,170.0
167.83,83.91,55.88,M,Wraps,206.38
145.0,112.5,72.1,M,Raw,167.5
249.48,147.42,75.0,M,Multi-ply,238.14
255.0,150.0,98.2,M,Single-ply,275.0
210.0,150.0,125.0,M,Single-ply,210.0
137.5,105.0,71.0,M,Raw,220.0
244.94,151.95,79.38,M,Single-ply,233.6
226.8,131.54,132.9,M,Single-ply,231.33
127.01,68.04,55.57,M,Single-ply,140.61
247.5,140.0,91.8,M,Raw,235.0
60.0,27.5,56.6,M,Raw,85.0
167.5,130.0,82.8,M,Raw,185.0
204.12,111.13,81.56,M,Single-ply,172.37
185.0,125.0,80.9,M,Wraps,210.0
215.46,129.27,108.32,M,Single-ply,258.55
136.08,70.31,51.62,M,Single-ply,161.03
249.48,145.15,104.78,M,Single-ply,244.94
87.5,45.0,51.1,F,Raw,117.5
208.65,133.81,102.51,M,Single-ply,217.72
250.0,152.5,105.0,M,Raw,250.0
85.0,77.5,67.0,F,Single-ply,132.5
140.0,125.0,109.0,M,Wraps,140.0
85.0,42.5,58.7,F,Raw,120.0
80.0,50.0,52.0,F,Raw,93.0
175.0,77.5,61.9,M,Raw,205.0
183.7,129.27,128.82,M,Single-ply,183.7
305.0,192.5,100.0,M,Single-ply,345.0
157.5,100.0,88.45,M,Raw,175.0
199.58,113.4,97.79,M,Single-ply,195.04
187.5,127.5,72.8,M,Raw,227.5
50.0,35.0,48.0,F,Single-ply,80.0
265.0,190.0,113.6,M,Raw,310.0
145.0,100.0,78.7,M,Single-ply,142.5
145.0,100.0,88.1,M,Raw,155.0
127.01,95.25,99.79,F,Wraps,149.69
165.56,83.91,81.65,M,Single-ply,163.29
117.93,81.65,97.16,M,Single-ply,151.95
285.0,245.0,137.58,M,Single-ply,230.0
167.5,120.0,109.0,M,Raw,212.5
135.0,77.5,76.9,F,Single-ply,140.0
199.58,117.93,97.34,M,Wraps,222.26
170.0,125.0,67.5,M,Single-ply,205.0
140.0,77.5,70.6,F,Raw,155.0
180.0,110.0,81.0,M,Raw,215.0
199.58,120.2,147.96,M,Single-ply,188.24
152.5,95.0,82.1,M,Raw,190.0
149.69,90.72,71.76,M,Single-ply,167.83
170.1,140.61,83.55,M,Wraps,195.04
225.0,145.0,91.9,M,Raw,247.5
161.03,108.86,89.54,M,Single-ply,158.76
165.56,86.18,87.54,M,Single-ply,181.44
172.5,107.5,81.6,M,Raw,187.5
250.0,212.5,106.4,M,Wraps,250.0
290.0,165.0,160.1,M,Wraps,272.5
151.95,108.86,86.36,M,Single-ply,179.17
110.0,80.0,71.6,F,Single-ply,140.0
227.5,140.0,109.0,M,Raw,265.0
142.88,81.65,97.52,F,Single-ply,154.22
142.88,149.69,98.52,M,Wraps,195.04
190.51,102.06,74.12,M,Single-ply,192.78
225.0,150.0,122.4,M,Wraps,260.0
257.5,170.0,70.11,M,Single-ply,242.5
42.5,30.0,37.3,F,Raw,62.5
138.35,86.18,66.22,M,Single-ply,158.76
179.17,117.93,80.83,M,Single-ply,183.7
163.29,102.06,80.92,M,Single-ply,167.83
210.0,110.0,68.7,M,Raw,235.0
120.0,65.0,46.66,F,Raw,142.5
130.0,80.0,66.54,M,Wraps,195.0
185.97,124.74,102.06,M,Wraps,208.65
332.5,205.0,74.2,M,Multi-ply,280.0
142.88,90.72,60.42,M,Single-ply,149.69
225.0,175.0,118.5,M,Raw,280.0
206.38,154.22,98.52,M,Wraps,224.53
156.49,83.91,74.3,M,Single-ply,156.49
170.0,125.0,82.9,M,Raw,190.0
145.15,90.72,68.04,M,Single-ply,174.63
152.5,120.0,77.9,M,Single-ply,202.5
192.5,157.5,52.47,M,Single-ply,197.5
180.0,140.0,121.7,M,Raw,230.0
260.0,205.0,106.0,M,Raw,297.5
158.76,113.4,74.39,M,Wraps,199.58
170.0,115.0,74.1,M,Single-ply,170.0
157.5,87.5,73.2,M,Raw,185.0
95.0,115.0,102.1,M,Raw,125.0
158.76,99.79,81.47,M,Raw,181.44
220.0,115.0,103.9,M,Raw,210.0
105.0,65.0,82.4,F,Raw,117.5
60.0,37.5,52.0,F,Raw,77.5
220.0,167.5,99.6,M,Single-ply,220.0
240.0,162.5,82.5,M,Single-ply,240.0
92.5,57.5,55.6,F,Raw,110.0
105.0,52.5,102.15,F,Raw,137.5
165.0,130.0,80.74,M,Raw,182.5
195.04,158.76,89.27,M,Wraps,217.72
77.11,52.16,50.08,M,Single-ply,102.06
105.0,55.0,51.0,F,Raw,140.0
272.5,182.5,83.0,M,Single-ply,257.5
200.0,155.0,80.8,M,Single-ply,202.5
195.04,120.2,105.05,M,Wraps,242.67
222.5,130.0,102.8,M,Raw,260.0
230.0,125.0,108.4,M,Raw,230.0
272.5,165.0,74.5,M,Raw,285.0
155.0,115.0,76.7,M,Raw,195.0
113.4,93.0,51.7,M,Single-ply,124.7
142.88,124.74,73.03,M,Raw,174.63
145.0,155.0,77.8,M,Raw,265.0
260.0,150.0,95.95,M,Raw,270.0
249.5,142.9,158.8,M,Raw,226.8
15.9,22.7,68.6,F,Raw,52.2
175.0,105.0,89.3,M,Raw,200.0
205.0,140.0,98.02,M,Wraps,245.0
140.0,100.0,77.7,M,Raw,220.0
102.06,49.9,54.16,F,Wraps,131.54
149.69,95.25,91.63,M,Single-ply,158.76
87.5,82.5,82.1,M,Raw,115.0
175.0,120.0,66.7,M,Wraps,205.0
154.22,90.72,78.2,M,Single-ply,158.76
129.3,61.2,47.04,F,Single-ply,122.5
315.0,200.0,119.85,M,Raw,320.0
90.72,58.97,66.22,F,Raw,97.52
180.0,107.5,79.83,M,Raw,207.5
244.94,176.9,120.02,M,Single-ply,258.55
162.5,115.0,73.6,M,Single-ply,175.0
250.0,160.0,96.65,M,Wraps,250.0
105.0,100.0,64.15,M,Raw,150.0
197.5,127.5,103.38,M,Raw,237.5
230.0,142.5,89.9,M,Single-ply,240.0
136.08,68.04,69.13,M,Single-ply,142.88
305.0,195.0,144.9,M,Single-ply,320.0
92.5,60.0,56.4,F,Raw,150.0
179.17,88.45,92.99,M,Single-ply,172.37
70.0,40.0,52.4,F,Single-ply,102.5
161.03,90.72,72.57,M,Single-ply,154.22
155.0,97.5,80.3,M,Raw,202.5
55.0,40.0,62.8,F,Raw,102.5
222.5,150.0,88.5,M,Raw,240.0
142.5,82.5,82.0,F,Single-ply,137.5
150.0,95.0,73.6,M,Raw,200.0
217.5,147.5,103.9,M,Raw,270.0
137.5,92.5,80.0,M,Raw,170.0
252.5,170.0,92.75,M,Raw,292.5
200.0,120.0,87.7,M,Raw,220.0
226.8,117.93,97.34,M,Single-ply,204.12
210.92,120.2,105.51,M,Single-ply,204.12
120.2,83.91,65.32,F,Wraps,161.03
210.0,112.5,88.8,M,Raw,262.5
265.35,158.76,85.73,M,Single-ply,244.94
181.44,108.86,72.3,M,Raw,206.38
175.0,102.5,56.91,F,Single-ply,170.0
95.25,49.9,61.05,M,Single-ply,99.79
82.5,45.0,58.97,F,Raw,97.5
155.0,125.0,85.6,M,Raw,195.0
192.5,140.0,80.8,M,Single-ply,190.0
212.5,150.0,81.5,M,Raw,260.0
256.28,147.42,96.62,M,Single-ply,222.26
158.76,97.52,72.85,M,Single-ply,188.24
130.0,70.0,59.78,M,Wraps,120.0
110.0,62.5,82.7,F,Wraps,155.0
195.0,142.5,111.35,M,Single-ply,205.0
120.0,52.5,75.75,F,Raw,140.0
225.0,175.0,80.7,M,Single-ply,210.0
192.5,125.0,138.8,M,Wraps,237.5
174.63,117.93,89.72,M,Wraps,174.63
274.42,185.97,80.29,M,Wraps,292.57
62.5,45.0,69.1,F,Raw,97.5
299.37,170.1,137.44,M,Single-ply,265.35
157.5,115.0,72.57,F,Single-ply,142.5
294.84,151.95,97.16,M,Single-ply,288.03
85.0,52.5,61.0,F,Raw,90.0
115.0,62.5,85.7,F,Raw,137.5
387.5,235.0,169.73,M,Wraps,320.0
190.0,110.0,82.0,F,Single-ply,170.0
100.5,62.5,62.7,F,Raw,145.0
108.86,58.97,55.88,M,Single-ply,113.4
135.0,77.5,60.0,F,Wraps,165.0
85.0,55.0,81.87,F,Wraps,120.0
205.0,130.0,96.39,M,Raw,227.5
172.5,115.0,81.7,M,Raw,212.5
210.92,131.54,90.63,M,Single-ply,199.58
230.0,135.0,111.4,M,Single-ply,235.0
125.0,57.5,69.1,F,Raw,152.5
220.0,155.0,82.8,M,Raw,242.5
267.5,145.0,131.9,F,Raw,235.0
227.5,162.5,99.6,M,Raw,242.5
180.0,105.0,73.3,M,Raw,222.5
182.5,92.5,82.5,M,Single-ply,200.0
192.5,102.5,62.8,M,Raw,205.0
77.5,45.0,50.05,F,Raw,110.0
232.5,165.0,89.3,M,Raw,227.5
97.52,70.31,117.84,M,Single-ply,136.08
75.0,35.0,54.8,F,Raw,97.5
205.0,115.0,80.8,M,Wraps,215.0
152.5,97.5,66.63,M,Wraps,180.0
182.5,120.0,131.8,F,Raw,227.5
205.0,127.5,81.6,M,Raw,247.5
137.5,72.5,55.6,F,Single-ply,147.5
217.5,140.0,82.5,M,Single-ply,242.5
197.5,132.5,89.1,M,Raw,227.5
210.0,112.5,73.6,M,Single-ply,190.0
181.44,102.06,86.45,F,Wraps,206.38
135.0,90.0,72.05,M,Raw,180.0
140.0,85.0,80.69,M,Wraps,165.0
195.04,122.47,73.94,M,Wraps,210.92
240.4,197.31,97.7,M,Multi-ply,192.78
257.5,157.5,98.5,M,Wraps,290.0
230.0,120.0,70.8,M,Wraps,222.5
290.0,160.0,125.1,M,Single-ply,310.0
177.5,115.0,90.85,M,Raw,235.0
137.5,105.0,129.3,M,Raw,165.0
156.49,113.4,97.43,M,Raw,226.8
280.0,235.0,109.5,M,Raw,265.0
197.5,122.5,73.5,M,Raw,240.0
175.0,100.0,82.5,F,Single-ply,197.5
210.92,124.74,73.48,M,Single-ply,215.46
122.5,77.5,59.38,M,Raw,160.0
112.5,70.0,62.1,F,Raw,152.5
294.84,167.83,107.05,M,Wraps,306.17
125.0,70.0,61.3,F,Single-ply,155.0
79.38,56.7,67.5,F,Wraps,90.72
185.0,102.5,101.5,M,Raw,205.0
210.0,155.0,92.2,M,Raw,252.5
151.95,81.65,92.62,M,Wraps,158.76
174.63,92.99,86.82,M,Wraps,242.67
480.81,408.23,116.57,M,Multi-ply,367.41
122.5,55.0,59.1,F,Raw,137.5
215.0,132.5,91.75,M,Raw,227.5
188.24,147.42,131.54,M,Wraps,247.21
165.56,115.67,66.32,M,Wraps,215.46
122.47,70.31,49.17,M,Single-ply,131.54
260.0,172.5,95.2,M,Wraps,250.0
165.56,95.25,73.57,M,Single-ply,172.37
190.0,107.5,107.3,M,Raw,205.0
180.0,130.0,88.2,M,Raw,212.5
272.5,280.0,131.9,M,Raw,272.5
67.5,47.5,79.6,F,Raw,127.5
107.5,50.0,46.1,F,Single-ply,115.0
108.86,61.23,56.34,M,Single-ply,113.4
112.5,67.5,58.6,F,Raw,150.0
190.5,124.7,96.0,M,Raw,192.8
86.18,65.77,59.87,F,Wraps,124.74
213.19,147.42,99.34,M,Single-ply,195.04
200.0,142.5,84.9,M,Single-ply,240.0
105.0,82.5,51.48,F,Raw,135.5
163.29,95.25,73.48,M,Single-ply,176.9
122.5,67.5,59.4,F,Raw,145.0
97.5,67.5,78.2,M,Raw,147.5
110.0,110.0,63.8,M,Raw,127.5
151.95,88.45,93.89,M,Wraps,181.44
136.08,99.79,74.84,M,Single-ply,156.49
158.76,95.25,51.89,M,Single-ply,192.78
270.0,187.5,82.9,M,Raw,320.0
167.83,106.59,79.74,M,Single-ply,172.37
180.0,115.0,77.1,M,Single-ply,200.0
122.5,50.0,92.08,F,Wraps,150.0
120.0,80.0,61.5,F,Raw,135.0
97.5,63.5,71.5,F,Single-ply,108.9
170.0,112.5,80.6,M,Raw,207.5
181.44,95.25,134.44,M,Single-ply,163.29
182.5,110.0,73.25,M,Single-ply,180.0
226.8,124.74,79.56,M,Raw,215.46
183.7,122.5,96.4,M,Raw,226.8
165.56,106.59,64.77,M,Single-ply,185.97
170.1,133.81,81.37,M,Raw,174.63
245.0,182.5,67.3,M,Single-ply,225.0
125.0,65.0,56.64,F,Raw,145.0
136.08,79.38,55.79,F,Wraps,145.15
180.0,122.5,73.7,M,Raw,215.0
237.5,192.5,108.7,M,Single-ply,250.0
250.0,177.5,97.0,M,Raw,255.0
197.5,135.0,87.3,M,Raw,220.0
207.5,192.5,129.6,M,Raw,205.0
205.0,155.0,103.85,M,Raw,275.0
219.99,172.37,107.32,M,Wraps,242.67
226.8,124.74,84.73,M,Single-ply,238.14
158.76,106.59,66.68,M,Wraps,174.63
110.0,60.0,60.0,F,Raw,137.5
95.0,50.0,55.38,F,Wraps,132.5
280.0,180.0,128.7,M,Single-ply,250.0
225.0,120.0,106.3,M,Raw,245.0
100.0,52.5,75.1,F,Raw,100.0
137.5,117.5,85.5,M,Single-ply,195.0
115.0,67.5,69.2,M,Single-ply,147.5
272.5,170.0,109.5,M,Single-ply,265.0
150.0,85.0,106.2,M,Raw,200.0
157.5,77.5,60.8,F,Single-ply,170.0
170.0,102.5,65.85,M,Raw,195.0
417.3,317.51,139.48,M,Multi-ply,308.44
197.31,117.93,142.88,M,Single-ply,188.24
154.22,99.79,79.38,M,Wraps,199.58
247.5,152.5,65.2,M,Raw,277.5
120.0,70.0,79.9,F,Raw,150.0
170.0,110.0,82.1,M,Raw,217.5
202.5,112.5,80.88,M,Raw,207.5
102.5,80.0,64.7,M,Wraps,117.5
110.0,77.5,86.9,M,Single-ply,185.0
97.5,70.0,73.62,M,Wraps,107.5
60.0,192.5,93.0,M,Single-ply,70.0
165.0,82.5,74.6,F,Single-ply,162.5
170.0,92.5,98.9,M,Raw,167.5
127.5,72.5,67.3,F,Raw,160.0
242.5,200.0,99.0,M,Single-ply,260.0
230.0,132.5,86.8,M,Wraps,245.0
124.74,86.18,78.83,M,Single-ply,147.42
125.0,80.0,82.19,F,Raw,157.5
90.0,55.0,50.1,F,Raw,125.0
165.0,100.0,69.0,M,Raw,185.0
155.0,100.0,82.33,F,Raw,170.0
122.5,67.5,59.1,F,Raw,130.0
115.0,70.0,67.7,M,Single-ply,140.0
255.0,152.5,103.31,M,Single-ply,280.0
45.0,70.0,100.0,M,Single-ply,130.0
122.47,61.23,51.26,M,Single-ply,127.01
467.5,182.5,226.8,M,Multi-ply,292.5
185.0,112.5,81.6,M,Raw,210.0
242.67,183.7,89.18,M,Single-ply,251.74
80.0,40.0,61.1,F,Raw,85.0
249.48,138.35,120.2,M,Wraps,206.84
208.65,138.35,98.97,M,Raw,260.82
210.0,160.0,136.6,M,Wraps,240.0
275.0,187.5,108.9,M,Raw,317.5
83.9,59.0,47.0,F,Raw,99.8
192.78,136.08,121.83,M,Raw,238.14
145.0,145.0,95.0,M,Wraps,190.0
182.5,117.5,73.95,M,Raw,200.0
120.0,82.5,61.9,F,Raw,167.5
50.0,125.0,67.1,M,Single-ply,100.0
155.0,125.0,102.33,M,Raw,235.0
150.0,100.0,73.6,M,Wraps,190.0
185.0,185.0,132.55,M,Single-ply,200.0
162.5,135.0,90.0,M,Raw,220.0
212.5,140.0,82.96,M,Raw,240.0
227.5,155.0,82.37,M,Raw,260.0
137.5,105.0,70.94,M,Raw,160.0
204.12,154.22,81.65,F,Multi-ply,192.78
80.0,57.5,56.05,F,Raw,125.0
152.5,95.0,64.31,M,Raw,185.0
127.01,79.38,75.25,M,Single-ply,122.47
137.5,70.0,82.5,F,Raw,167.5
294.84,185.97,122.79,M,Single-ply,238.14
170.0,90.0,75.07,M,Single-ply,182.5
102.5,50.0,46.25,F,Raw,107.5
250.0,160.0,87.3,M,Raw,280.0
92.5,50.0,62.5,F,Raw,125.0
205.0,155.0,120.2,M,Single-ply,272.5
90.0,47.5,59.3,F,Raw,140.0
344.73,272.16,,M,Single-ply,306.17
325.0,220.0,108.8,M,Wraps,300.0
112.5,62.5,73.2,F,Raw,117.5
100.0,57.5,65.1,F,Raw,145.0
112.5,65.0,62.1,F,Single-ply,142.5
190.51,154.22,64.5,F,Multi-ply,165.56
112.5,67.5,56.8,F,Raw,137.5
100.0,45.0,70.8,F,Raw,107.5
145.0,107.5,54.1,M,Raw,155.0
99.79,63.5,53.98,M,Single-ply,120.2
220.0,117.5,114.7,M,Raw,255.0
82.5,77.5,52.5,M,Raw,90.0
172.5,110.0,80.0,M,Single-ply,210.0
265.35,138.35,89.63,M,Wraps,247.21
97.5,50.0,62.4,F,Raw,125.0
205.0,150.0,102.7,M,Wraps,295.0
140.0,105.0,72.9,M,Raw,160.0
192.78,102.06,83.28,M,Single-ply,185.97
187.5,110.0,101.47,M,Raw,227.5
220.0,135.0,92.2,M,Raw,270.0
227.5,150.0,102.5,M,Raw,262.5
240.4,108.86,82.1,M,Single-ply,229.06
257.5,180.0,99.43,M,Wraps,295.0
200.0,117.5,115.6,M,Raw,225.0
117.93,79.38,50.26,M,Single-ply,136.08
95.0,47.5,56.6,F,Raw,117.5
180.0,157.5,97.6,M,Wraps,205.0
201.85,108.86,98.43,M,Wraps,226.8
226.8,113.4,120.29,M,Single-ply,192.78
269.89,124.74,108.86,M,Single-ply,224.53
460.4,292.57,117.57,M,Multi-ply,301.64
154.22,83.91,89.81,M,Single-ply,149.69
220.0,185.0,98.2,M,Raw,250.0
181.44,129.27,78.11,M,Single-ply,188.24
137.5,60.0,67.22,F,Wraps,157.5
245.0,152.5,90.15,M,Raw,277.5
207.5,142.5,87.8,M,Raw,245.0
225.0,165.0,106.2,M,Wraps,255.0
136.08,106.59,114.35,M,Single-ply,156.49
122.5,70.0,46.88,F,Single-ply,117.5
85.0,60.0,64.9,F,Raw,140.0
155.0,107.5,81.47,M,Single-ply,212.5
95.0,50.0,69.4,F,Single-ply,100.0
202.5,112.5,90.5,M,Raw,265.0
107.5,57.5,62.4,F,Raw,142.5
163.29,102.06,66.86,M,Single-ply,188.24
358.34,204.12,139.25,M,Wraps,367.41
182.5,105.0,87.4,M,Wraps,212.5
185.0,140.0,81.2,M,Raw,212.5
147.5,107.5,70.7,M,Raw,182.5
212.5,155.5,93.12,M,Raw,245.0
190.0,117.5,91.6,M,Single-ply,207.5
82.5,57.5,65.04,F,Raw,102.5
110.0,65.0,55.11,F,Wraps,137.5
195.0,130.0,96.6,M,Raw,242.5
110.0,57.5,88.0,F,Raw,127.5
190.0,50.0,107.0,M,Raw,180.0
205.0,122.5,91.8,M,Raw,250.0
170.0,107.5,78.3,M,Raw,215.0
161.03,104.33,80.2,M,Single-ply,181.44
137.5,135.5,73.05,M,Single-ply,150.0
160.0,87.5,75.0,M,Single-ply,200.0
197.31,124.74,94.26,M,Single-ply,197.31
107.5,52.5,58.3,F,Raw,127.5
183.7,117.93,81.56,M,Single-ply,195.04
204.12,115.67,112.13,M,Single-ply,206.38
136.08,106.59,65.41,M,Wraps,190.51
145.0,85.0,80.8,M,Raw,182.5
212.5,150.0,82.1,M,Raw,255.0
145.0,110.0,63.4,M,Raw,175.0
210.92,117.93,80.92,M,Single-ply,213.19
240.0,130.0,109.5,M,Single-ply,200.0
155.0,127.5,121.0,M,Raw,210.0
115.0,50.0,81.85,F,Raw,117.5
127.5,127.5,50.7,M,Raw,105.0
245.0,137.5,96.6,M,Single-ply,232.5
117.5,62.5,78.5,F,Raw,145.0
111.13,63.5,97.16,F,Raw,124.74
155.0,122.5,80.7,M,Raw,192.5
380.0,297.5,123.15,M,Single-ply,330.0
140.0,82.5,67.4,F,Wraps,167.5
213.19,127.01,87.09,M,Single-ply,215.46
95.0,50.0,91.7,F,Raw,105.0
204.12,145.15,120.52,M,Single-ply,174.63
235.87,156.49,136.98,M,Single-ply,204.12
207.5,155.0,88.8,M,Raw,220.0
112.5,120.0,97.61,M,Raw,182.5
172.37,120.2,67.13,M,Single-ply,199.58
132.5,92.5,57.1,M,Raw,142.5
165.56,106.59,87.54,M,Single-ply,161.03
105.0,62.5,69.9,F,Wraps,130.0
122.5,65.0,42.65,F,Single-ply,127.5
93.0,65.8,59.9,M,Raw,147.4
192.78,115.67,84.37,M,Single-ply,233.6
199.58,136.08,130.82,M,Single-ply,204.12
192.5,105.0,95.6,M,Single-ply,195.0
125.0,65.0,63.7,F,Raw,150.0
190.0,125.0,86.18,M,Wraps,230.0
202.5,130.0,88.2,M,Raw,215.0
135.0,90.0,84.65,M,Raw,140.0
222.5,135.0,91.75,M,Raw,242.5
167.5,120.0,72.2,M,Single-ply,170.0
290.0,205.0,131.5,M,Single-ply,262.5
233.6,122.47,104.33,M,Single-ply,208.65
224.53,140.61,87.54,M,Single-ply,235.87
80.0,40.0,46.5,F,Raw,85.0
182.5,120.0,81.7,M,Raw,210.0
137.5,87.5,56.0,M,Single-ply,162.5
136.08,88.45,63.96,M,Single-ply,165.56
95.0,52.5,52.0,F,Raw,135.0
47.5,37.5,61.1,F,Raw,90.0
204.12,120.2,96.21,M,Single-ply,174.63
145.15,79.38,72.57,M,Single-ply,154.22
215.0,110.0,158.7,M,Raw,230.0
205.0,190.0,113.58,M,Raw,257.5
210.92,102.06,58.92,M,Single-ply,195.04
165.56,113.4,81.01,M,Single-ply,183.7
200.0,170.0,142.6,M,Raw,75.0
260.82,154.22,135.71,M,Single-ply,226.8
213.19,145.15,78.61,M,Wraps,226.8
162.5,100.0,102.1,M,Raw,205.0
285.0,205.0,87.82,M,Single-ply,237.5
120.0,85.0,58.47,F,Raw,147.5
117.5,77.5,89.96,M,Raw,162.5
174.63,88.45,101.88,M,Single-ply,156.49
124.74,88.45,74.75,M,Wraps,174.63
115.67,68.04,68.58,M,Single-ply,136.08
174.63,97.52,74.84,M,Single-ply,170.1
180.0,127.5,74.9,M,Wraps,200.0
172.37,129.27,75.57,M,Single-ply,156.49
299.37,176.9,89.63,M,Multi-ply,272.16
157.5,122.5,65.2,M,Raw,202.5
142.88,54.43,83.64,M,Single-ply,156.49
135.0,82.5,66.2,M,Raw,180.0
72.5,40.0,65.4,F,Raw,102.5
206.38,136.08,102.51,M,Wraps,231.33
182.5,82.5,91.4,M,Raw,200.0
57.5,32.5,48.7,F,Raw,77.5
136.08,70.31,62.05,M,Single-ply,142.88
252.5,162.5,95.4,M,Raw,327.5
185.0,152.5,72.6,M,Raw,235.0
165.0,112.5,89.27,M,Raw,202.5
175.0,117.5,97.5,M,Raw,205.0
125.0,55.0,70.7,F,Raw,137.5
142.5,87.5,59.87,M,Wraps,157.5
187.5,112.5,61.18,F,Single-ply,182.5
227.5,130.0,90.0,M,Single-ply,217.5
290.3,174.63,99.06,M,Wraps,306.17
254.01,117.93,88.36,M,Wraps,249.48
104.33,68.04,58.97,M,Single-ply,115.67
135.0,75.0,77.8,M,Raw,142.5
117.93,92.99,67.13,M,Single-ply,145.15
140.0,75.0,75.0,F,Single-ply,150.0
145.15,88.45,94.17,M,Single-ply,113.4
197.31,136.08,105.41,M,Wraps,199.58
205.0,137.5,122.4,M,Wraps,240.0
182.5,152.5,102.7,M,Raw,230.0
227.5,127.5,89.95,M,Raw,272.5
335.0,215.0,81.52,M,Single-ply,275.0
325.0,172.5,147.84,M,Raw,285.0
72.5,45.0,57.8,F,Raw,127.5
230.0,150.0,87.0,M,Raw,252.5
160.0,82.5,98.8,F,Single-ply,125.0
200.0,152.5,109.3,M,Raw,240.0
160.0,105.0,81.5,M,Wraps,190.0
145.0,67.5,75.0,F,Wraps,170.0
320.0,297.5,99.9,M,Single-ply,295.0
190.51,138.35,77.97,M,Single-ply,204.12
190.0,120.0,73.15,M,Single-ply,190.0
250.0,150.0,108.4,M,Single-ply,250.0
130.0,105.0,89.3,M,Raw,207.5
110.0,60.0,48.0,F,Raw,132.5
100.0,55.0,74.6,F,Raw,142.5
136.08,83.91,75.0,F,Wraps,174.63
250.0,145.0,82.4,M,Single-ply,255.0
421.84,319.78,82.5,M,Multi-ply,283.5
167.5,110.0,112.49,M,Raw,185.0
195.0,122.5,90.5,M,Raw,245.0
205.0,125.0,130.7,M,Raw,227.5
226.8,104.33,148.1,M,Single-ply,183.7
217.72,124.74,79.74,M,Single-ply,199.58
172.37,113.4,73.53,M,Single-ply,190.51
147.5,67.5,113.5,F,Raw,180.0
302.5,217.5,109.7,M,Raw,310.0
207.5,130.0,72.91,M,Raw,252.5
410.0,280.0,127.45,M,Single-ply,360.0
97.52,63.5,66.04,F,Raw,127.01
272.2,161.0,176.9,M,Raw,226.8
217.5,140.0,88.26,M,Raw,260.0
295.0,187.5,121.4,M,Raw,312.5
197.5,155.0,89.55,M,Raw,217.5
152.5,102.5,90.0,M,Raw,215.0
120.2,95.25,78.97,M,Single-ply,140.61
177.5,127.5,81.1,M,Raw,230.0
165.0,125.0,119.6,M,Raw,222.5
132.5,62.5,51.5,M,Single-ply,152.5
158.76,83.91,67.09,M,Single-ply,149.69
65.0,60.0,72.4,M,Raw,117.5
105.0,65.0,66.72,F,Wraps,142.5
183.7,124.74,112.94,M,Single-ply,181.44
185.97,92.99,81.92,M,Raw,224.53
117.5,62.5,64.6,F,Raw,132.5
145.0,90.0,67.9,M,Single-ply,180.0
75.0,45.0,49.65,F,Raw,112.5
90.0,52.5,62.2,F,Raw,120.0
142.5,105.0,74.0,M,Raw,202.5
180.0,195.0,74.5,M,Single-ply,185.0
204.12,142.88,79.56,M,Single-ply,192.78
165.0,110.0,110.8,F,Single-ply,155.0
255.0,195.0,99.2,M,Raw,320.0
205.0,165.0,105.2,M,Raw,215.0
142.88,86.18,83.64,M,Single-ply,156.49
99.79,56.7,68.13,F,Wraps,133.81
222.5,130.0,79.8,M,Raw,242.5
185.0,130.0,82.0,M,Raw,207.5
170.0,97.5,74.57,M,Raw,222.5
125.0,75.0,81.1,F,Raw,127.5
149.69,97.52,59.78,M,Single-ply,142.88
340.0,235.0,134.5,M,Wraps,360.0
272.5,185.0,129.25,M,Raw,302.5
245.0,155.0,82.2,M,Raw,255.0
70.0,42.5,47.9,F,Raw,95.0
215.0,120.0,82.3,M,Single-ply,240.0
192.5,152.5,99.8,M,Raw,215.0
215.0,170.0,116.8,M,Raw,255.0
110.0,70.0,59.0,F,Raw,145.0
205.0,105.0,96.6,M,Single-ply,200.0
135.0,117.5,70.5,M,Raw,162.5
182.5,115.0,76.11,M,Wraps,187.5
97.5,65.0,60.9,F,Raw,100.0
212.5,150.0,115.67,M,Wraps,232.5
50.0,40.0,45.0,F,Raw,95.0
157.5,97.5,79.1,F,Raw,170.0
242.5,165.0,80.5,M,Raw,245.0
290.0,160.0,122.92,M,Wraps,302.5
212.5,115.0,80.7,M,Wraps,230.0
237.5,157.5,97.0,M,Raw,265.0
95.0,75.0,67.5,F,Single-ply,127.5
181.44,86.18,59.51,M,Single-ply,185.97
113.0,55.0,66.8,F,Raw,152.5
172.5,100.0,72.6,M,Wraps,190.0
127.01,63.5,55.47,M,Single-ply,131.54
120.2,65.77,77.93,F,Wraps,145.15
180.0,130.0,82.4,M,Raw,200.0
125.0,75.0,56.0,M,Single-ply,140.0
232.5,142.5,88.43,M,Raw,237.5
312.5,212.5,92.6,M,Single-ply,265.0
213.19,115.67,94.8,M,Single-ply,158.76
65.0,42.5,51.3,F,Raw,100.0
207.5,102.5,67.4,M,Raw,220.0
365.14,131.54,89.45,M,Multi-ply,294.84
244.94,151.95,117.5,M,Wraps,260.82
82.5,45.0,48.8,F,Single-ply,115.0
230.0,147.5,93.0,M,Raw,277.5
195.0,142.5,87.54,M,Raw,247.5
245.0,170.0,74.6,M,Single-ply,240.0
185.0,120.0,93.76,M,Wraps,200.0
75.0,47.5,69.4,F,Raw,102.5
95.0,52.5,53.4,F,Raw,135.0
220.0,130.0,99.8,M,Wraps,217.5
290.0,180.0,65.11,M,Single-ply,260.0
95.0,67.5,63.14,F,Raw,120.0
95.0,62.5,55.0,F,Raw,107.5
249.48,136.08,126.19,M,Single-ply,226.8
181.44,111.13,70.49,M,Wraps,240.4
163.29,111.13,88.99,M,Raw,231.33
175.0,105.0,89.35,F,Wraps,180.0
167.83,106.59,71.85,M,Wraps,210.92
206.38,131.54,89.45,M,Raw,217.72
107.5,47.5,65.6,F,Raw,125.0
127.01,70.31,56.61,M,Single-ply,127.01
180.0,130.0,98.4,M,Wraps,200.0
115.0,85.0,65.4,F,Raw,140.0
107.5,60.0,54.0,F,Wraps,115.0
130.0,67.5,65.3,F,Raw,140.0
195.0,130.0,80.54,M,Raw,235.0
342.5,212.5,98.07,M,Multi-ply,255.0
238.14,124.74,181.44,M,Single-ply,226.8
70.0,32.5,46.0,F,Raw,107.5
105.0,45.0,86.72,F,Raw,140.0
190.0,132.5,96.9,M,Raw,215.0
220.0,150.0,67.5,M,Single-ply,235.0
260.0,125.0,119.05,M,Raw,260.0
230.0,160.0,95.8,M,Wraps,240.0
125.0,82.5,91.0,F,Raw,150.0
226.8,124.74,85.82,M,Single-ply,229.06
319.78,174.63,90.0,M,Multi-ply,238.14
217.5,155.0,103.8,M,Wraps,220.0
255.0,215.0,90.0,M,Single-ply,335.0
177.5,112.5,74.66,M,Raw,227.5
172.37,117.93,72.67,M,Single-ply,188.24
167.5,117.5,73.84,M,Raw,215.0
80.0,45.0,55.95,F,Raw,115.0
157.5,160.0,74.75,M,Raw,182.5
97.5,52.5,70.1,F,Raw,100.0
155.0,85.0,104.3,F,Wraps,150.0
150.0,160.0,90.0,M,Single-ply,180.0
210.0,120.0,90.0,M,Single-ply,250.0
77.5,37.5,61.8,F,Raw,92.5
371.95,229.06,132.45,M,Single-ply,272.16
145.15,81.65,66.95,M,Single-ply,167.83
197.31,154.22,97.7,M,Raw,249.48
100.0,62.5,73.03,F,Raw,125.0
190.0,135.0,80.3,M,Raw,222.5
240.0,140.0,89.7,M,Single-ply,257.5
319.78,222.26,124.92,M,Wraps,294.84
190.0,115.0,65.6,M,Single-ply,185.0
258.55,172.37,88.27,M,Wraps,258.55
170.0,80.0,79.1,M,Single-ply,197.5
175.0,110.0,91.8,M,Raw,215.0
111.13,92.99,82.5,M,Single-ply,199.58
320.0,215.0,162.84,M,Multi-ply,295.0
212.5,122.5,102.15,M,Wraps,235.0
229.06,129.27,96.25,M,Single-ply,188.24
85.0,42.5,45.75,F,Single-ply,117.5
272.16,206.38,81.56,M,Multi-ply,235.87
175.0,130.0,85.9,M,Raw,200.0
177.5,95.0,82.0,M,Raw,232.5
60.0,42.5,44.4,F,Raw,90.0
170.0,80.0,75.2,M,Single-ply,190.0
130.0,65.0,62.7,F,Raw,147.5
335.0,210.0,89.8,M,Single-ply,250.0
183.7,108.86,65.32,M,Single-ply,183.7
200.0,152.5,108.41,M,Raw,255.0
227.5,110.0,105.5,M,Raw,215.0
167.5,102.5,81.0,M,Raw,192.5
133.81,88.45,60.01,M,Single-ply,158.76
50.0,42.5,77.3,F,Raw,90.0
137.5,65.0,70.78,F,Raw,165.0
175.0,75.0,80.7,F,Wraps,190.0
330.0,243.0,100.5,M,Single-ply,327.5
127.01,49.9,53.25,F,Multi-ply,113.4
145.2,52.2,66.3,F,Single-ply,161.0
130.0,67.5,134.0,F,Raw,162.5
130.0,77.5,73.7,F,Raw,167.5
136.08,90.72,67.4,M,Single-ply,124.74
115.0,50.0,56.0,F,Wraps,125.0
170.0,107.5,74.5,M,Single-ply,205.0
113.4,68.04,58.6,F,Raw,158.76
220.0,130.0,94.9,M,Single-ply,260.0
120.0,77.5,68.75,F,Raw,165.0
200.0,182.5,75.0,M,Single-ply,227.5
183.7,102.06,60.46,M,Single-ply,174.63
170.0,102.5,104.78,M,Wraps,190.0
276.69,217.72,98.16,M,Wraps,272.16
220.0,190.0,80.0,M,Single-ply,230.0
112.5,57.5,70.44,F,Wraps,137.5
249.48,158.76,81.47,M,Wraps,244.94
172.37,92.99,70.49,M,Single-ply,197.31
210.92,124.74,85.73,M,Wraps,238.14
287.5,172.5,88.2,M,Multi-ply,245.0
242.5,155.0,113.1,M,Raw,305.0
129.27,74.84,61.42,M,Single-ply,174.63
170.0,145.0,91.3,M,Raw,210.0
247.21,145.15,91.63,M,Single-ply,222.26
172.37,102.06,107.14,M,Single-ply,170.1
170.1,90.72,87.54,M,Single-ply,188.24
262.5,172.5,101.2,M,Raw,290.0
115.0,52.5,62.4,F,Raw,110.0
105.0,62.5,69.5,F,Raw,137.5
270.0,162.5,119.0,M,Single-ply,255.0
102.06,58.97,67.04,M,Single-ply,117.93
165.0,100.0,102.15,M,Single-ply,150.0
190.0,150.0,100.0,M,Single-ply,230.0
170.1,81.65,123.56,F,Raw,136.08
183.7,104.33,67.04,M,Single-ply,197.31
137.5,227.5,153.5,M,Multi-ply,200.0
272.5,212.5,99.1,M,Single-ply,257.5
192.5,112.5,88.09,M,Raw,200.0
174.6,108.9,74.8,M,Raw,210.9
165.0,122.5,63.7,M,Raw,215.0
325.0,197.5,109.2,M,Wraps,350.0
117.5,40.0,46.5,F,Single-ply,102.5
80.0,45.0,54.2,F,Raw,102.5
215.0,127.5,93.9,M,Raw,237.5
283.5,165.56,108.41,M,Single-ply,238.14
100.0,62.5,63.0,F,Raw,141.5
97.52,58.97,65.95,M,Single-ply,102.06
120.0,110.0,87.4,M,Raw,190.0
181.44,111.13,132.99,M,Single-ply,192.78
115.0,77.5,63.7,M,Raw,172.5
107.5,55.0,51.1,F,Single-ply,102.5
285.0,240.0,107.0,M,Single-ply,300.0
213.19,147.42,98.79,M,Raw,254.01
155.0,112.5,72.2,M,Raw,187.5
125.0,65.0,70.0,F,Raw,125.0
297.5,205.0,109.8,M,Raw,310.0
197.5,172.5,106.14,M,Raw,245.0
160.0,90.0,86.4,F,Single-ply,160.0
163.29,97.52,82.05,M,Single-ply,158.76
158.76,92.99,68.04,M,Single-ply,145.15
187.5,115.0,97.95,M,Raw,192.5
222.5,145.0,82.1,M,Raw,255.0
112.5,87.5,54.93,F,Single-ply,147.5
70.31,56.7,51.03,M,Wraps,99.79
185.0,135.0,88.9,M,Wraps,205.0
90.72,52.16,51.71,M,Single-ply,104.33
500.0,220.0,162.84,M,Wraps,340.0
81.65,43.09,55.79,F,Raw,117.93
247.5,180.0,118.5,M,Single-ply,310.0
158.76,131.54,80.38,M,Raw,190.51
75.0,40.0,61.0,F,Raw,100.0
175.0,150.0,70.9,M,Raw,235.0
136.08,88.45,75.3,M,Single-ply,147.42
195.0,115.0,72.8,M,Single-ply,195.0
131.54,102.06,74.66,M,Raw,183.7
160.0,122.5,74.75,M,Raw,170.0
182.5,127.5,73.7,M,Raw,232.5
125.0,77.5,95.9,M,Raw,170.0
130.0,80.0,66.54,M,Wraps,195.0
185.0,105.5,58.7,M,Raw,205.0
160.0,90.0,56.9,M,Single-ply,190.0
102.06,68.04,61.69,M,Single-ply,127.01
220.0,127.5,99.61,M,Wraps,235.0
156.49,90.72,96.25,M,Single-ply,181.44
113.4,56.7,80.74,F,Raw,136.08
235.0,172.5,103.3,M,Raw,275.0
111.13,70.31,61.6,M,Single-ply,117.93
137.5,60.0,109.77,M,Single-ply,102.5
188.2,165.6,93.0,M,Raw,220.0
170.0,117.5,80.3,M,Raw,217.5
115.0,60.0,60.28,F,Raw,132.5
170.1,97.52,72.12,M,Single-ply,158.76
206.38,120.2,136.98,M,Single-ply,197.31
81.65,47.63,57.7,F,Raw,108.86
129.27,97.52,91.44,M,Single-ply,129.27
187.5,122.5,81.6,M,Raw,222.5
100.0,45.0,84.0,F,Raw,115.0
122.47,77.11,104.6,M,Single-ply,113.4
137.5,60.0,81.7,F,Wraps,130.0
117.5,96.0,61.13,F,Raw,137.5
265.0,180.0,79.1,M,Single-ply,255.0
127.3,77.3,64.8,M,Single-ply,140.9
245.0,150.0,98.5,M,Wraps,287.5
165.56,149.69,89.72,M,Raw,231.33
250.0,147.5,97.7,M,Wraps,260.0
150.0,92.5,65.45,M,Raw,187.5
108.86,72.57,56.61,M,Single-ply,111.13
132.5,70.0,56.0,M,Single-ply,155.0
290.0,170.0,114.7,M,Single-ply,280.0
232.5,170.0,81.2,M,Single-ply,215.0
122.5,75.0,61.5,F,Raw,142.5
180.0,170.0,100.8,M,Single-ply,200.0
235.0,162.5,102.8,M,Raw,265.0
162.5,127.5,115.67,M,Raw,150.0
82.5,67.5,55.0,M,Raw,130.0
120.0,80.0,66.0,M,Raw,190.0
102.5,70.0,70.0,F,Raw,125.0
113.4,68.04,106.05,M,Wraps,138.35
97.5,52.5,70.1,F,Raw,137.5
110.0,62.5,67.22,F,Raw,130.0
247.5,152.5,88.2,M,Raw,265.0
70.0,52.5,90.8,F,Raw,137.5
140.0,85.0,61.8,M,Raw,187.5
210.0,155.0,107.8,M,Raw,235.0
176.9,97.52,84.5,M,Single-ply,185.97
286.0,165.0,114.1,M,Raw,315.0
217.5,135.0,108.1,M,Raw,260.0
77.5,45.0,67.9,F,Raw,100.0
217.72,124.74,131.81,M,Single-ply,219.99
190.0,75.0,133.0,M,Raw,215.0
157.5,90.0,102.0,F,Raw,162.5
130.0,95.0,62.45,F,Raw,145.0
175.0,120.0,89.81,M,Raw,225.0
210.0,150.0,89.86,M,Wraps,245.0
167.83,90.72,98.25,M,Single-ply,156.49
190.0,142.5,81.5,M,Raw,260.0
200.0,125.0,72.9,M,Single-ply,215.0
125.0,80.0,67.13,F,Single-ply,125.0
165.0,110.0,90.2,F,Single-ply,170.0
117.93,65.77,50.71,M,Single-ply,122.47
277.5,160.0,88.95,M,Wraps,265.5
167.83,111.13,100.0,M,Wraps,195.04
115.0,65.0,72.0,F,Raw,167.5
165.56,79.38,58.88,M,Single-ply,208.65
187.5,110.0,98.4,M,Wraps,212.5
120.2,102.06,69.04,M,Single-ply,154.22
65.0,40.0,63.0,F,Raw,100.0
130.0,105.0,58.76,M,Raw,150.0
292.5,235.0,92.4,M,Single-ply,290.0
170.0,122.5,90.6,M,Raw,205.0
212.5,122.5,81.6,M,Raw,205.0
235.0,160.0,97.5,M,Raw,247.5
125.0,80.0,68.8,F,Raw,145.0
92.5,50.0,67.3,M,Raw,107.5
226.8,136.08,108.05,M,Wraps,258.55
111.13,83.91,90.0,M,Raw,145.15
217.5,110.0,75.9,M,Single-ply,215.0
255.0,165.0,82.5,M,Raw,280.0
104.33,54.43,51.07,F,Raw,127.01
220.0,147.5,97.4,M,Wraps,227.5
257.5,192.5,97.89,M,Raw,310.0
80.0,37.0,50.7,F,Raw,115.0
160.0,103.0,71.85,F,Raw,170.0
224.53,133.81,108.77,M,Wraps,224.53
235.87,124.74,132.54,M,Single-ply,195.04
275.0,230.0,136.89,M,Wraps,270.0
150.0,107.5,102.9,M,Raw,197.5
303.91,188.24,89.27,M,Multi-ply,276.69
192.5,172.5,109.32,M,Wraps,272.5
113.4,77.11,94.35,M,Single-ply,136.08
95.0,45.0,56.4,F,Raw,115.0
142.88,79.38,74.75,M,Single-ply,165.56
192.5,140.0,100.1,M,Raw,227.5
97.5,47.5,72.0,F,Single-ply,132.5
232.5,160.0,74.3,M,Wraps,250.0
212.5,122.5,72.4,M,Single-ply,207.5
255.0,172.5,118.8,M,Raw,290.0
245.0,215.0,89.54,M,Single-ply,222.5
285.76,149.69,96.52,M,Single-ply,240.4
154.22,86.18,85.73,M,Single-ply,165.56
162.5,97.5,66.0,M,Raw,195.0
125.0,127.5,88.8,M,Single-ply,225.0
110.0,60.0,56.5,F,Single-ply,120.0
175.0,92.5,80.1,M,Raw,22.5
215.46,124.74,74.12,M,Wraps,224.53
282.5,160.0,98.2,M,Single-ply,285.0
80.0,45.0,61.7,F,Raw,125.0
167.83,99.79,74.39,M,Single-ply,195.04
97.5,55.0,55.6,F,Raw,115.0
108.86,68.04,53.16,M,Single-ply,136.08
190.51,124.74,73.21,M,Single-ply,201.85
80.0,40.0,60.0,F,Single-ply,115.0
135.0,92.5,98.74,F,Raw,152.5
190.51,124.74,79.15,M,Wraps,224.53
362.87,258.55,100.97,M,Multi-ply,244.94
225.0,177.5,117.6,M,Raw,252.5
145.0,117.5,75.4,M,Raw,192.5
95.25,54.43,47.63,M,Single-ply,99.79
162.5,102.5,92.7,M,Raw,165.0
167.5,110.0,67.1,M,Raw,207.5
199.58,120.2,124.74,M,Single-ply,195.04
97.5,60.0,78.47,F,Raw,107.5
210.0,140.0,88.7,M,Raw,227.5
145.0,87.5,79.0,F,Single-ply,160.0
190.5,140.6,92.8,M,Raw,229.1
113.4,61.23,80.92,M,Single-ply,129.27
170.1,127.01,88.09,M,Wraps,215.46
80.0,40.0,80.8,F,Wraps,110.0
74.84,56.7,88.81,F,Raw,108.86
110.0,72.5,59.4,M,Raw,160.0
294.84,156.49,124.65,M,Single-ply,267.62
122.5,92.5,78.24,M,Raw,185.0
138.35,65.77,73.89,F,Wraps,165.56
249.48,167.83,88.45,M,Wraps,249.48
105.0,117.5,82.44,M,Single-ply,160.0
262.5,130.0,125.0,M,Single-ply,205.0
129.27,61.23,63.05,M,Single-ply,161.03
300.0,210.0,161.0,M,Raw,320.0
122.5,72.5,60.0,F,Single-ply,127.5
185.0,155.0,104.9,M,Raw,225.0
167.5,90.0,67.5,F,Single-ply,160.0
310.0,182.5,109.0,M,Single-ply,320.0
112.5,50.0,79.8,F,Raw,140.0
276.69,163.29,108.36,M,Wraps,68.04
210.0,160.0,81.8,M,Single-ply,230.0
181.44,92.99,88.54,M,Single-ply,172.37
207.5,160.0,91.2,M,Raw,220.0
117.5,60.0,68.2,F,Raw,150.0
210.0,160.0,104.2,M,Raw,245.0
130.0,67.5,71.35,F,Raw,170.0
177.5,97.5,74.98,M,Raw,217.5
245.0,147.5,74.9,M,Wraps,245.0
107.5,50.0,77.97,F,Single-ply,127.5
255.0,157.5,134.7,M,Single-ply,290.0
149.69,95.25,84.82,M,Single-ply,158.76
215.0,125.0,128.2,M,Wraps,260.0
210.0,145.0,101.2,M,Raw,225.0
220.0,165.0,82.0,M,Single-ply,230.0
140.0,80.0,56.9,F,Single-ply,140.0
167.5,125.0,82.5,M,Raw,235.0
192.5,142.5,90.3,M,Raw,242.5
255.0,167.5,105.0,M,Raw,257.5
70.0,50.0,56.2,F,Raw,120.0
242.5,157.5,104.5,M,Raw,275.0
185.97,97.52,100.02,M,Single-ply,190.51
205.0,127.5,78.8,M,Wraps,215.0
195.04,104.33,103.87,M,Single-ply,176.9
107.5,47.5,74.0,F,Raw,110.0
150.0,70.0,94.8,F,Wraps,157.5
102.5,57.5,80.7,F,Raw,127.5
155.0,102.5,73.2,M,Raw,182.5
108.86,88.45,76.2,M,Single-ply,149.69
58.97,45.36,50.98,M,Single-ply,52.16
90.0,65.0,66.15,M,Wraps,160.0
165.56,117.93,73.94,M,Single-ply,167.83
102.5,60.0,51.2,F,Raw,132.5
97.52,54.43,73.12,M,Wraps,97.52
195.04,97.52,134.17,M,Single-ply,219.99
242.5,145.0,102.2,M,Raw,280.0
192.5,100.0,76.8,M,Raw,207.5
160.0,132.5,81.0,M,Raw,197.5
135.0,57.5,83.0,F,Wraps,162.5
260.0,172.5,90.0,M,Single-ply,327.5
208.7,120.2,100.79,M,Single-ply,226.8
175.0,185.5,131.1,M,Raw,200.0
117.5,77.5,72.76,M,Wraps,147.5
180.0,100.0,65.95,M,Raw,222.5
85.0,45.0,67.3,F,Raw,110.0
232.5,147.5,105.8,M,Wraps,260.0
124.74,74.84,73.3,F,Raw,147.42
180.0,110.0,91.8,M,Raw,212.5
175.0,90.0,69.95,F,Single-ply,155.0
244.94,174.63,116.75,M,Wraps,249.48
142.5,80.0,95.6,M,Single-ply,182.5
62.5,42.5,55.6,F,Wraps,102.5
106.6,102.1,89.0,M,Raw,206.4
222.26,120.2,86.82,M,Single-ply,213.19
282.5,220.0,111.5,M,Single-ply,227.5
320.0,102.5,89.81,M,Multi-ply,247.5
131.54,83.91,77.93,M,Single-ply,154.22
175.0,100.0,68.1,M,Raw,190.0
217.5,147.5,91.9,M,Raw,250.0
92.5,52.5,70.95,F,Raw,140.5
174.63,132.5,96.89,M,Wraps,212.5
147.42,92.99,62.78,M,Single-ply,172.37
107.5,60.0,85.4,F,Raw,137.5
133.81,72.57,65.77,M,Single-ply,161.03
167.5,115.0,88.6,M,Raw,207.5
180.0,130.0,65.8,M,Raw,232.5
185.0,142.5,88.8,M,Raw,265.0
185.0,137.5,74.6,M,Wraps,232.5
95.0,52.5,50.7,F,Raw,115.0
190.51,136.08,74.03,M,Raw,217.72
183.7,120.2,59.87,M,Single-ply,170.1
199.58,108.86,127.37,M,Single-ply,181.44
115.0,57.5,61.2,F,Raw,152.5
215.0,140.5,65.9,M,Single-ply,215.5
155.0,102.5,67.5,F,Single-ply,155.0
163.29,77.11,83.64,M,Single-ply,156.49
161.03,90.72,85.28,M,Single-ply,185.97
90.0,50.0,57.2,F,Raw,120.0
349.27,199.58,148.23,M,Wraps,349.27
210.0,145.0,90.0,M,Single-ply,220.0
195.0,125.0,90.9,M,Raw,212.5
180.0,120.0,74.15,M,Raw,200.0
185.0,92.5,73.8,M,Wraps,200.0
117.93,54.43,66.5,F,Wraps,127.01
183.7,99.79,74.3,M,Single-ply,181.44
107.5,62.5,61.2,F,Raw,120.0
272.5,145.0,74.93,M,Wraps,250.0
92.5,62.5,71.9,F,Raw,137.5
157.5,170.0,87.4,M,Single-ply,150.0
85.0,37.5,73.1,F,Raw,95.0
226.8,136.08,80.34,M,Single-ply,213.19
160.0,112.5,73.03,F,Single-ply,195.0
172.37,127.01,79.47,M,Wraps,190.51
140.61,83.91,87.63,M,Single-ply,154.22
90.0,75.0,97.53,F,Raw,135.0
272.5,187.5,117.48,M,Raw,317.5
158.76,90.72,78.83,M,Single-ply,204.12
182.5,130.0,89.6,M,Raw,220.0
142.88,102.06,90.99,M,Single-ply,170.1
230.0,162.5,95.4,M,Raw,280.0
245.0,147.5,82.19,M,Raw,250.0
190.0,97.5,66.3,M,Single-ply,207.5
185.97,138.35,103.96,M,Wraps,233.6
272.5,195.0,138.75,M,Wraps,265.0
240.0,175.0,88.7,M,Raw,267.5
157.5,87.5,71.6,F,Raw,182.5
170.0,115.0,72.8,M,Raw,230.0
133.81,88.45,57.97,M,Single-ply,140.61
129.27,79.38,76.75,F,Wraps,124.74
167.5,105.0,103.8,M,Raw,200.0
174.63,138.35,87.72,M,Wraps,235.87
125.0,62.5,67.5,F,Single-ply,137.5
362.87,254.01,104.49,M,Multi-ply,276.69
115.0,60.0,63.7,F,Raw,145.0
277.5,187.5,124.5,M,Wraps,262.5
200.0,135.0,54.5,M,Single-ply,210.0
232.5,155.0,110.8,M,Raw,287.5
265.35,172.37,106.5,M,Wraps,306.17
202.5,160.0,79.6,F,Single-ply,177.5
195.0,147.5,73.5,M,Raw,230.0
110.0,55.0,65.8,M,Raw,140.0
92.5,55.0,74.4,F,Single-ply,115.0
135.0,95.0,71.65,M,Raw,190.0
170.0,102.5,66.5,M,Raw,202.5
240.0,155.0,102.9,M,Single-ply,280.0
95.0,52.5,87.5,F,Raw,117.5
218.0,165.0,132.0,M,Raw,335.0
215.0,180.0,121.7,M,Single-ply,240.0
317.5,210.0,90.0,M,Multi-ply,272.5
260.0,157.5,100.1,M,Raw,300.0
145.0,77.5,70.7,F,Raw,160.0
112.5,60.0,61.3,F,Raw,117.5
145.0,97.5,59.4,M,Raw,152.5
117.93,58.97,86.09,M,Single-ply,111.13
165.56,124.74,88.0,M,Raw,206.38
145.0,90.0,83.8,F,Raw,187.5
158.76,99.79,66.95,M,Raw,192.78
276.69,158.76,118.84,F,Multi-ply,199.58
127.5,97.5,65.7,M,Raw,175.0
175.0,130.0,70.0,M,Raw,200.0
172.5,112.5,73.9,M,Raw,197.5
175.0,125.0,90.2,M,Raw,230.0
181.44,77.11,76.5,F,Wraps,181.44
185.0,130.0,81.5,M,Single-ply,200.0
127.01,81.65,106.78,M,Single-ply,145.15
200.0,130.0,91.6,M,Raw,222.5
287.5,150.0,82.5,F,Multi-ply,217.5
152.5,110.0,98.16,M,Wraps,182.5
200.0,150.0,90.0,M,Single-ply,185.0
178.0,105.0,79.9,M,Raw,185.0
260.82,154.22,129.64,M,Single-ply,226.8
97.52,58.97,51.71,M,Single-ply,113.4
100.0,52.5,55.8,F,Raw,147.5
187.5,130.0,83.46,M,Raw,277.5
127.01,68.04,76.02,M,Single-ply,138.35
290.0,190.0,144.76,M,Raw,370.5
65.0,40.0,57.8,F,Raw,95.0
125.0,80.0,69.8,M,Single-ply,140.0
97.5,60.0,70.0,F,Raw,147.5
120.2,70.31,76.52,M,Single-ply,136.08
277.51,147.51,89.63,M,Wraps,305.0
127.5,92.5,58.5,M,Raw,177.5
300.0,210.0,116.4,M,Single-ply,300.0
225.0,165.0,67.5,M,Single-ply,250.0
172.5,117.5,73.2,M,Raw,217.5
137.5,100.0,56.63,F,Raw,170.0
137.5,80.0,71.65,F,Raw,190.0
115.67,79.38,79.11,M,Single-ply,129.27
188.24,104.33,87.09,M,Single-ply,188.24
205.0,147.5,90.0,M,Single-ply,255.0
90.0,50.0,54.8,F,Raw,115.0
258.55,142.88,66.86,M,Multi-ply,265.35
90.0,62.5,45.95,F,Raw,115.0
242.5,145.0,82.0,M,Wraps,275.0
104.33,81.65,90.26,M,Single-ply,147.42
219.99,149.69,98.09,M,Wraps,258.55
111.13,61.23,59.96,F,Wraps,127.01
110.0,60.0,66.0,F,Wraps,120.0
207.5,125.0,80.42,M,Raw,237.5
120.0,45.0,50.7,F,Raw,132.5
172.5,160.0,101.2,M,Single-ply,182.5
85.0,52.5,51.4,F,Raw,110.0
170.0,140.0,118.5,M,Raw,205.0
295.0,227.5,89.5,M,Single-ply,290.0
115.0,60.0,59.15,F,Raw,142.5
210.0,125.0,66.1,M,Wraps,195.0
172.5,82.5,68.6,F,Single-ply,187.5
185.0,147.5,90.4,M,Raw,282.5
290.0,182.5,114.08,M,Single-ply,287.5
110.0,70.0,79.78,F,Raw,122.5
142.5,102.5,65.3,M,Raw,200.0
107.5,55.0,91.7,F,Raw,137.5
190.0,165.0,90.0,M,Single-ply,215.0
140.61,70.31,78.83,M,Single-ply,122.47
185.0,115.0,92.3,M,Raw,220.0
185.0,90.0,66.0,F,Wraps,175.0
160.0,105.0,82.8,M,Raw,205.0
95.3,38.6,43.6,F,Single-ply,83.9
344.73,226.8,89.31,M,Multi-ply,265.35
300.0,195.0,104.35,M,Single-ply,260.0
237.5,155.0,89.4,M,Raw,262.5
172.37,131.54,58.97,M,Single-ply,174.63
181.44,83.91,95.71,M,Single-ply,158.76
210.0,130.0,88.9,M,Raw,250.0
181.44,136.08,88.54,M,Single-ply,181.44
212.5,117.5,86.8,M,Raw,237.5
170.0,85.0,71.4,M,Raw,215.0
80.0,62.5,59.8,F,Single-ply,115.0
117.93,52.16,55.34,M,Single-ply,117.93
183.7,124.74,90.67,M,Single-ply,208.65
227.5,145.0,82.1,M,Raw,240.0
290.0,180.0,85.4,M,Single-ply,275.0
320.0,170.0,,M,Single-ply,265.0
97.5,42.5,86.3,F,Raw,127.5
197.31,95.25,100.7,M,Single-ply,185.97
190.0,140.0,117.5,M,Raw,205.0
197.5,127.5,72.5,M,Raw,257.5
320.0,241.0,102.65,M,Single-ply,322.5
197.5,127.5,101.6,M,Raw,232.5
200.0,120.0,74.9,M,Raw,220.0
138.35,68.04,51.71,M,Single-ply,129.27
227.5,150.0,89.4,M,Wraps,260.0
302.5,227.5,109.5,M,Raw,335.0
215.46,213.19,96.43,M,Raw,258.55
105.0,70.0,69.5,M,Single-ply,127.5
227.5,160.0,99.6,M,Raw,227.5
102.5,60.0,71.4,F,Raw,135.0
227.5,140.0,86.7,M,Single-ply,255.0
90.0,40.0,47.1,F,Single-ply,92.5
210.92,154.22,82.19,M,Single-ply,208.65
147.5,95.0,65.0,M,Raw,180.0
245.0,140.0,93.6,M,Single-ply,240.0
185.0,110.0,81.2,M,Raw,210.0
192.78,102.06,99.79,M,Single-ply,174.63
75.0,52.5,67.31,F,Wraps,82.5
349.27,274.42,98.79,M,Multi-ply,306.17
140.61,79.38,74.39,M,Single-ply,151.95
204.12,113.4,107.59,M,Single-ply,188.24
92.99,54.43,56.97,M,Single-ply,104.33
247.5,137.5,81.68,M,Raw,267.5
240.4,145.15,99.43,M,Single-ply,219.99
222.5,125.0,156.2,M,Raw,185.0
220.0,120.0,96.2,M,Raw,230.0
142.88,86.18,132.18,M,Single-ply,183.7
245.0,185.0,99.61,M,Wraps,287.5
227.5,155.0,82.12,M,Raw,240.0
102.06,90.72,117.93,M,Single-ply,154.22
113.4,68.04,64.86,M,Single-ply,127.01
115.0,55.0,68.2,F,Raw,132.5
182.5,120.0,81.8,M,Raw,220.0
255.0,150.0,77.46,F,Single-ply,240.0
92.5,45.0,54.0,F,Raw,127.5
215.0,147.5,106.19,M,Wraps,227.5
170.0,110.0,75.4,M,Single-ply,160.0
102.5,57.5,61.7,F,Raw,110.0
112.5,50.0,80.4,F,Raw,127.5
130.0,60.0,71.35,F,Raw,150.0
140.61,88.45,68.4,M,Single-ply,174.63
82.5,62.5,75.2,F,Raw,115.0
162.5,135.0,116.85,M,Raw,195.0
70.0,65.0,62.5,M,Single-ply,105.0
115.0,57.5,64.8,F,Raw,145.0
92.5,50.0,52.0,F,Single-ply,92.5
195.0,122.5,108.86,M,Wraps,260.0
140.0,105.0,112.8,M,Raw,220.0
230.0,127.5,99.7,M,Raw,235.0
147.5,102.5,97.9,M,Raw,210.0
204.12,117.93,82.1,M,Single-ply,201.85
228.0,132.5,96.66,M,Raw,257.5
162.5,120.0,63.2,M,Raw,195.0
47.5,35.0,54.43,F,Raw,97.5
202.5,162.5,129.77,M,Wraps,190.0
163.29,83.91,72.76,M,Single-ply,165.56
129.27,65.77,60.96,M,Single-ply,145.15
162.5,105.0,90.49,M,Multi-ply,150.0
179.17,106.59,66.59,M,Single-ply,165.56
260.0,195.0,81.5,M,Single-ply,270.0
80.0,60.0,60.8,F,Raw,97.5
235.0,165.0,92.0,M,Raw,257.5
247.5,150.0,99.0,M,Raw,252.5
120.0,77.5,69.6,F,Raw,140.0
97.5,52.5,71.85,F,Wraps,110.0
165.56,122.47,89.54,M,Wraps,201.85
170.0,120.0,85.2,M,Single-ply,180.0
226.8,120.2,110.4,M,Single-ply,217.72
136.08,61.23,96.62,M,Single-ply,158.76
257.5,157.5,118.39,M,Wraps,237.5
187.5,142.5,83.0,M,Raw,212.5
163.29,68.04,72.94,M,Single-ply,149.69
175.0,87.5,59.3,M,Single-ply,187.5
130.0,62.5,80.3,F,Raw,135.0
80.0,47.5,47.63,F,Raw,115.0
200.0,135.0,65.6,M,Raw,270.0
77.5,40.0,59.45,F,Raw,107.5
192.5,127.5,66.1,M,Raw,250.0
220.0,155.0,120.3,M,Raw,260.0
150.0,117.5,96.3,M,Raw,210.0
255.0,145.0,58.2,M,Single-ply,222.5
257.5,177.5,100.5,M,Raw,247.5
160.0,102.5,65.7,M,Raw,187.5
142.88,74.84,111.08,M,Single-ply,183.7
165.56,111.13,70.13,M,Single-ply,183.7
195.0,130.0,74.6,M,Raw,230.0
167.83,97.52,98.34,M,Single-ply,167.83
135.0,80.0,70.2,F,Single-ply,132.5
190.51,133.81,74.39,M,Wraps,208.65
135.0,110.0,89.4,M,Wraps,170.0
133.81,70.31,81.56,F,Raw,163.29
132.5,90.0,56.41,F,Single-ply,130.0
190.0,117.5,66.0,M,Raw,225.0
230.0,185.0,90.6,M,Single-ply,255.0
172.5,127.5,89.54,M,Raw,240.0
182.5,125.0,97.43,M,Raw,202.5
240.0,160.0,91.6,M,Single-ply,240.0
225.0,180.0,114.3,M,Raw,245.0
205.0,157.5,139.6,M,Single-ply,280.0
97.5,65.0,77.3,F,Raw,145.0
130.0,95.0,82.2,M,Raw,175.0
100.0,62.5,60.16,F,Raw,132.5
147.42,131.54,99.34,M,Single-ply,167.83
113.4,61.23,51.35,M,Single-ply,127.01
408.23,226.8,99.43,M,Multi-ply,303.91
90.0,47.5,55.1,F,Raw,120.0
240.0,145.0,138.4,M,Wraps,265.0
227.5,150.0,81.47,M,Single-ply,215.0
102.06,54.43,51.07,M,Single-ply,131.54
88.5,65.8,71.2,F,Raw,147.4
163.29,111.13,72.94,M,Single-ply,151.95
82.5,55.0,51.0,F,Raw,137.5
242.5,215.0,118.1,M,Wraps,247.5
151.95,83.91,73.48,M,Single-ply,124.74
255.0,165.0,98.7,M,Single-ply,255.0
202.5,127.5,58.56,M,Single-ply,200.0
245.0,167.5,116.4,M,Raw,250.0
70.0,25.0,47.9,F,Single-ply,92.5
220.0,125.0,58.7,M,Single-ply,215.0
127.01,72.57,50.53,M,Single-ply,156.49
132.5,90.0,83.25,M,Raw,170.0
99.79,58.97,69.22,F,Wraps,149.69
265.0,175.0,98.7,M,Single-ply,255.0
127.01,72.57,81.19,M,Single-ply,142.88
319.78,210.92,123.83,M,Wraps,331.12
190.0,147.5,98.0,M,Raw,257.5
190.0,115.0,81.8,M,Raw,250.0
204.12,115.67,108.95,M,Raw,240.4
167.5,95.0,55.56,F,Raw,187.5
142.88,90.72,100.7,M,Single-ply,165.56
107.5,65.0,62.3,F,Raw,162.5
176.9,115.67,84.91,M,Single-ply,206.38
205.0,150.0,73.75,M,Single-ply,225.0
157.5,97.5,94.89,M,Single-ply,187.5
190.0,150.0,104.3,M,Raw,240.0
125.0,62.5,93.12,F,Wraps,160.0
205.0,125.0,100.0,M,Raw,240.0
183.7,111.1,88.1,M,Raw,224.5
167.5,80.0,88.05,F,Wraps,180.0
45.36,40.82,59.42,F,Raw,90.72
192.78,124.74,96.52,M,Wraps,265.35
210.92,138.35,67.49,M,Wraps,224.53
167.5,85.0,83.0,F,Raw,165.0
205.0,130.0,81.05,M,Single-ply,205.0
145.0,85.0,74.48,M,Raw,155.0
300.0,192.5,82.3,M,Wraps,300.0
210.0,145.0,109.15,M,Raw,220.0
337.93,222.26,87.91,M,Wraps,292.57
120.0,75.5,60.0,F,Single-ply,125.0
180.0,90.0,84.72,F,Single-ply,160.0
242.5,135.0,80.9,M,Single-ply,220.0
180.0,115.0,74.62,M,Raw,205.0
111.13,74.84,77.75,M,Single-ply,88.45
238.14,138.35,111.59,M,Wraps,247.21
240.4,161.03,89.45,M,Wraps,267.62
82.5,70.0,78.018,F,Raw,117.5
92.5,60.0,57.5,F,Raw,120.0
283.5,176.9,106.59,M,Single-ply,247.21
233.6,179.17,139.43,M,Single-ply,195.04
183.7,115.67,82.05,M,Single-ply,170.1
175.0,117.5,74.0,M,Raw,205.0
177.5,140.0,80.56,M,Raw,245.0
175.0,105.0,74.2,M,Raw,225.0
99.79,47.63,64.41,F,Raw,117.93
192.5,115.0,86.73,M,Raw,227.5
182.5,127.5,80.8,M,Raw,205.0
292.57,158.76,129.0,M,Single-ply,229.06
183.7,129.27,108.41,M,Wraps,226.8
260.82,154.22,80.65,M,Single-ply,242.67
142.88,74.84,57.15,M,Single-ply,154.22
120.0,85.0,70.2,M,Raw,145.0
70.0,72.5,50.9,F,Raw,127.5
100.0,57.5,63.7,F,Raw,127.5
220.0,130.0,90.7,M,Wraps,265.0
249.48,158.76,122.74,M,Single-ply,226.8
145.0,85.0,66.4,F,Wraps,172.5
82.5,42.5,64.3,F,Raw,120.0
247.21,129.27,119.98,M,Single-ply,226.8
210.0,130.0,77.85,M,Raw,232.5
127.5,67.5,64.0,F,Raw,135.0
190.51,99.79,102.74,M,Single-ply,165.56
127.5,65.0,59.3,F,Raw,160.0
215.0,155.0,148.9,M,Raw,177.5
124.74,72.57,59.87,M,Single-ply,138.35
115.0,82.5,67.0,F,Wraps,155.0
90.0,37.5,40.0,F,Raw,130.0
133.81,88.45,80.29,M,Single-ply,129.27
136.1,59.0,64.7,F,Single-ply,129.3
145.0,120.0,80.2,M,Raw,167.5
192.5,127.5,80.8,M,Raw,245.0
204.12,127.01,105.23,M,Wraps,258.55
95.25,95.25,102.24,M,Raw,190.51
235.0,152.5,122.9,M,Raw,280.0
137.5,82.5,76.0,M,Single-ply,162.5
167.5,92.5,74.39,M,Wraps,167.5
215.46,113.4,121.93,M,Single-ply,206.38
238.14,167.83,140.0,M,Wraps,263.08
142.5,85.0,101.6,F,Raw,185.0
152.5,100.0,71.4,M,Single-ply,185.0
165.0,122.5,89.45,M,Raw,197.5
215.0,140.0,83.0,M,Raw,265.0
97.5,55.0,62.4,F,Wraps,107.5
197.5,177.5,96.6,M,Wraps,242.5
235.0,182.5,88.5,M,Single-ply,287.5
165.02,137.48,63.32,M,Wraps,204.98
80.0,55.0,56.0,M,Single-ply,105.0
272.16,174.63,100.0,M,Wraps,310.71
219.99,136.08,81.19,M,Wraps,226.8
165.56,111.13,88.45,M,Wraps,185.97
102.5,92.5,70.0,M,Single-ply,120.0
190.51,117.93,82.1,M,Single-ply,190.51
55.0,37.5,58.2,F,Raw,85.0
85.0,75.0,72.0,M,Raw,140.0
117.5,60.0,67.9,F,Raw,150.0
100.0,60.0,60.7,F,Raw,112.5
112.5,70.0,68.4,F,Wraps,147.5
230.0,140.0,88.8,M,Single-ply,212.5
197.5,142.5,105.0,M,Raw,210.0
165.56,108.86,72.67,M,Single-ply,170.1
182.5,100.0,79.92,M,Raw,205.0
227.5,175.0,122.58,M,Raw,250.0
105.0,80.0,66.5,F,Single-ply,115.0
300.0,200.0,150.1,M,Wraps,340.0
151.95,88.45,58.79,M,Single-ply,151.95
275.0,195.0,117.7,M,Single-ply,275.0
229.06,158.76,99.79,M,Wraps,254.01
250.0,137.5,125.0,M,Single-ply,190.0
224.5,102.1,85.6,M,Single-ply,206.4
192.78,104.33,93.67,M,Single-ply,199.58
335.66,206.38,109.59,M,Wraps,308.44
112.5,107.5,90.0,M,Raw,145.0
129.27,95.25,69.4,M,Single-ply,151.95
250.0,205.0,110.15,M,Single-ply,250.0
111.13,88.45,62.78,M,Single-ply,120.2
85.0,47.5,47.5,F,Raw,90.0
249.48,108.86,104.42,M,Single-ply,190.51
200.0,125.0,72.7,M,Raw,230.0
219.99,142.88,79.65,M,Wraps,256.28
215.0,137.5,81.1,M,Raw,252.5
262.5,192.5,124.56,M,Raw,282.5
120.2,43.1,59.3,F,Single-ply,117.9
165.56,102.06,107.95,M,Single-ply,170.1
232.5,170.0,91.7,M,Raw,250.0
322.05,165.56,123.29,M,Single-ply,244.94
183.7,117.93,82.1,M,Wraps,226.8
230.0,175.0,97.3,M,Wraps,260.0
130.0,75.0,67.5,F,Single-ply,140.0
158.76,90.72,79.11,M,Single-ply,181.44
140.0,77.5,65.7,F,Single-ply,150.0
158.8,106.6,89.8,M,Raw,197.3
197.5,117.5,94.5,M,Raw,182.5
195.0,117.5,71.95,M,Raw,222.5
188.24,102.06,101.83,M,Single-ply,190.51
215.0,137.5,81.2,M,Raw,260.0
113.4,65.77,53.98,M,Single-ply,111.13
265.0,175.0,108.5,M,Raw,272.5
212.5,195.5,89.4,M,Single-ply,250.0
120.2,92.99,80.38,M,Single-ply,145.15
140.61,79.38,66.59,F,Wraps,149.69
165.0,87.5,63.1,M,Raw,197.5
154.22,81.65,58.15,M,Single-ply,149.69
142.88,83.91,59.42,M,Single-ply,142.88
127.5,65.0,62.3,F,Raw,165.0
230.0,140.0,101.6,M,Raw,267.5
170.0,127.5,105.3,M,Raw,200.0
282.5,187.5,109.95,M,Multi-ply,272.5
147.5,120.0,103.7,M,Raw,152.5
60.0,30.0,59.3,F,Raw,97.5
192.5,120.0,80.6,M,Raw,207.5
140.0,77.5,83.8,M,Wraps,167.5
242.5,155.0,82.1,M,Raw,260.0
182.5,125.0,99.84,M,Raw,200.0
197.5,117.5,86.9,M,Raw,232.5
83.91,52.16,46.54,M,Single-ply,88.45
240.0,140.0,81.7,M,Single-ply,262.5
149.69,97.52,96.3,M,Single-ply,165.56
88.45,45.36,53.52,M,Single-ply,108.86
142.88,61.23,79.83,F,Raw,165.56
165.0,112.5,77.1,M,Raw,187.5
190.0,122.5,82.7,M,Single-ply,180.0
85.0,32.5,50.8,F,Raw,87.5
255.0,175.0,117.0,M,Raw,265.0
145.0,80.0,74.4,M,Raw,187.5
265.0,202.5,90.0,M,Single-ply,272.5
300.0,155.0,147.6,M,Wraps,280.0
317.5,170.0,89.45,M,Wraps,305.0
113.4,52.2,95.71,F,Raw,113.4
190.01,152.5,127.6,M,Wraps,250.02
145.0,110.0,88.9,M,Wraps,162.5
142.5,110.0,91.1,M,Raw,170.0
127.5,75.0,82.0,F,Raw,160.0
217.72,142.88,108.54,M,Single-ply,226.8
410.0,305.0,123.8,M,Single-ply,292.5
85.0,100.0,87.63,M,Single-ply,140.0
255.0,143.0,73.0,M,Single-ply,242.5
182.5,102.5,86.91,M,Raw,185.0
151.95,90.72,58.06,M,Single-ply,149.69
120.0,60.0,65.35,M,Wraps,132.5
325.0,225.0,128.3,M,Single-ply,295.0
233.6,158.76,74.96,M,Single-ply,229.06
165.0,115.0,99.2,M,Raw,200.0
263.0,142.5,81.9,M,Raw,260.0
175.0,160.0,100.0,M,Single-ply,217.5
130.0,100.0,80.4,M,Raw,175.0
62.5,45.0,100.0,F,Raw,112.5
260.82,138.35,89.81,M,Single-ply,231.33
67.5,37.5,55.1,F,Raw,80.0
185.0,145.0,67.5,M,Single-ply,215.0
142.5,102.5,75.25,M,Raw,192.5
136.08,104.33,73.66,M,Raw,151.95
183.7,104.33,69.58,M,Single-ply,176.9
197.5,110.0,83.4,F,Raw,212.5
200.0,150.0,115.9,M,Raw,235.0
181.44,111.13,148.69,M,Single-ply,181.44
129.27,70.31,89.63,F,Wraps,136.08
67.5,55.0,56.3,F,Raw,122.5
272.5,167.5,82.4,M,Single-ply,255.0
232.5,170.0,73.3,M,Single-ply,225.0
152.5,115.0,96.1,M,Raw,170.0
165.0,87.5,64.15,M,Raw,192.5
47.5,20.0,41.46,F,Raw,77.5
175.0,100.0,103.75,M,Raw,220.0
180.0,130.0,95.5,M,Raw,215.0
132.5,82.5,70.8,F,Raw,145.0
237.5,165.0,107.41,M,Raw,287.5
130.0,75.0,77.5,F,Raw,162.5
147.5,70.0,64.7,F,Raw,120.0
79.38,52.16,53.25,M,Single-ply,108.86
210.0,125.0,89.81,M,Wraps,257.5
260.82,136.08,72.48,M,Single-ply,226.8
165.56,108.86,95.48,M,Single-ply,170.1
192.78,124.74,82.5,M,Wraps,235.87
242.5,142.5,107.95,M,Wraps,277.5
200.0,137.5,82.2,M,Raw,237.5
156.49,81.65,77.38,F,Wraps,188.24
175.0,117.5,72.7,M,Raw,197.5
197.31,122.47,107.95,M,Single-ply,179.17
68.04,43.09,58.69,F,Wraps,102.06
222.5,167.5,116.91,M,Raw,260.0
280.0,222.5,110.9,M,Single-ply,277.5
235.0,140.0,114.8,M,Raw,240.0
95.0,47.5,55.79,F,Raw,125.0
172.5,120.0,66.8,M,Raw,215.0
192.78,122.47,106.37,M,Wraps,213.19
265.0,187.5,98.1,M,Raw,320.0
177.5,97.5,73.35,M,Raw,200.0
120.0,85.0,55.84,M,Raw,170.0
70.0,50.0,67.8,F,Raw,115.0
192.5,117.5,81.7,M,Single-ply,230.0
132.5,80.0,56.5,M,Raw,140.0
180.0,135.0,76.6,M,Raw,227.5
102.5,57.5,71.9,F,Raw,122.5
237.5,155.0,80.06,M,Wraps,237.5
206.38,117.93,71.49,M,Single-ply,197.31
112.5,55.0,66.7,F,Raw,140.0
108.86,63.5,54.43,M,Single-ply,140.61
150.0,110.0,74.4,M,Single-ply,152.5
117.5,57.5,62.2,F,Raw,140.0
287.5,200.0,161.84,M,Wraps,285.0
230.0,152.5,103.8,M,Raw,245.0
85.0,65.0,60.0,F,Single-ply,130.0
120.0,77.5,69.45,F,Single-ply,137.5
192.5,140.0,89.7,M,Raw,215.0
199.58,108.86,65.41,M,Single-ply,215.46
292.5,242.5,137.8,M,Raw,287.5
187.5,127.5,121.4,M,Raw,200.0
150.0,102.5,79.5,M,Raw,195.0
185.0,117.5,95.65,M,Wraps,212.5
170.1,129.27,94.71,M,Single-ply,156.49
127.01,74.84,98.84,M,Single-ply,131.54
154.22,111.13,59.78,M,Single-ply,158.76
160.0,125.0,104.5,M,Raw,165.0
192.5,147.5,86.5,M,Raw,240.0
190.51,142.88,82.1,M,Single-ply,210.92
240.4,167.83,98.43,M,Wraps,294.84
142.88,102.06,74.21,M,Single-ply,185.97
232.5,210.5,73.27,M,Raw,250.0
167.5,105.0,66.8,F,Raw,195.0
74.84,34.02,49.4,M,Single-ply,83.91
174.63,115.67,99.61,M,Single-ply,195.04
195.0,120.0,111.95,M,Wraps,210.0
70.0,45.0,57.5,F,Wraps,120.0
183.7,92.99,82.1,M,Single-ply,176.9
255.0,165.0,92.27,M,Raw,282.5
325.0,240.0,,M,Single-ply,295.0
305.0,165.0,140.0,M,Wraps,325.0
140.61,77.11,73.84,F,Wraps,161.03
92.99,54.43,58.15,F,Wraps,138.35
185.0,122.5,76.5,M,Single-ply,200.0
183.7,104.33,80.56,M,Single-ply,204.12
177.5,100.0,77.8,M,Raw,195.0
200.0,137.5,97.2,M,Raw,202.5
136.08,88.45,109.77,M,Single-ply,154.22
205.0,110.0,66.0,M,Raw,195.0
249.48,140.61,114.76,M,Single-ply,195.04
75.0,45.0,50.7,F,Raw,117.5
110.0,70.0,133.0,M,Raw,222.5
320.0,187.5,110.0,M,Single-ply,297.5
149.69,95.25,77.29,M,Single-ply,156.49
125.0,67.5,66.1,F,Raw,167.5
195.0,185.0,120.2,M,Single-ply,240.0
272.16,151.95,140.7,M,Single-ply,181.44
72.5,47.5,69.8,F,Raw,105.0
147.5,77.5,69.75,F,Raw,175.0
182.5,112.5,70.6,M,Raw,240.0
125.0,75.5,71.49,F,Single-ply,145.0
215.0,162.5,110.0,M,Raw,237.5
108.86,65.77,98.97,M,Single-ply,145.15
183.7,83.91,81.01,M,Wraps,215.46
250.0,195.0,96.6,M,Raw,287.5
312.98,185.97,107.5,M,Wraps,299.37
192.78,183.7,97.25,M,Wraps,215.46
88.45,54.43,70.22,F,Raw,115.67
242.67,142.88,102.06,M,Wraps,242.67
252.5,135.0,92.05,M,Raw,250.0
172.5,90.0,72.6,M,Raw,180.0
245.0,155.0,114.94,M,Wraps,272.5
147.42,70.31,81.01,M,Single-ply,124.74
226.8,136.1,109.8,M,Single-ply,215.5
175.0,92.5,77.0,M,Wraps,165.0
167.83,97.52,59.42,M,Single-ply,190.51
160.0,135.0,89.3,M,Single-ply,215.0
163.29,102.06,61.23,M,Single-ply,183.7
155.0,112.5,80.5,M,Raw,185.5
197.5,125.0,73.3,M,Raw,227.5
177.5,117.5,106.7,M,Raw,215.0
172.5,140.0,88.63,M,Raw,232.5
274.42,158.76,89.58,M,Wraps,258.55
175.0,100.0,56.4,F,Single-ply,155.0
215.0,142.5,128.4,M,Wraps,215.0
185.0,120.0,100.4,M,Raw,230.0
165.56,83.91,59.42,M,Single-ply,183.7
138.35,86.18,73.3,M,Raw,165.56
60.0,162.5,74.3,M,Single-ply,80.0
183.7,120.2,107.5,M,Single-ply,161.03
157.5,75.0,51.4,F,Single-ply,145.0
145.0,85.0,75.0,F,Single-ply,160.0
192.5,122.5,87.2,M,Raw,235.0
185.97,113.4,81.83,M,Single-ply,215.46
187.5,142.5,71.0,M,Single-ply,177.5
157.5,105.0,81.6,M,Raw,190.0
174.63,83.91,98.97,M,Single-ply,136.08
220.0,155.0,94.5,M,Raw,245.0
82.5,57.5,72.85,F,Wraps,127.5
145.0,65.0,69.7,F,Single-ply,177.5
115.0,72.5,56.4,M,Raw,160.0
215.46,127.01,79.2,M,Single-ply,195.04
333.39,235.87,122.92,M,Multi-ply,324.32
77.5,47.5,81.1,F,Raw,107.5
220.0,155.0,101.9,M,Raw,282.5
177.5,122.5,78.3,F,Single-ply,170.0
240.0,130.0,124.6,M,Single-ply,247.5
303.91,145.15,123.29,M,Single-ply,210.92
185.0,217.5,99.1,M,Raw,287.5
257.5,165.0,96.8,M,Raw,305.0
247.5,155.0,119.5,M,Raw,260.0
140.0,72.0,64.52,F,Single-ply,145.0
230.0,167.5,82.4,M,Single-ply,237.5
170.0,127.5,103.2,M,Raw,215.0
231.33,129.27,87.68,M,Single-ply,231.33
92.5,70.0,58.2,M,Raw,152.5
95.0,45.0,62.3,F,Raw,117.5
102.5,55.0,62.7,F,Raw,120.0
142.88,124.74,76.66,M,Wraps,190.51
70.0,55.0,124.9,M,Single-ply,85.0
175.0,120.0,90.0,M,Single-ply,175.0
127.01,90.72,96.43,M,Single-ply,154.22
330.0,200.0,99.7,M,Wraps,320.0
210.0,127.5,80.5,M,Raw,230.0
155.0,100.0,98.75,M,Wraps,227.5
181.44,113.4,73.94,M,Single-ply,204.12
58.97,38.56,51.07,F,Wraps,63.5
238.14,172.37,99.79,M,Single-ply,226.8
95.25,83.91,58.38,F,Wraps,104.33
174.63,136.08,107.41,M,Wraps,226.8
337.5,220.0,105.2,M,Single-ply,292.5
217.5,140.0,93.2,M,Raw,265.0
220.0,125.0,104.4,M,Raw,240.0
142.5,97.5,66.6,F,Wraps,167.5
219.99,122.47,81.37,M,Single-ply,233.6
205.0,125.0,80.1,M,Raw,262.5
149.69,90.72,79.65,M,Single-ply,181.44
151.95,86.18,66.5,M,Single-ply,149.69
199.58,111.13,110.0,M,Single-ply,215.46
177.5,122.5,92.6,M,Raw,185.0
140.0,50.0,59.8,F,Single-ply,140.0
117.5,72.5,68.9,F,Raw,125.0
192.5,145.0,84.6,M,Raw,227.5
155.0,75.0,67.5,F,Wraps,142.5
204.12,120.2,88.63,M,Single-ply,215.46
187.5,120.0,92.2,M,Raw,197.5
267.5,142.5,97.45,M,Wraps,282.5
50.0,30.0,67.7,M,Single-ply,75.0
267.5,220.0,141.9,M,Raw,305.0
135.0,82.5,62.9,F,Single-ply,167.5
175.0,100.0,88.5,M,Raw,180.0
229.06,181.44,120.47,M,Wraps,269.89
130.0,90.0,65.32,M,Raw,195.0
292.45,177.47,121.11,M,Single-ply,257.41
88.45,56.7,59.42,M,Single-ply,79.38
177.5,105.0,79.4,M,Raw,172.5
127.5,70.0,68.6,F,Raw,155.0
150.0,112.5,82.0,M,Raw,195.0
175.0,115.0,80.4,M,Raw,200.0
195.04,97.52,89.86,M,Single-ply,195.04
95.0,55.0,55.1,F,Raw,122.5
120.0,67.5,73.7,F,Raw,137.5
260.82,131.54,109.13,M,Wraps,251.74
210.0,152.5,89.6,M,Raw,255.0
185.0,142.5,80.7,M,Raw,247.5
275.0,195.0,107.68,M,Wraps,280.0
230.0,105.0,67.4,M,Single-ply,275.0
328.85,172.37,133.72,M,Single-ply,285.76
125.0,70.0,108.4,F,Raw,165.0
172.5,117.5,73.4,M,Raw,237.5
295.0,140.0,92.1,M,Single-ply,280.0
226.8,142.88,102.87,M,Single-ply,192.78
172.5,115.0,71.8,M,Wraps,177.5
262.5,167.5,121.0,M,Wraps,242.5
245.0,175.0,97.7,M,Single-ply,232.5
287.5,170.0,120.0,M,Raw,320.0
170.0,115.0,81.6,M,Raw,192.5
97.52,54.43,55.34,M,Single-ply,113.4
120.0,60.0,62.2,F,Raw,147.5
147.5,75.0,61.3,F,Raw,142.5
125.0,52.5,51.3,F,Raw,137.5
82.5,52.5,84.6,F,Raw,107.5
362.87,265.35,123.56,M,Multi-ply,317.51
185.0,130.0,79.5,M,Raw,210.0
375.0,282.5,,M,Single-ply,342.5
232.5,162.5,103.3,M,Raw,260.0
125.0,62.5,67.2,F,Raw,120.0
113.4,65.77,66.5,M,Single-ply,99.79
212.5,135.0,96.26,M,Raw,200.0
265.0,160.0,98.4,M,Single-ply,240.0
170.1,88.45,54.61,M,Single-ply,158.76
237.5,137.5,104.14,M,Wraps,215.0
199.58,102.06,165.56,M,Single-ply,192.78
95.0,52.5,71.0,F,Raw,117.5
185.0,115.0,105.8,M,Single-ply,185.0
206.38,149.69,79.38,M,Wraps,213.19
282.5,120.0,81.7,M,Wraps,270.0
180.0,127.5,67.6,M,Raw,227.5
227.5,137.5,81.28,M,Wraps,222.5
65.0,47.5,46.3,F,Raw,97.5
210.0,137.5,123.3,M,Raw,250.0
412.5,222.5,138.8,M,Multi-ply,300.0
122.5,67.5,70.4,F,Raw,152.5
182.5,132.5,90.3,M,Raw,205.0
185.0,137.5,104.69,M,Raw,232.5
265.0,170.0,92.6,M,Raw,318.0
197.31,102.06,79.06,M,Single-ply,183.7
124.74,74.84,99.52,F,Wraps,149.69
117.93,79.38,59.87,M,Single-ply,136.08
90.0,55.0,59.7,F,Raw,142.5
170.0,145.0,90.7,M,Raw,200.0
132.5,70.0,78.79,F,Wraps,152.5
176.9,92.99,92.8,M,Single-ply,183.7
93.0,56.7,65.82,F,Raw,117.9
220.0,180.0,106.6,M,Single-ply,270.0
97.5,57.5,65.88,F,Single-ply,100.0
225.0,155.0,96.2,M,Single-ply,240.0
215.0,155.0,80.29,M,Wraps,245.0
150.0,130.0,76.6,M,Raw,235.0
80.0,55.0,92.75,F,Raw,105.0
227.5,190.0,123.7,M,Raw,272.5
150.0,100.0,72.8,M,Single-ply,155.0
235.0,155.0,88.4,M,Wraps,275.0
181.44,115.67,106.87,M,Single-ply,181.44
155.0,92.5,56.0,F,Single-ply,165.0
215.0,175.0,192.1,M,Raw,230.0
202.5,135.0,97.0,M,Single-ply,245.0
150.0,95.0,94.6,M,Raw,170.0
129.27,72.57,67.09,M,Single-ply,115.67
115.0,65.0,77.0,M,Raw,152.5
117.93,97.52,116.57,M,Single-ply,145.15
102.5,52.5,72.8,F,Raw,107.5
217.5,147.5,88.72,M,Raw,270.0
195.0,117.5,72.8,M,Single-ply,190.0
80.0,97.5,94.5,F,Single-ply,110.0
195.0,145.0,73.4,M,Wraps,185.0
102.5,77.5,83.2,F,Raw,140.0
87.5,35.0,63.8,F,Raw,100.0
177.5,120.0,90.9,M,Raw,227.5
170.0,105.0,83.0,M,Raw,210.0
215.46,158.76,96.52,M,Wraps,240.4
205.0,125.0,59.44,F,Single-ply,215.0
125.0,77.5,82.02,F,Raw,142.5
75.0,50.0,61.9,F,Raw,95.0
150.0,130.0,80.7,M,Raw,222.5
125.0,57.5,67.1,F,Single-ply,127.5
244.94,158.76,120.11,M,Single-ply,226.8
170.1,117.93,74.12,M,Wraps,197.31
175.0,107.5,103.25,M,Raw,185.0
265.0,185.0,118.7,M,Single-ply,240.0
158.76,113.4,96.75,M,Single-ply,165.56
152.5,85.0,89.2,M,Raw,170.0
155.0,93.0,65.4,F,Raw,182.5
135.0,60.0,67.5,F,Single-ply,135.0
150.0,145.0,65.61,M,Raw,200.0
151.95,90.72,74.84,M,Wraps,176.9
102.06,68.04,56.76,M,Single-ply,131.54
170.0,110.0,74.5,M,Single-ply,180.0
195.0,127.5,78.8,M,Raw,220.0
83.91,52.16,59.69,F,Wraps,163.29
277.5,182.5,119.2,M,Wraps,272.5
150.0,82.5,83.0,M,Single-ply,155.0
220.0,147.5,99.1,M,Wraps,230.0
161.03,108.86,99.34,M,Wraps,188.24
105.0,52.5,54.4,F,Raw,140.0
95.25,56.7,70.17,M,Single-ply,106.59
95.0,47.5,59.5,F,Wraps,125.0
147.5,70.0,64.5,F,Raw,147.5
161.03,102.06,65.77,M,Single-ply,156.49
165.56,113.4,65.77,M,Single-ply,161.03
102.06,63.5,107.95,M,Single-ply,145.15
220.0,130.0,81.9,M,Single-ply,235.0
205.0,162.5,98.7,M,Raw,230.0
111.13,90.72,135.26,M,Single-ply,142.88
95.25,54.43,58.42,M,Wraps,115.67
220.0,140.0,79.7,M,Raw,220.0
80.0,42.5,46.54,F,Raw,105.0
205.0,125.0,90.6,M,Raw,242.5
238.14,108.86,89.18,M,Single-ply,215.46
159.9,144.9,90.0,M,Raw,212.4
115.67,63.5,57.88,M,Single-ply,149.69
197.31,115.67,93.08,M,Single-ply,190.51
145.15,88.45,54.98,M,Single-ply,149.69
242.5,135.0,103.2,M,Raw,265.0
160.0,80.0,91.0,F,Raw,167.5
187.5,100.0,67.7,M,Single-ply,240.0
149.69,81.65,70.17,M,Single-ply,151.95
158.76,104.33,83.01,M,Raw,206.38
95.0,52.5,56.1,F,Raw,122.5
175.0,102.5,136.3,M,Raw,182.5
175.0,130.0,81.7,M,Raw,220.0
210.0,160.0,101.7,M,Raw,240.0
267.62,120.2,106.68,M,Single-ply,208.65
115.67,79.38,71.03,M,Single-ply,156.49
197.31,102.06,65.77,M,Multi-ply,190.51
167.83,117.93,94.8,M,Single-ply,201.85
102.06,63.5,88.54,M,Wraps,136.08
252.5,167.5,93.0,M,Raw,250.0
212.5,125.0,89.81,M,Raw,272.5
158.76,70.31,99.79,M,Single-ply,151.95
237.5,142.5,109.59,M,Raw,260.0
155.0,90.0,69.1,M,Raw,192.5
97.5,75.0,78.5,M,Raw,142.5
190.0,150.0,74.48,M,Wraps,272.5
142.88,83.91,89.54,F,Wraps,185.97
210.0,152.5,66.8,M,Single-ply,215.0
227.5,142.5,117.39,M,Wraps,265.0
235.87,142.88,99.52,M,Wraps,226.8
182.5,122.5,90.9,M,Raw,230.0
240.0,145.0,66.0,M,Single-ply,255.0
362.87,158.76,187.06,M,Wraps,294.84
181.44,99.79,74.57,M,Single-ply,226.8
182.5,112.5,149.91,M,Raw,172.5
250.0,160.0,119.2,M,Raw,295.0
280.0,250.0,126.7,M,Single-ply,340.0
207.5,130.0,89.9,M,Single-ply,230.0
55.0,45.0,53.71,F,Raw,92.5
130.0,112.5,59.04,M,Raw,157.5
170.0,122.5,87.0,M,Raw,262.5
185.0,145.0,107.1,M,Raw,210.0
127.5,77.5,81.19,F,Raw,125.0
200.0,115.0,81.5,M,Raw,255.0
230.0,150.0,102.0,M,Raw,245.0
129.3,111.1,85.5,M,Raw,156.5
204.12,127.01,97.07,M,Wraps,226.8
102.06,68.04,55.79,M,Single-ply,136.08
100.0,70.0,61.7,M,Raw,142.5
100.0,235.0,102.8,M,Raw,205.0
152.5,102.5,87.4,M,Raw,165.0
145.0,102.5,97.34,F,Single-ply,150.0
37.5,40.0,63.0,F,Raw,67.5
162.5,115.0,74.62,M,Raw,205.0
200.0,130.0,107.7,M,Single-ply,210.0
182.5,132.5,71.8,M,Single-ply,210.0
180.0,100.0,72.8,M,Raw,200.0
120.0,95.5,66.6,F,Raw,165.0
290.0,197.5,123.2,M,Single-ply,255.0
222.5,145.0,73.0,M,Raw,267.5
83.91,34.02,49.99,F,Raw,102.06
102.5,70.0,58.85,F,Raw,117.5
135.0,82.5,72.54,M,Raw,195.0
215.0,137.5,73.2,M,Single-ply,215.5
365.14,251.74,92.99,M,Multi-ply,274.42
117.5,90.0,89.1,M,Raw,165.0
82.5,47.5,56.0,F,Raw,100.0
195.0,142.5,82.5,M,Single-ply,230.0
180.0,125.0,107.05,M,Wraps,240.0
242.5,147.5,102.6,M,Wraps,260.0
195.0,125.0,72.0,M,Raw,242.5
64.98,219.99,100.0,M,Single-ply,272.5
260.0,195.0,100.0,M,Single-ply,267.5
122.5,55.0,70.9,F,Raw,160.0
152.0,68.0,64.55,F,Single-ply,161.0
177.5,100.0,65.64,M,Raw,210.0
140.0,130.0,104.0,M,Raw,220.0
92.5,45.0,68.8,F,Raw,117.5
157.5,97.5,73.4,M,Single-ply,192.5
177.5,147.5,109.0,M,Raw,227.5
122.47,61.23,54.34,M,Single-ply,129.27
137.5,102.5,55.0,M,Raw,147.5
113.4,68.04,52.25,M,Single-ply,136.08
155.0,117.5,100.9,M,Raw,195.0
145.0,85.0,89.54,F,Raw,192.5
230.0,162.5,81.7,M,Single-ply,255.0
140.0,90.0,82.35,M,Raw,200.0
92.5,47.5,55.6,F,Raw,127.5
137.5,70.0,99.5,F,Raw,160.0
275.0,182.5,103.55,M,Raw,270.0
206.38,142.88,112.94,M,Single-ply,192.78
205.0,165.0,122.47,M,Wraps,255.0
185.97,115.67,121.56,M,Single-ply,235.87
140.0,70.0,90.5,F,Raw,185.0
150.0,107.5,72.2,M,Raw,190.0
175.0,97.5,65.9,M,Raw,210.0
165.0,125.0,80.3,M,Raw,210.0
177.5,115.0,66.81,M,Raw,227.5
192.5,140.0,89.1,M,Raw,230.0
215.0,137.5,74.66,M,Wraps,240.0
147.5,72.5,56.0,F,Single-ply,150.0
155.0,130.0,65.6,M,Raw,190.0
260.0,145.0,109.3,M,Multi-ply,272.0
165.0,117.5,76.9,M,Raw,205.0
80.0,65.0,77.9,F,Single-ply,90.0
110.0,65.0,62.1,F,Raw,115.0
92.99,61.23,73.12,F,Wraps,149.69
195.0,132.5,97.5,M,Raw,227.5
215.0,132.5,94.5,M,Raw,265.0
85.0,47.5,62.27,F,Raw,112.5
220.0,160.0,95.3,M,Raw,280.0
135.0,52.5,120.3,F,Raw,140.0
154.22,70.31,73.48,F,Wraps,163.29
67.5,42.5,60.33,F,Wraps,92.5
140.0,75.0,59.3,F,Single-ply,137.5
160.0,110.0,73.05,M,Raw,205.0
102.5,60.0,56.9,M,Single-ply,127.5
175.0,95.0,74.1,M,Single-ply,197.5
135.0,87.5,69.7,M,Raw,170.0
201.85,113.4,89.72,M,Single-ply,238.14
160.0,125.0,103.2,M,Single-ply,160.0
260.0,180.0,82.6,M,Raw,287.5
260.82,124.74,110.59,M,Single-ply,260.82
167.83,92.99,88.27,M,Single-ply,165.56
185.0,132.5,90.0,M,Raw,235.0
70.0,70.0,78.0,F,Raw,82.5
129.27,72.57,120.75,M,Single-ply,136.08
220.0,135.0,91.8,M,Raw,262.5
197.5,102.5,81.2,M,Raw,190.0
129.27,113.4,77.11,M,Single-ply,174.63
192.78,136.08,67.5,F,Multi-ply,185.97
212.5,107.5,102.8,M,Raw,242.5
185.0,132.5,90.3,M,Raw,222.5
107.5,72.5,82.6,F,Raw,145.0
30.0,75.0,113.0,M,Multi-ply,320.0
195.04,151.95,110.0,M,Wraps,229.06
200.0,117.5,99.1,M,Raw,190.0
167.5,111.0,104.8,F,Raw,152.5
174.63,129.27,70.76,M,Wraps,215.46
227.5,142.5,99.5,M,Wraps,245.0
180.0,142.5,74.84,M,Wraps,182.5
192.78,115.67,66.95,M,Single-ply,206.38
172.5,110.0,95.3,M,Single-ply,202.5
131.54,61.23,53.52,M,Single-ply,140.61
70.0,40.0,83.0,F,Single-ply,127.5
220.0,185.0,124.8,M,Single-ply,265.0
226.8,122.47,88.9,M,Wraps,249.48
102.5,55.0,71.4,F,Raw,110.0
142.5,75.0,51.9,F,Single-ply,140.0
235.0,175.0,82.1,M,Wraps,265.0
172.37,113.4,84.46,M,Single-ply,204.12
195.0,142.5,79.7,M,Raw,227.5
125.0,62.5,61.7,F,Raw,162.5
125.0,82.5,72.1,M,Single-ply,140.0
227.5,135.0,81.6,M,Raw,247.5
102.06,52.16,67.5,F,Wraps,102.06
117.0,25.0,70.4,F,Single-ply,147.5
142.88,102.06,88.54,M,Single-ply,174.63
227.5,150.0,97.16,M,Raw,272.5
142.88,90.72,65.86,M,Single-ply,145.15
242.5,130.0,74.5,M,Single-ply,250.0
242.5,142.5,108.2,M,Wraps,250.0
170.0,127.5,95.1,M,Raw,210.0
160.0,90.0,59.2,F,Wraps,172.5
110.0,42.5,52.0,F,Raw,117.5
160.0,122.5,99.97,M,Wraps,220.0
100.0,50.0,84.0,F,Raw,115.0
185.0,130.0,95.2,M,Raw,225.0
275.0,167.5,98.1,M,Wraps,265.0
111.13,70.31,77.93,F,Wraps,147.42
149.69,90.72,79.47,M,Single-ply,174.63
192.78,108.86,115.67,M,Single-ply,181.44
137.5,77.5,67.1,F,Wraps,147.5
192.78,131.54,91.17,M,Single-ply,179.17
135.0,67.5,83.4,F,Raw,157.5
227.5,165.0,82.0,M,Wraps,227.5
107.5,55.0,74.9,F,Raw,132.5
235.0,177.5,98.5,M,Raw,275.0
167.5,97.5,72.6,M,Raw,187.5
179.17,120.2,126.46,M,Single-ply,195.04
197.31,102.06,120.02,M,Single-ply,195.04
72.5,35.0,50.0,F,Raw,90.0
105.0,67.5,69.94,F,Wraps,117.5
175.0,140.0,78.9,M,Raw,220.0
102.5,50.0,64.7,F,Raw,137.5
238.14,142.88,81.1,M,Single-ply,222.26
142.88,88.45,65.77,M,Single-ply,131.54
145.15,77.11,70.31,M,Single-ply,151.95
92.5,45.0,64.5,F,Raw,105.0
232.5,130.0,88.4,M,Raw,257.5
249.48,142.88,135.17,M,Single-ply,197.31
182.5,160.0,89.54,M,Raw,170.0
240.0,175.0,115.7,M,Raw,275.0
385.55,249.48,109.13,M,Multi-ply,274.42
180.0,100.0,85.8,M,Single-ply,230.0
227.5,152.5,97.3,M,Raw,232.5
285.0,140.0,100.0,M,Single-ply,295.0
288.03,151.95,149.23,M,Single-ply,272.16
312.5,200.0,121.5,M,Wraps,295.0
130.0,62.5,73.37,F,Raw,150.0
190.0,140.5,78.9,F,Single-ply,180.0
185.0,107.5,93.1,M,Raw,200.0
97.52,56.7,64.64,M,Single-ply,102.06
207.5,145.0,81.6,M,Raw,240.0
180.0,102.5,72.0,M,Single-ply,187.5
453.59,274.42,204.57,M,Wraps,274.42
175.0,127.5,78.6,F,Single-ply,167.5
182.5,117.5,137.8,M,Raw,250.0
125.0,80.0,65.8,M,Raw,167.5
249.48,172.37,88.54,M,Single-ply,213.19
204.12,86.18,86.64,M,Single-ply,197.31
204.12,95.25,90.72,M,Single-ply,195.04
147.5,112.5,95.2,M,Raw,192.5
77.5,40.0,80.2,F,Raw,115.0
70.0,37.5,48.9,F,Raw,92.5
183.7,147.42,98.52,M,Single-ply,204.12
102.5,70.0,60.0,M,Raw,160.0
85.0,52.5,51.8,F,Single-ply,110.0
170.1,102.06,78.74,M,Single-ply,170.1
195.04,108.86,96.52,M,Single-ply,181.44
95.0,65.0,50.3,F,Raw,127.5
230.0,125.0,80.1,M,Single-ply,220.0
80.0,55.0,71.8,F,Raw,127.5
200.0,117.5,91.4,M,Wraps,200.0
65.0,37.5,52.8,M,Raw,92.5
140.0,55.0,90.0,F,Single-ply,167.5
72.5,25.0,71.55,F,Raw,77.5
127.01,68.04,55.79,M,Single-ply,149.69
174.6,124.7,81.7,M,Raw,222.3
127.01,77.11,56.7,M,Single-ply,167.83
199.58,99.79,108.68,M,Single-ply,181.44
160.0,145.0,82.5,M,Raw,210.0
84.82,44.91,55.52,F,Wraps,102.06
215.46,102.06,128.64,M,Single-ply,183.7
180.0,140.0,92.4,M,Raw,220.0
177.5,102.5,101.5,M,Raw,167.5
167.5,102.5,58.65,M,Raw,175.0
199.58,115.67,94.08,M,Wraps,192.78
102.06,68.04,58.97,M,Single-ply,108.86
165.56,83.91,85.37,M,Single-ply,204.12
181.0,117.0,68.0,M,Raw,206.0
229.06,156.49,106.96,M,Raw,254.01
145.0,117.5,91.3,M,Raw,227.5
215.46,124.74,94.35,M,Raw,226.8
250.0,155.0,103.7,M,Single-ply,227.5
190.0,115.0,72.6,M,Raw,245.0
105.0,47.5,81.06,F,Raw,125.0
125.0,142.5,92.0,M,Raw,190.0
175.0,90.0,60.0,M,Single-ply,190.0
113.4,61.23,57.24,M,Single-ply,136.08
285.0,185.0,89.81,M,Wraps,305.0
220.0,125.0,89.3,M,Single-ply,230.0
145.0,92.5,60.6,M,Raw,202.5
240.0,145.0,114.44,M,Wraps,230.0
158.76,90.72,63.5,M,Single-ply,142.88
215.0,142.5,81.37,M,Raw,247.5
110.0,42.5,71.7,F,Raw,107.5
201.85,122.47,85.5,M,Single-ply,217.72
192.78,124.74,113.67,M,Single-ply,181.44
182.5,137.5,99.06,M,Raw,250.0
238.14,111.13,99.34,M,Single-ply,219.99
155.0,170.0,98.4,M,Wraps,210.0
244.94,161.03,89.72,M,Wraps,204.12
260.0,202.5,99.61,M,Raw,290.0
199.58,120.2,66.5,M,Single-ply,192.78
125.0,85.0,71.1,M,Raw,165.0
180.0,127.5,79.7,M,Raw,235.0
235.87,176.9,114.67,M,Raw,219.99
158.76,113.4,99.34,M,Single-ply,197.31
115.0,77.5,66.5,M,Single-ply,147.5
127.5,105.0,84.0,F,Raw,185.0
130.0,82.5,60.0,F,Single-ply,125.0
181.44,113.4,81.92,M,Single-ply,192.78
167.5,120.0,70.1,M,Raw,170.0
175.0,110.0,71.25,F,Wraps,205.0
140.61,81.65,113.85,M,Single-ply,131.54
172.37,97.52,60.96,M,Single-ply,174.63
92.5,42.5,71.6,F,Raw,132.5
72.57,43.09,45.95,M,Single-ply,81.65
199.58,140.61,82.1,M,Single-ply,183.7
129.27,92.99,92.53,M,Single-ply,190.51
151.95,74.84,50.8,M,Single-ply,167.83
105.0,70.0,59.8,F,Raw,125.0
165.56,97.52,73.21,F,Wraps,163.29
270.0,192.5,97.25,M,Wraps,315.0
210.0,152.5,86.6,M,Wraps,237.5
110.0,55.0,71.6,F,Raw,117.5
222.26,158.76,107.95,M,Wraps,267.62
102.06,65.77,57.52,M,Single-ply,136.08
240.0,181.0,82.26,F,Single-ply,222.5
275.0,167.5,97.75,M,Raw,290.0
150.0,155.0,135.85,M,Wraps,195.0
90.72,56.7,88.09,F,Wraps,120.2
180.0,125.0,77.3,M,Single-ply,200.0
95.25,52.16,55.34,M,Single-ply,102.06
215.0,122.5,95.8,M,Raw,270.0
254.01,163.29,139.39,M,Single-ply,235.87
172.5,85.0,86.09,M,Raw,227.5
205.0,132.5,72.55,M,Raw,235.0
205.0,135.0,110.8,M,Raw,230.0
110.0,57.5,60.05,F,Raw,135.0
152.5,100.0,137.3,M,Raw,220.0
75.0,47.5,56.3,F,Raw,120.0
272.5,147.5,89.81,M,Wraps,295.0
165.0,92.5,73.16,M,Wraps,210.0
145.15,111.13,65.59,M,Single-ply,201.85
165.56,92.99,95.93,M,Single-ply,158.76
232.5,137.5,88.3,M,Single-ply,275.0
117.5,65.0,56.4,F,Raw,112.5
232.5,142.5,108.9,M,Raw,262.5
212.5,125.0,84.4,F,Single-ply,185.0
72.5,55.0,60.7,F,Raw,132.5
230.0,157.5,74.35,M,Wraps,255.0
99.79,65.77,55.34,M,Single-ply,115.67
92.99,38.56,56.61,F,Wraps,122.47
205.0,120.0,86.7,M,Raw,217.5
102.5,75.0,50.15,F,Raw,120.0
192.5,130.0,80.7,M,Raw,250.0
372.5,305.0,102.45,M,Single-ply,282.5
156.5,124.7,87.3,M,Raw,172.4
165.0,95.0,73.2,M,Raw,200.0
117.93,74.84,69.4,M,Single-ply,129.27
227.5,150.0,88.8,M,Raw,260.0
90.0,40.0,49.5,F,Raw,110.0
160.0,120.0,72.77,M,Raw,195.0
122.5,67.5,74.98,M,Raw,162.5
200.0,113.0,104.3,M,Raw,207.5
130.0,82.5,57.65,M,Raw,202.5
140.0,65.0,83.99,F,Raw,155.0
165.56,99.79,71.67,M,Single-ply,167.83
110.0,67.5,68.7,F,Raw,127.5
95.0,67.5,81.7,F,Raw,147.5
210.92,115.67,102.97,M,Single-ply,206.38
122.5,85.0,85.9,M,Raw,120.0
170.0,100.0,66.5,M,Wraps,210.0
155.0,87.5,65.3,M,Single-ply,215.0
252.5,162.5,107.1,M,Single-ply,282.5
90.0,47.5,63.7,F,Single-ply,107.5
145.0,67.5,75.5,F,Raw,162.5
175.0,102.5,81.11,M,Raw,195.0
100.0,52.5,67.5,F,Single-ply,110.0
285.0,200.0,124.1,M,Wraps,337.5
90.0,55.0,58.6,F,Wraps,127.0
135.0,82.5,58.2,M,Raw,160.0
160.0,135.0,109.7,M,Raw,235.0
140.61,97.52,75.75,M,Single-ply,127.01
115.0,65.0,65.6,F,Raw,132.5
200.0,145.0,98.1,M,Raw,235.0
177.5,105.0,90.55,M,Raw,220.0
136.08,83.91,91.9,M,Single-ply,138.35
137.5,90.0,66.0,M,Raw,192.5
254.01,117.93,109.77,M,Single-ply,219.99
145.0,83.0,57.9,F,Raw,150.0
235.0,142.5,114.2,M,Raw,290.0
129.3,79.4,55.8,M,Single-ply,124.7
136.08,68.04,81.92,M,Single-ply,145.15
130.0,105.0,53.3,M,Single-ply,172.5
60.0,50.0,58.4,F,Raw,85.0
145.15,92.99,73.62,M,Single-ply,165.56
188.24,106.59,88.99,M,Single-ply,185.97
110.0,52.5,79.28,F,Raw,122.5
252.5,200.0,149.3,M,Wraps,257.5
77.11,54.43,62.69,M,Single-ply,115.67
204.12,149.69,82.1,M,Single-ply,204.12
158.76,95.25,74.84,M,Single-ply,176.9
105.0,60.0,59.8,F,Raw,157.5
325.0,265.0,92.26,M,Single-ply,297.5
97.5,75.0,51.1,M,Raw,142.5
190.51,102.06,81.47,M,Single-ply,181.44
80.0,45.0,59.2,F,Raw,112.5
174.63,88.45,95.62,M,Single-ply,161.03
133.81,88.45,80.83,M,Single-ply,147.42
210.0,145.0,103.5,M,Single-ply,230.0
237.5,157.5,99.9,M,Wraps,272.5
245.0,165.0,103.0,M,Raw,282.5
150.0,130.0,73.1,M,Raw,187.5
140.0,45.0,67.5,F,Wraps,167.5
230.0,175.0,92.71,M,Raw,265.0
88.45,49.9,87.0,M,Wraps,113.4
182.5,117.5,91.4,M,Raw,195.0
237.5,172.5,119.2,M,Raw,290.0
125.0,57.5,64.5,F,Raw,165.0
75.0,35.0,47.0,F,Single-ply,102.5
202.5,110.0,82.0,M,Raw,235.0
204.12,195.04,123.69,M,Wraps,226.8
131.54,77.11,66.32,M,Single-ply,154.22
230.0,155.0,101.8,M,Wraps,260.0
100.0,80.0,58.1,F,Raw,145.0
213.19,124.74,106.96,M,Single-ply,190.51
115.0,205.0,89.54,M,Multi-ply,245.0
145.15,77.11,49.53,M,Single-ply,158.76
170.0,132.5,80.0,M,Raw,185.0
132.5,70.0,71.3,F,Raw,160.0
129.27,97.52,84.46,M,Single-ply,165.56
192.5,107.5,95.9,M,Raw,205.0
140.61,129.27,81.19,M,Single-ply,206.38
85.0,45.0,53.5,F,Raw,100.0
320.0,210.0,103.35,M,Raw,310.0
160.0,82.5,71.05,F,Single-ply,170.0
327.5,182.5,82.4,M,Single-ply,287.5
233.6,136.08,103.87,M,Single-ply,204.12
142.5,107.5,84.6,M,Raw,185.0
125.0,105.0,78.6,M,Single-ply,150.0
172.37,99.79,59.15,M,Single-ply,197.31
340.0,200.0,,M,Single-ply,320.0
160.0,107.5,66.6,F,Wraps,187.5
176.9,68.04,74.98,F,Wraps,165.56
132.5,65.0,68.4,F,Raw,137.5
155.0,165.0,73.5,M,Single-ply,215.0
135.0,92.5,82.0,M,Raw,192.5
197.5,142.5,69.3,M,Raw,240.0
226.8,170.1,88.99,M,Raw,265.35
142.5,90.0,62.75,F,Raw,172.5
140.0,70.0,67.4,F,Wraps,155.0
147.5,90.0,67.5,M,Single-ply,205.0
129.27,81.65,80.47,M,Raw,170.1
130.0,90.0,76.0,M,Raw,180.0
117.5,65.0,60.1,F,Raw,162.5
77.5,57.5,66.7,M,Raw,92.5
360.0,200.0,125.0,M,Single-ply,350.0
142.5,100.0,73.8,M,Raw,187.5
154.22,70.31,69.4,M,Single-ply,156.49
188.24,111.13,105.96,M,Raw,217.72
133.81,86.18,51.07,M,Single-ply,154.22
170.1,127.01,121.65,M,Single-ply,195.04
170.1,102.06,73.75,M,Single-ply,204.12
68.0,27.5,62.92,F,Raw,95.5
180.0,115.0,81.0,M,Raw,182.5
163.29,111.13,99.7,M,Wraps,174.63
210.0,120.0,104.8,M,Raw,190.0
165.56,99.79,64.86,M,Single-ply,174.63
210.0,115.0,92.5,M,Raw,245.0
227.5,150.0,79.92,M,Raw,255.0
120.0,80.0,78.3,F,Raw,157.5
260.0,190.0,105.6,M,Single-ply,260.0
117.93,70.31,63.59,F,Wraps,136.08
255.0,127.5,125.0,M,Single-ply,272.5
135.0,62.5,100.1,F,Raw,145.0
161.03,111.13,88.36,M,Single-ply,185.97
256.28,154.22,123.83,M,Single-ply,226.8
210.0,160.0,109.54,M,Wraps,235.0
142.5,80.0,72.8,M,Raw,145.0
127.5,67.5,56.23,F,Raw,147.5
240.4,127.01,82.1,M,Single-ply,254.01
117.5,87.5,66.3,M,Raw,145.0
162.5,102.5,71.8,M,Wraps,187.5
250.0,142.5,98.4,M,Raw,205.0
154.22,83.91,95.03,M,Single-ply,142.88
165.0,115.0,91.3,M,Raw,210.0
150.0,85.0,69.78,F,Single-ply,140.0
167.5,65.0,66.41,F,Wraps,170.0
107.5,55.0,59.7,F,Raw,150.0
163.29,102.06,98.11,M,Single-ply,185.97
50.0,35.0,63.0,M,Single-ply,80.0
231.33,108.86,123.6,F,Wraps,215.46
425.0,247.5,171.0,M,Wraps,362.5
136.08,111.13,56.7,M,Single-ply,149.69
157.5,115.0,73.7,F,Raw,172.5
190.0,120.0,57.8,M,Wraps,200.0
190.0,105.0,70.8,F,Single-ply,197.5
205.0,125.0,120.5,M,Raw,250.0
170.5,100.0,80.6,M,Raw,150.0
300.0,195.0,99.8,M,Single-ply,277.5
112.5,72.5,69.2,F,Raw,179.5
132.5,95.0,72.0,F,Raw,175.0
127.5,65.0,79.8,F,Raw,120.0
192.5,135.0,78.06,M,Raw,225.0
162.5,95.0,93.5,M,Raw,200.0
95.25,56.7,50.62,F,Raw,140.61
167.5,85.0,78.4,F,Single-ply,162.5
132.5,77.5,81.3,M,Raw,150.0
97.5,52.5,61.92,F,Raw,132.5
165.56,102.06,64.14,M,Single-ply,176.9
226.8,124.74,109.04,M,Single-ply,229.06
181.44,115.67,74.57,M,Wraps,199.58
270.0,175.0,135.0,M,Raw,285.0
85.0,97.5,57.85,M,Raw,160.0
210.9,108.9,82.4,M,Single-ply,224.5
263.08,122.47,74.75,M,Single-ply,256.28
183.7,122.47,81.92,M,Single-ply,213.19
140.61,77.11,71.76,M,Single-ply,172.37
160.0,120.0,85.2,M,Single-ply,170.0
74.84,70.31,79.02,M,Single-ply,129.27
100.0,37.5,52.0,F,Single-ply,90.0
317.5,270.0,101.25,M,Single-ply,285.0
108.86,61.23,45.72,M,Single-ply,117.93
177.5,101.0,69.6,M,Wraps,210.0
99.79,52.16,54.25,F,Raw,136.08
120.0,65.0,60.5,F,Single-ply,142.5
120.0,60.0,67.4,F,Raw,170.0
202.5,125.0,97.61,M,Raw,255.0
172.5,150.0,75.0,M,Raw,227.5
97.52,47.63,55.79,F,Raw,120.2
275.0,205.0,107.5,M,Wraps,307.5
185.97,113.4,105.23,M,Single-ply,179.17
140.0,125.0,66.9,M,Single-ply,155.0
161.03,79.38,80.83,F,Wraps,174.63
227.5,150.0,89.6,M,Single-ply,242.5
262.5,145.0,85.2,M,Single-ply,245.0
320.0,262.5,152.86,M,Multi-ply,295.0
237.5,155.0,88.9,M,Single-ply,247.5
170.1,102.06,94.08,M,Single-ply,208.65
130.0,75.0,90.0,F,Single-ply,195.0
182.5,137.5,73.9,M,Raw,227.5
115.0,65.0,74.8,M,Raw,162.5
150.0,82.5,,F,Wraps,157.5
140.0,205.0,133.8,M,Wraps,215.0
220.0,145.0,88.8,M,Single-ply,262.5
215.0,150.0,73.9,M,Wraps,227.5
120.0,72.5,61.45,F,Raw,145.0
120.0,45.0,53.0,F,Single-ply,112.5
155.0,95.0,72.2,M,Raw,197.5
235.0,170.0,113.0,M,Raw,265.0
197.5,132.5,93.8,M,Raw,240.0
245.0,140.0,82.2,M,Wraps,272.5
147.42,95.25,94.17,M,Single-ply,181.44
79.38,40.82,59.87,F,Wraps,129.27
124.74,68.04,58.88,M,Single-ply,163.29
195.0,107.5,87.72,M,Raw,227.5
100.0,65.0,105.0,F,Raw,100.0
142.5,80.0,65.91,M,Wraps,160.0
183.7,147.42,88.45,M,Wraps,215.46
136.08,74.84,59.78,M,Single-ply,151.95
147.5,125.0,64.7,M,Raw,182.5
242.5,170.0,107.4,M,Raw,250.0
163.29,92.99,83.37,M,Single-ply,181.44
387.5,227.5,183.43,M,Wraps,317.5
170.1,111.13,85.09,M,Single-ply,181.44
82.5,62.5,47.8,F,Raw,117.5
45.0,40.0,79.9,F,Raw,100.0
132.5,87.5,73.6,M,Raw,187.5
65.0,35.0,47.0,F,Raw,100.0
102.5,70.0,55.4,F,Raw,137.5
250.0,125.0,123.79,M,Wraps,277.5
172.37,115.67,88.36,M,Single-ply,181.44
207.5,135.0,67.13,M,Wraps,210.0
87.5,65.0,70.3,F,Raw,110.0
200.0,130.0,105.6,M,Wraps,197.5
181.44,95.25,73.12,M,Single-ply,172.37
107.5,52.5,70.4,F,Raw,137.5
161.03,115.67,89.81,M,Wraps,192.78
138.35,88.45,94.8,M,Single-ply,131.54
240.0,140.0,73.5,M,Raw,291.5
188.24,92.99,108.5,M,Single-ply,158.76
290.0,200.0,116.6,M,Single-ply,300.0
167.83,97.52,73.48,M,Single-ply,170.1
187.5,152.5,77.88,F,Single-ply,200.0
151.95,92.99,89.72,M,Single-ply,142.88
120.2,63.5,50.44,M,Single-ply,136.08
102.5,57.5,80.06,F,Single-ply,125.0
276.69,151.95,148.19,M,Single-ply,272.16
190.5,108.9,78.0,M,Raw,254.0
197.31,97.52,124.74,M,Single-ply,179.17
187.5,152.5,98.4,M,Raw,213.0
105.0,67.5,56.1,F,Raw,122.5
190.0,100.0,62.8,M,Wraps,190.0
117.93,92.99,107.14,M,Single-ply,142.88
125.0,70.0,81.5,M,Single-ply,135.0
255.0,152.5,102.5,M,Raw,295.0
188.24,140.61,89.09,M,Wraps,181.44
122.5,77.5,69.8,F,Wraps,150.0
85.0,60.0,54.2,F,Raw,137.5
149.69,95.25,105.69,M,Single-ply,158.76
140.0,70.0,70.1,F,Single-ply,142.5
185.0,155.0,67.5,M,Single-ply,207.5
115.0,80.0,71.8,M,Raw,150.0
102.06,61.23,56.52,M,Single-ply,102.06
133.81,74.84,57.56,M,Single-ply,133.81
172.37,108.86,95.89,M,Wraps,219.99
347.5,268.5,82.83,M,Single-ply,315.0
192.5,97.5,72.9,M,Raw,257.5
107.5,65.0,70.25,F,Raw,132.5
215.0,117.5,63.96,M,Single-ply,227.5
112.5,62.5,94.6,F,Wraps,135.0
301.64,183.7,81.74,M,Multi-ply,240.4
250.0,147.5,89.36,M,Wraps,282.5
177.5,125.0,81.28,M,Raw,250.0
95.0,55.0,81.0,F,Raw,142.5
152.5,102.5,80.9,M,Raw,215.0
90.72,74.84,65.95,M,Single-ply,117.93
201.85,102.06,163.75,M,Single-ply,195.04
217.72,136.08,119.48,M,Single-ply,210.92
204.12,115.67,88.9,M,Wraps,204.12
100.0,53.0,59.3,F,Wraps,121.0
195.0,137.5,96.15,M,Wraps,210.0
183.7,108.86,66.77,M,Single-ply,165.56
67.5,50.0,82.3,F,Raw,95.0
185.0,125.0,109.0,M,Raw,230.0
224.53,111.13,81.37,M,Single-ply,176.9
170.0,145.0,93.2,M,Single-ply,157.5
67.5,57.5,50.4,F,Raw,92.5
250.0,185.0,106.68,M,Raw,235.0
117.5,105.0,91.3,M,Raw,150.0
197.5,85.0,99.0,F,Wraps,187.5
191.0,105.0,66.0,M,Wraps,220.0
85.4,69.9,40.8,M,Raw,93.3
222.5,200.0,106.28,M,Wraps,265.0
113.4,72.57,55.61,M,Single-ply,136.08
75.0,52.5,109.9,F,Raw,112.5
70.0,55.0,85.2,F,Wraps,100.0
120.0,62.5,81.8,F,Raw,152.5
190.0,120.0,81.7,M,Raw,237.5
332.5,242.5,119.4,M,Single-ply,270.0
192.5,132.5,74.7,M,Wraps,220.0
205.0,130.0,89.0,M,Single-ply,205.0
160.0,105.0,88.2,M,Raw,165.0
65.0,137.5,90.0,M,Single-ply,182.5
250.0,175.0,65.06,M,Single-ply,257.5
100.0,55.0,54.7,F,Wraps,135.0
120.0,57.5,64.05,F,Wraps,130.0
107.5,47.5,90.9,F,Raw,117.5
124.74,70.31,59.24,M,Single-ply,158.76
163.0,92.5,66.0,M,Raw,195.0
208.65,127.01,125.01,M,Single-ply,208.65
87.5,45.0,57.5,F,Raw,140.0
182.5,120.0,81.1,M,Single-ply,210.0
160.0,120.0,100.0,M,Single-ply,180.0
188.24,124.74,58.88,M,Single-ply,215.46
200.0,95.0,75.3,M,Single-ply,215.0
210.0,132.5,70.8,M,Single-ply,245.0
138.35,81.65,67.95,M,Single-ply,149.69
167.0,105.0,82.15,M,Raw,230.0
52.5,65.0,69.7,M,Raw,70.0
112.5,85.0,59.9,M,Raw,135.0
100.0,50.0,77.1,F,Raw,140.0
122.47,72.57,65.95,M,Single-ply,129.27
227.5,115.0,82.9,F,Single-ply,202.5
197.5,142.5,98.7,M,Raw,247.5
151.95,99.79,83.01,M,Single-ply,163.29
113.4,86.18,65.95,M,Single-ply,136.08
195.04,127.01,94.26,M,Single-ply,204.12
95.0,45.0,57.0,F,Raw,135.0
195.0,127.5,84.3,M,Raw,217.5
160.0,92.5,74.2,M,Single-ply,190.0
136.1,70.3,80.8,M,Raw,161.0
204.12,90.72,123.38,M,Single-ply,170.1
112.5,65.0,72.7,M,Single-ply,100.0
244.94,183.7,127.64,M,Wraps,290.3
110.0,57.5,92.4,F,Wraps,122.5
185.0,115.0,90.1,M,Raw,220.0
285.76,170.1,117.89,M,Single-ply,238.14
151.95,79.38,55.88,M,Single-ply,163.29
230.0,130.0,88.9,M,Wraps,227.5
113.4,97.52,59.6,M,Single-ply,127.01
222.5,160.0,80.9,F,Raw,265.0
104.33,61.23,67.13,F,Raw,151.95
175.0,92.5,55.36,F,Single-ply,175.0
300.0,210.0,103.6,M,Single-ply,285.0
50.0,30.0,56.79,F,Raw,72.5
102.06,72.57,82.37,M,Single-ply,136.08
182.5,92.5,79.1,M,Raw,192.5
257.5,185.0,130.4,M,Raw,310.0
127.5,65.0,60.3,F,Raw,142.5
215.0,155.0,82.1,M,Raw,237.5
90.72,52.16,54.39,M,Single-ply,97.52
97.5,52.5,70.81,M,Wraps,115.0
182.5,145.0,113.5,M,Raw,220.0
195.0,142.5,91.2,M,Raw,242.5
115.0,72.5,67.5,F,Single-ply,130.0
177.5,102.5,89.6,F,Single-ply,152.5
235.0,142.5,80.6,M,Raw,280.0
290.0,242.5,110.0,M,Single-ply,245.0
174.6,124.7,103.4,M,Raw,235.9
292.57,151.95,90.0,M,Multi-ply,224.53
112.5,67.5,56.0,F,Single-ply,140.0
80.0,60.0,77.5,M,Single-ply,115.0
231.33,124.74,73.39,M,Wraps,238.14
272.16,142.88,114.49,M,Single-ply,226.8
112.5,65.0,61.87,F,Raw,135.0
122.5,47.5,75.0,F,Single-ply,120.0
137.5,52.5,56.0,F,Raw,142.5
250.0,150.0,114.7,M,Raw,290.0
226.8,111.13,98.16,M,Single-ply,206.38
85.0,50.0,55.8,F,Raw,120.0
67.5,45.0,67.5,F,Single-ply,107.5
187.5,92.5,92.4,M,Raw,195.0
70.0,45.0,50.0,F,Raw,95.0
72.57,65.77,72.48,M,Single-ply,133.81
106.59,52.16,64.23,F,Raw,127.01
102.06,65.77,55.7,M,Single-ply,136.08
307.5,207.5,82.1,M,Single-ply,317.5
185.0,140.0,90.8,M,Raw,227.5
172.5,137.5,87.8,M,Raw,202.5
161.03,106.59,64.5,M,Single-ply,170.1
150.0,90.0,67.2,F,Single-ply,175.0
250.5,162.5,142.5,M,Raw,252.5
140.0,97.5,58.29,M,Wraps,185.0
82.5,47.5,59.4,F,Raw,137.5
45.0,47.5,65.63,F,Wraps,72.5
232.5,170.0,107.95,M,Raw,267.5
215.0,137.5,89.3,M,Single-ply,252.5
251.74,149.69,83.73,M,Single-ply,231.33
220.0,152.5,102.75,M,Raw,272.5
115.0,57.5,63.0,F,Raw,147.5
249.48,204.12,130.63,M,Wraps,278.96
220.0,170.0,96.3,M,Single-ply,240.0
150.0,125.0,101.6,M,Raw,190.0
65.0,57.5,70.0,F,Raw,90.0
131.54,70.31,56.7,M,Single-ply,154.22
200.0,117.5,90.0,M,Single-ply,215.0
205.0,120.0,88.0,M,Raw,227.5
142.5,92.5,118.7,M,Raw,197.5
132.5,100.0,58.84,M,Raw,147.5
242.5,152.5,122.0,M,Raw,245.0
85.0,47.5,72.0,F,Raw,92.5
180.0,127.5,80.65,M,Raw,212.5
133.81,79.38,89.54,M,Single-ply,142.88
149.69,111.13,71.85,M,Raw,163.29
207.5,142.5,94.7,M,Raw,205.0
161.03,106.59,73.94,M,Raw,217.72
125.0,57.5,71.7,F,Raw,140.0
190.0,137.5,86.3,M,Raw,232.5
230.0,135.0,81.6,M,Raw,240.0
200.0,122.5,102.8,M,Raw,230.0
177.5,110.0,91.65,M,Single-ply,210.0
215.46,136.08,88.0,M,Single-ply,215.46
265.0,170.0,122.8,M,Wraps,250.0
137.5,92.5,55.8,M,Raw,172.5
210.0,125.0,127.5,M,Raw,220.0
315.0,182.5,140.16,M,Raw,326.0
208.65,124.74,113.49,M,Single-ply,183.7
115.0,110.0,74.8,M,Raw,170.0
172.5,127.5,84.8,M,Raw,192.5
190.0,122.5,89.0,M,Single-ply,250.0
150.0,90.0,85.4,M,Single-ply,200.0
475.0,260.0,155.4,M,Wraps,390.0
105.0,60.0,64.59,F,Wraps,132.5
180.0,105.0,96.2,M,Wraps,200.0
100.0,70.0,48.22,M,Raw,126.0
252.5,150.0,107.68,M,Wraps,302.5
127.5,97.5,88.8,M,Raw,142.5
70.0,42.5,57.9,F,Single-ply,95.0
183.7,140.61,123.51,M,Single-ply,170.1
200.0,140.0,144.75,M,Single-ply,200.0
265.0,145.0,59.9,M,Single-ply,247.5
240.0,147.5,82.8,M,Raw,257.5
102.06,54.43,52.16,M,Single-ply,120.2
328.5,182.5,128.55,M,Wraps,357.5
175.0,108.0,74.5,M,Raw,235.0
235.0,150.0,94.15,M,Wraps,265.0
225.0,140.0,91.3,M,Single-ply,235.0
201.85,117.93,86.41,M,Single-ply,197.31
207.5,140.0,90.0,M,Single-ply,232.5
180.0,145.0,104.2,M,Raw,190.0
55.0,37.5,49.5,F,Raw,77.5
227.5,142.5,94.44,M,Single-ply,227.5
122.5,92.5,78.7,M,Raw,182.5
235.0,135.0,116.4,M,Raw,230.0
185.0,115.0,89.9,M,Raw,270.0
357.5,247.5,149.2,M,Single-ply,342.5
175.0,125.0,94.48,M,Raw,242.5
227.5,142.5,87.2,M,Raw,232.5
180.0,97.5,121.5,F,Raw,172.5
150.0,92.5,71.0,M,Raw,167.5
105.0,70.0,71.15,F,Raw,160.0
136.08,77.11,50.58,F,Multi-ply,124.74
347.5,192.5,110.0,M,Single-ply,322.5
132.5,75.0,69.1,F,Wraps,157.5
230.0,142.5,80.5,M,Raw,255.0
117.5,55.0,118.2,F,Raw,160.0
160.0,95.0,84.8,M,Raw,210.0
172.5,107.5,81.2,M,Raw,222.5
80.0,45.0,56.4,F,Raw,112.5
150.0,200.0,127.7,M,Single-ply,200.0
180.0,147.5,95.5,M,Raw,212.5
165.0,150.0,95.3,M,Single-ply,225.0
200.0,182.5,123.9,M,Wraps,192.5
192.78,102.06,120.84,M,Single-ply,201.85
181.44,115.67,95.89,M,Single-ply,185.97
140.61,83.91,85.28,M,Single-ply,174.63
182.5,115.0,82.2,M,Raw,202.5
82.5,45.0,56.3,F,Raw,100.0
201.85,149.69,72.94,M,Single-ply,213.19
160.0,100.0,110.9,M,Raw,185.0
85.0,50.0,82.1,F,Raw,95.0
155.0,117.5,66.72,M,Wraps,185.0
208.65,113.4,96.8,M,Single-ply,226.8
227.5,152.5,81.4,M,Raw,250.0
99.79,61.23,64.82,M,Wraps,108.86
215.0,127.5,119.0,M,Single-ply,225.0
72.5,32.5,50.5,F,Raw,87.5
147.42,108.86,117.93,M,Single-ply,154.22
113.4,99.79,70.35,M,Single-ply,161.03
238.14,136.08,142.61,M,Single-ply,197.31
195.0,150.0,82.9,M,Raw,220.0
170.0,107.5,82.7,M,Raw,227.5
167.5,112.5,66.3,M,Raw,217.5
50.0,100.0,82.0,M,Raw,160.0
105.0,47.5,61.75,F,Raw,147.5
129.27,86.18,63.96,M,Single-ply,122.47
230.0,180.0,103.9,M,Raw,260.0
185.0,120.0,73.7,M,Raw,235.0
205.7,129.3,105.5,M,Single-ply,205.7
285.0,220.0,122.5,M,Single-ply,270.0
136.08,113.4,70.53,M,Single-ply,165.56
187.5,142.5,105.6,M,Wraps,217.5
260.82,199.58,99.9,M,Wraps,256.28
192.78,124.74,76.11,M,Wraps,226.8
222.5,170.0,89.36,M,Wraps,265.0
150.0,85.0,82.0,M,Raw,190.0
125.0,82.5,72.6,M,Raw,155.0
95.0,75.0,70.1,M,Raw,125.0
92.99,54.43,61.42,F,Raw,108.86
87.5,47.5,70.3,F,Raw,112.5
210.0,182.5,98.5,M,Raw,250.0
285.0,202.5,90.0,M,Wraps,317.5
137.5,77.5,55.1,F,Raw,132.5
251.74,163.29,74.84,M,Wraps,242.67
210.92,142.88,73.57,M,Raw,213.19
292.5,152.5,142.1,M,Raw,300.0
220.0,142.5,89.3,M,Single-ply,237.5
117.5,62.5,84.0,F,Raw,142.5
85.0,55.0,58.3,F,Raw,120.0
177.5,117.5,72.8,M,Raw,190.0
77.5,47.5,60.4,F,Raw,95.0
115.0,62.5,60.6,F,Raw,135.0
210.0,127.5,91.7,M,Raw,230.0
195.04,108.86,82.74,M,Single-ply,185.97
170.0,95.0,70.7,M,Single-ply,185.0
77.5,47.5,46.0,F,Raw,85.0
205.0,137.5,101.66,M,Raw,230.0
263.08,167.83,99.34,M,Wraps,294.84
117.0,57.5,80.8,F,Raw,140.0
154.22,97.52,119.93,M,Single-ply,147.42
170.1,54.4,67.3,F,Single-ply,179.2
72.5,55.0,65.1,F,Wraps,135.0
165.0,82.5,82.0,F,Wraps,167.5
95.0,67.5,66.3,F,Wraps,150.0
177.5,150.0,88.2,M,Single-ply,207.5
115.0,55.0,46.4,F,Single-ply,130.0
199.58,90.72,76.66,M,Single-ply,201.85
142.88,83.91,99.61,M,Single-ply,163.29
77.5,45.0,66.7,F,Raw,102.5
272.16,145.15,140.16,M,Single-ply,215.46
70.0,70.0,64.7,M,Single-ply,135.0
226.8,165.56,109.77,M,Single-ply,204.12
165.0,90.0,67.01,F,Single-ply,152.5
142.88,106.59,66.68,M,Single-ply,151.95
100.0,52.5,58.2,F,Wraps,107.5
249.48,149.69,121.11,M,Single-ply,192.78
82.5,45.0,59.6,F,Raw,112.5
187.5,130.0,90.6,M,Raw,190.0
136.08,86.18,63.96,M,Single-ply,136.08
182.5,130.0,97.0,M,Raw,210.0
127.5,77.5,67.4,F,Raw,145.0
136.08,70.31,79.92,F,Wraps,156.49
185.0,117.5,79.3,M,Raw,192.5
190.0,107.5,74.21,M,Raw,237.5
170.1,106.59,74.21,M,Single-ply,170.1
290.0,172.5,115.6,M,Raw,300.0
285.0,175.0,107.5,M,Wraps,285.0
72.5,47.5,49.9,M,Raw,102.5
112.5,62.5,66.5,F,Raw,147.5
180.0,122.5,66.2,M,Single-ply,200.0
190.0,107.5,75.0,M,Single-ply,220.0
202.5,140.0,92.2,M,Raw,257.5
185.0,80.0,100.2,F,Single-ply,192.5
210.0,120.0,89.3,M,Raw,235.0
190.51,154.22,105.6,M,Raw,204.12
140.0,105.0,71.25,M,Wraps,190.0
102.5,76.0,71.1,F,Raw,127.5
157.5,102.5,96.9,M,Raw,205.0
155.0,112.5,92.6,M,Raw,187.5
140.0,98.0,56.6,F,Raw,164.0
129.27,92.99,79.11,M,Single-ply,165.56
40.0,30.0,41.3,F,Raw,82.5
180.0,120.0,71.5,M,Raw,225.0
167.83,113.4,89.81,M,Single-ply,167.83
238.14,145.15,125.0,M,Wraps,254.01
208.65,131.54,88.9,M,Single-ply,190.51
206.38,95.25,70.49,M,Single-ply,215.46
145.15,83.91,89.81,M,Single-ply,145.15
117.5,62.5,67.18,F,Raw,137.5
183.7,106.59,57.42,M,Single-ply,197.31
111.13,61.23,62.14,M,Single-ply,129.27
97.52,58.97,66.86,M,Single-ply,136.08
190.51,111.13,73.12,M,Single-ply,238.14
212.5,147.5,86.9,M,Wraps,262.5
90.0,65.0,54.9,F,Raw,102.5
142.88,83.91,54.43,M,Single-ply,145.15
200.0,145.0,87.8,M,Wraps,230.0
130.0,87.5,74.66,F,Wraps,147.5
157.5,72.5,86.3,F,Raw,165.0
182.5,82.5,80.6,F,Wraps,152.5
135.0,85.0,64.9,F,Raw,147.5
174.63,115.67,74.57,M,Single-ply,181.44
204.12,117.93,104.6,M,Single-ply,210.92
169.98,62.48,92.08,M,Single-ply,182.46
188.24,131.54,110.31,M,Single-ply,192.78
165.56,90.72,71.3,M,Single-ply,142.88
62.5,32.5,44.0,M,Wraps,80.0
238.0,145.0,93.95,M,Raw,275.0
82.5,47.5,50.0,F,Raw,97.5
110.0,80.0,75.0,M,Single-ply,172.5
177.5,100.0,93.8,M,Raw,222.5
179.17,95.25,77.56,M,Single-ply,163.29
162.5,120.0,73.5,M,Raw,217.5
149.69,70.31,58.2,M,Single-ply,149.69
112.5,65.0,50.9,M,Single-ply,145.0
165.56,136.08,74.3,M,Raw,195.04
254.0,165.6,183.7,M,Raw,256.3
210.0,130.0,105.7,M,Raw,235.0
170.0,102.5,82.2,M,Single-ply,160.0
117.93,70.31,51.17,M,Single-ply,102.06
230.0,165.0,74.0,M,Raw,227.5
142.5,100.0,91.0,M,Raw,187.5
140.0,230.0,150.9,M,Single-ply,140.0
150.0,107.5,90.0,M,Single-ply,200.0
172.5,120.02,116.03,M,Wraps,182.48
260.0,185.0,143.3,M,Raw,260.0
132.5,100.0,59.05,M,Single-ply,185.0
150.0,105.0,65.6,M,Raw,170.0
195.04,102.06,73.3,M,Single-ply,240.4
110.0,55.0,61.74,F,Single-ply,120.0
102.5,55.0,61.6,F,Wraps,130.0
197.5,112.5,81.3,M,Raw,230.0
240.4,140.61,106.59,M,Single-ply,238.14
172.5,132.5,73.7,M,Raw,212.5
165.56,92.99,99.79,M,Single-ply,158.76
82.5,45.0,65.2,M,Raw,110.0
197.5,132.5,124.83,M,Raw,220.0
200.0,135.0,73.8,M,Single-ply,255.0
207.5,130.0,120.8,M,Raw,252.5
217.72,145.15,114.03,M,Single-ply,190.51
242.5,175.0,114.0,M,Raw,277.5
237.5,165.0,90.72,M,Wraps,277.5
122.5,115.0,70.2,M,Wraps,62.5
120.0,85.0,71.0,M,Raw,155.0
150.0,75.0,66.6,M,Single-ply,175.0
199.58,156.49,72.57,M,Single-ply,226.8
220.0,145.0,98.43,M,Single-ply,240.0
100.0,65.0,67.5,M,Single-ply,130.0
105.0,57.5,69.2,F,Raw,145.0
197.5,130.0,88.2,M,Single-ply,217.5
205.0,145.0,82.3,M,Raw,235.0
185.0,120.0,77.34,M,Wraps,195.0
265.0,160.0,123.1,M,Raw,227.5
127.5,72.5,88.9,M,Raw,165.0
200.0,160.0,88.0,M,Raw,235.0
142.5,105.0,79.92,M,Single-ply,190.0
129.27,86.18,67.5,M,Raw,170.1
90.72,49.9,46.45,M,Single-ply,88.45
192.5,110.0,81.0,M,Raw,212.5
110.0,115.0,94.1,M,Single-ply,165.0
105.0,60.0,65.11,F,Raw,115.0
242.5,150.0,122.79,M,Raw,227.5
350.0,162.5,101.3,M,Single-ply,255.0
147.5,100.0,71.5,M,Single-ply,160.0
85.0,52.5,59.7,F,Raw,107.5
124.74,77.11,108.95,M,Single-ply,127.01
326.59,210.92,107.05,M,Multi-ply,272.16
227.5,142.5,72.7,M,Raw,237.5
247.5,142.5,91.5,M,Raw,300.0
227.5,165.0,101.5,M,Raw,275.0
142.5,107.5,99.1,M,Raw,215.0
190.0,120.0,87.5,M,Raw,220.0
145.0,75.0,58.01,F,Single-ply,160.0
120.0,50.0,56.4,F,Raw,137.5
272.16,154.22,110.22,M,Single-ply,219.99
150.0,115.0,93.3,M,Single-ply,220.0
140.0,60.0,55.0,F,Wraps,135.0
120.0,117.5,97.43,M,Raw,140.0
190.0,135.0,70.5,M,Raw,235.0
165.0,135.0,92.7,M,Raw,200.0
117.5,60.0,81.6,F,Wraps,145.0
205.0,125.0,85.45,M,Raw,190.0
302.5,197.5,86.4,M,Raw,297.5
147.42,74.84,70.67,M,Single-ply,149.69
194.59,164.65,67.5,M,Single-ply,217.27
147.5,77.5,62.1,F,Raw,175.0
97.52,54.43,49.8,M,Single-ply,113.4
197.5,140.0,82.6,M,Raw,250.0
200.0,120.0,74.84,M,Wraps,240.0
85.0,45.0,62.8,M,Raw,95.0
117.93,88.45,70.22,M,Wraps,183.7
260.0,205.0,123.5,M,Raw,300.0
263.08,199.58,108.86,M,Wraps,299.37
125.0,70.0,71.1,M,Raw,185.0
120.0,62.5,84.7,F,Wraps,125.0
207.5,180.0,97.6,M,Raw,305.0
157.5,85.0,73.0,M,Raw,185.0
110.0,75.0,69.82,F,Raw,137.5
137.5,85.0,73.7,M,Raw,165.0
170.0,100.0,74.1,F,Single-ply,160.0
142.88,92.99,71.94,M,Single-ply,170.1
120.0,65.0,64.5,F,Raw,150.0
92.5,42.5,51.62,F,Wraps,100.0
192.5,125.0,105.5,M,Single-ply,230.0
220.0,147.5,81.3,M,Raw,245.0
195.0,140.0,106.0,M,Single-ply,190.0
115.67,56.7,73.03,F,Wraps,129.27
75.0,37.5,65.2,F,Raw,115.0
260.0,162.5,105.0,M,Raw,272.5
85.0,47.5,55.4,F,Raw,100.0
157.5,115.0,65.1,M,Raw,227.5
149.69,99.79,74.8,M,Single-ply,158.76
142.5,85.0,55.3,M,Single-ply,185.0
237.5,160.0,88.72,M,Raw,292.5
112.5,72.5,142.5,F,Single-ply,137.5
180.0,145.0,80.5,M,Single-ply,185.0
185.0,130.0,73.9,M,Raw,237.5
135.0,65.0,70.3,F,Raw,140.0
183.7,145.15,82.1,M,Single-ply,188.24
190.0,135.0,99.8,M,Raw,230.0
175.0,147.5,106.13,F,Single-ply,135.0
200.0,130.0,72.5,M,Raw,220.0
165.0,105.0,80.5,M,Raw,175.0
250.0,195.0,107.0,M,Wraps,282.5
190.51,133.81,89.09,M,Single-ply,204.12
210.0,160.0,89.5,M,Single-ply,232.5
65.77,40.82,51.44,F,Wraps,83.91
97.5,60.0,69.2,F,Raw,125.0
77.11,45.36,57.06,F,Raw,113.4
258.55,163.29,89.63,M,Wraps,272.16
160.0,165.0,103.2,M,Single-ply,235.0
87.5,42.5,58.3,F,Raw,102.5
244.94,151.95,89.45,M,Raw,281.23
200.0,142.5,86.3,M,Single-ply,220.0
88.45,43.09,49.08,M,Single-ply,95.25
220.0,135.0,74.6,M,Single-ply,247.5
125.0,95.0,99.43,M,Wraps,185.0
140.0,92.5,126.7,M,Raw,185.0
177.5,122.5,107.3,M,Raw,252.5
262.5,195.0,90.7,M,Raw,310.0
290.0,182.5,107.3,M,Single-ply,337.5
165.0,120.0,73.26,M,Wraps,222.5
185.0,120.0,72.4,M,Raw,190.0
130.0,75.0,63.8,F,Raw,162.5
170.1,102.06,107.05,M,Single-ply,136.08
217.72,142.88,78.47,M,Wraps,260.82
240.0,175.0,101.1,M,Single-ply,235.0
132.5,82.5,73.39,F,Raw,177.5
230.0,147.5,102.0,M,Raw,275.0
160.0,100.0,83.6,M,Single-ply,180.0
152.5,107.5,87.9,M,Raw,202.5
145.0,112.5,86.18,M,Wraps,192.5
190.0,155.0,103.5,M,Raw,200.0
180.0,102.5,66.25,M,Single-ply,187.5
102.06,70.31,58.88,M,Single-ply,133.81
100.0,52.5,55.7,F,Raw,122.5
185.0,115.0,65.1,M,Raw,240.0
230.0,160.0,89.8,M,Wraps,285.0
230.0,135.0,76.4,M,Single-ply,230.0
290.0,175.0,100.0,M,Single-ply,292.5
272.5,195.0,104.3,M,Wraps,280.0
219.99,136.08,92.26,M,Single-ply,233.6
140.0,110.0,82.2,M,Raw,180.0
180.0,152.5,78.4,M,Single-ply,207.5
165.56,124.74,76.2,M,Single-ply,179.17
65.0,42.5,69.2,F,Raw,115.0
20.0,30.0,69.7,F,Raw,42.5
120.0,70.0,88.55,F,Raw,150.0
272.16,199.58,99.79,M,Wraps,285.76
47.5,40.0,57.5,F,Raw,85.0
142.5,105.0,86.4,M,Raw,167.5
158.76,115.67,100.33,M,Single-ply,156.49
158.8,65.8,99.6,F,Single-ply,136.1
125.0,57.5,70.3,F,Raw,145.0
112.5,57.5,65.6,F,Single-ply,120.0
175.0,132.5,80.8,M,Raw,225.0
160.0,185.0,82.5,M,Single-ply,172.5
57.5,37.5,71.1,F,Raw,100.0
110.0,57.5,65.6,F,Raw,125.0
152.5,97.5,74.1,M,Raw,180.0
155.0,80.0,62.7,F,Raw,175.0
220.0,150.0,103.08,M,Raw,275.0
215.0,162.5,86.3,M,Wraps,217.5
210.0,160.0,109.9,M,Single-ply,200.0
195.0,157.5,124.4,M,Raw,230.0
165.56,111.13,88.27,M,Single-ply,154.22
100.0,40.0,63.18,F,Raw,122.5
60.0,47.5,59.9,F,Raw,110.0
227.5,175.0,125.0,M,Raw,292.5
170.1,104.33,102.06,M,Single-ply,147.42
260.82,147.42,119.52,M,Single-ply,226.8
270.0,170.0,65.77,M,Single-ply,235.0
207.5,130.0,90.2,M,Raw,205.0
120.0,87.5,74.0,F,Raw,132.5
207.5,140.0,73.85,M,Raw,245.0
102.5,57.5,54.43,F,Raw,137.5
205.0,150.0,81.2,M,Single-ply,215.0
83.91,52.16,59.87,M,Single-ply,111.13
195.04,108.86,97.16,M,Single-ply,183.7
170.1,95.25,73.84,M,Single-ply,181.44
165.0,87.5,79.95,M,Raw,205.0
75.0,52.5,85.4,F,Raw,127.5
192.78,104.33,111.04,M,Single-ply,192.78
202.5,142.5,93.3,M,Raw,237.5
227.5,165.0,76.8,M,Raw,227.5
52.5,40.0,72.0,F,Wraps,80.0
182.5,125.0,83.8,M,Raw,225.0
233.6,149.69,113.4,M,Single-ply,294.84
182.5,140.0,65.2,M,Single-ply,200.0
195.0,140.0,134.7,M,Raw,252.5
160.0,75.0,75.2,F,Single-ply,165.0
227.5,155.0,78.9,M,Raw,272.5
204.12,129.27,101.79,M,Wraps,235.87
292.5,227.5,108.9,M,Single-ply,267.5
190.0,125.0,67.5,M,Single-ply,205.0
167.83,97.52,51.26,M,Single-ply,213.19
182.5,115.0,81.1,M,Single-ply,217.5
206.38,108.86,97.07,M,Wraps,229.06
260.0,150.0,98.1,M,Wraps,300.0
167.5,112.5,65.0,M,Raw,175.0
140.0,62.5,105.6,F,Wraps,150.0
115.0,67.5,66.05,F,Wraps,137.5
85.0,40.0,75.0,F,Single-ply,122.5
215.0,150.0,88.8,M,Single-ply,245.0
90.0,42.5,63.0,F,Raw,92.5
227.5,155.0,82.8,M,Raw,272.5
337.5,157.5,182.5,M,Wraps,272.5
165.0,117.5,140.1,M,Single-ply,180.0
190.0,132.5,74.3,M,Raw,220.0
102.06,68.04,64.41,M,Single-ply,142.88
204.12,117.93,123.01,M,Single-ply,208.65
362.87,233.6,98.97,M,Multi-ply,288.03
274.42,147.42,109.09,M,Single-ply,238.14
167.83,102.06,101.06,M,Single-ply,199.58
77.5,45.0,62.2,F,Raw,115.0
97.5,47.5,72.0,F,Raw,130.0
229.06,151.95,112.94,M,Single-ply,210.92
49.9,49.9,63.41,F,Raw,99.79
183.7,86.18,89.36,M,Single-ply,199.58
278.96,147.42,136.98,M,Single-ply,242.67
250.0,190.0,90.0,M,Wraps,245.0
162.5,82.5,101.0,F,Raw,172.5
158.76,97.52,103.87,M,Single-ply,190.51
87.5,42.5,88.1,F,Raw,100.0
252.5,147.5,109.1,M,Raw,232.5
140.61,124.74,66.77,F,Wraps,172.37
102.06,83.91,72.57,M,Wraps,149.69
175.0,110.0,92.9,M,Raw,250.0
170.1,99.79,99.61,M,Single-ply,172.37
188.24,106.59,98.88,M,Single-ply,192.78
254.01,154.22,102.06,M,Single-ply,260.82
210.92,108.86,98.61,M,Single-ply,204.12
105.0,65.0,61.75,F,Raw,120.0
124.74,92.99,54.52,M,Single-ply,142.88
80.0,45.0,89.7,F,Single-ply,115.0
324.32,190.51,123.2,M,Wraps,256.28
188.24,120.2,89.81,M,Single-ply,226.8
145.0,72.5,96.2,F,Raw,140.0
112.5,77.5,71.4,M,Raw,170.0
265.0,170.0,108.6,M,Raw,275.0
180.0,155.0,87.5,M,Raw,210.0
260.82,138.35,123.56,M,Wraps,260.82
147.5,90.0,51.4,M,Single-ply,182.5
100.0,52.5,54.8,F,Raw,155.0
294.84,147.42,144.24,M,Single-ply,197.31
170.0,107.5,103.7,M,Raw,172.5
210.0,157.5,126.3,M,Single-ply,272.5
210.0,167.5,101.0,M,Raw,237.5
77.5,45.0,59.6,F,Raw,120.0
165.0,85.0,83.0,F,Single-ply,170.0
172.5,140.0,82.62,M,Raw,232.5
219.99,140.61,89.27,M,Wraps,249.48
142.88,81.65,140.43,M,Single-ply,142.88
113.4,65.77,74.66,F,Wraps,138.35
226.8,124.74,99.06,M,Single-ply,199.58
70.31,56.7,69.9,F,Wraps,102.06
240.0,100.0,64.6,M,Single-ply,212.5
205.0,130.0,73.9,M,Single-ply,190.0
199.58,115.67,108.23,M,Raw,208.65
181.44,111.13,110.95,M,Single-ply,183.7
158.76,92.99,72.12,M,Single-ply,172.37
202.5,140.0,116.6,M,Wraps,197.5
270.0,155.0,130.7,M,Raw,250.0
86.18,49.9,54.98,F,Raw,127.01
242.5,152.5,107.09,M,Single-ply,265.0
122.5,67.5,46.67,F,Raw,150.0
83.91,52.16,88.22,M,Single-ply,108.86
226.8,158.76,107.95,M,Single-ply,206.38
185.0,155.0,90.4,M,Raw,230.0
70.0,47.5,61.45,F,Raw,100.0
272.5,160.0,107.82,M,Single-ply,290.0
226.8,129.27,97.43,M,Single-ply,219.99
190.0,115.0,72.4,M,Single-ply,202.5
182.5,122.5,79.4,M,Raw,240.0
133.81,92.99,67.4,M,Single-ply,156.49
177.5,62.5,109.95,F,Single-ply,155.0
222.5,135.0,82.4,M,Single-ply,247.5
170.0,110.0,55.5,F,Single-ply,172.5
112.5,70.0,60.4,F,Raw,125.0
240.4,156.49,122.47,M,Single-ply,213.19
108.86,72.57,56.25,M,Single-ply,104.33
250.0,160.0,80.9,M,Wraps,250.0
397.5,350.0,150.05,M,Multi-ply,345.0
65.0,37.5,68.05,F,Raw,92.5
185.0,140.0,104.9,M,Raw,230.0
177.5,112.5,80.7,M,Raw,217.5
183.7,142.88,81.28,M,Single-ply,206.38
132.5,65.0,61.8,F,Raw,152.5
190.51,104.33,67.13,M,Wraps,188.24
170.1,120.2,100.0,M,Wraps,204.12
145.0,65.0,52.0,M,Single-ply,170.0
257.5,162.5,89.15,M,Raw,272.5
167.83,102.06,63.91,M,Single-ply,185.97
162.5,125.0,88.4,M,Single-ply,200.0
95.0,52.5,50.0,F,Raw,95.0
238.14,136.08,97.07,M,Single-ply,224.53
320.0,227.5,109.18,M,Raw,315.0
210.0,137.5,82.8,M,Raw,275.0
242.67,120.2,98.7,M,Wraps,272.16
90.72,43.09,48.72,M,Single-ply,108.86
167.5,137.5,116.5,F,Single-ply,170.0
190.0,110.0,103.4,M,Raw,202.5
195.0,157.5,98.38,M,Wraps,227.5
222.26,167.83,84.01,M,Wraps,249.48
257.5,165.0,70.32,M,Single-ply,260.0
215.0,150.0,88.22,M,Raw,298.0
75.0,40.0,53.3,F,Raw,70.0
138.35,68.04,84.46,M,Single-ply,156.49
319.78,215.46,81.47,M,Wraps,308.44
90.0,65.0,60.0,F,Raw,110.0
102.5,72.5,81.5,F,Single-ply,120.0
202.5,125.0,91.35,M,Raw,252.5
120.0,70.0,93.6,F,Raw,137.5
35.0,45.0,57.45,M,Raw,90.0
270.0,162.5,89.86,M,Wraps,262.5
131.54,88.45,54.88,M,Single-ply,145.15
165.56,117.93,71.58,M,Single-ply,204.12
115.0,87.5,70.3,F,Raw,150.0
92.5,55.0,54.0,F,Raw,127.5
145.0,60.0,57.8,F,Raw,165.0
220.0,165.0,109.5,M,Single-ply,215.0
177.5,115.0,64.08,M,Raw,217.5
127.01,83.91,64.77,M,Single-ply,142.88
195.0,135.0,82.2,M,Raw,255.0
100.0,50.0,69.5,F,Raw,107.5
252.5,165.0,80.7,M,Single-ply,282.5
272.5,197.5,88.99,M,Raw,272.5
117.5,62.5,65.3,F,Raw,120.0
192.5,120.0,73.4,M,Raw,232.5
77.5,45.0,55.0,M,Raw,102.5
127.5,125.0,92.2,M,Raw,167.5
172.5,155.0,96.43,M,Raw,215.0
172.5,140.0,92.5,M,Raw,220.0
260.0,170.0,88.7,M,Single-ply,230.0
92.5,70.0,60.8,M,Raw,125.0
120.0,70.0,51.4,F,Raw,155.0
102.06,68.04,75.0,M,Wraps,151.95
112.5,85.0,74.98,F,Raw,145.0
167.5,97.5,63.1,F,Single-ply,167.5
215.0,115.0,81.8,M,Wraps,275.0
142.88,86.18,71.21,M,Single-ply,149.69
97.52,58.97,73.39,F,Raw,120.2
227.5,117.5,119.0,M,Raw,225.0
226.8,145.15,87.54,M,Single-ply,222.26
140.0,110.0,108.2,M,Raw,190.0
206.38,113.4,118.84,M,Wraps,215.46
462.66,353.8,148.14,M,Multi-ply,340.19
115.0,70.0,75.65,M,Single-ply,180.0
157.4,87.54,89.58,F,Single-ply,142.43
180.0,122.5,80.2,M,Raw,207.5
245.0,160.0,117.0,M,Raw,240.0
175.0,95.0,110.6,F,Raw,195.0
187.5,102.5,83.9,M,Single-ply,200.0
187.5,130.0,73.4,M,Raw,230.0
104.33,58.97,56.25,M,Single-ply,115.67
240.0,162.5,82.5,M,Single-ply,265.0
332.5,172.5,126.4,M,Raw,295.0
232.5,187.5,107.5,M,Raw,282.5
138.35,70.31,71.49,M,Single-ply,156.49
342.5,232.5,118.9,M,Single-ply,302.5
175.0,110.0,92.9,M,Raw,235.0
387.5,170.0,124.74,M,Multi-ply,295.0
195.0,125.0,100.0,M,Raw,222.5
205.0,140.0,82.6,M,Raw,237.5
197.5,137.5,88.1,M,Wraps,217.5
142.5,77.5,73.7,F,Raw,165.0
202.5,117.5,80.0,M,Single-ply,255.0
117.5,80.0,65.0,M,Raw,160.0
170.1,120.2,102.06,M,Single-ply,181.44
181.44,99.79,65.14,M,Single-ply,185.97
230.0,157.5,97.0,M,Wraps,275.0
176.9,90.72,67.13,M,Single-ply,149.69
113.4,90.72,81.28,M,Single-ply,102.06
145.0,77.5,56.7,M,Raw,197.5
238.14,176.9,146.51,M,Single-ply,249.48
111.13,56.7,59.24,F,Wraps,138.35
197.31,136.08,84.05,M,Single-ply,215.46
147.42,104.33,78.02,M,Single-ply,158.76
157.5,87.5,74.2,M,Raw,192.5
272.5,182.5,99.9,M,Wraps,265.0
92.5,50.0,74.1,F,Wraps,130.0
112.5,60.0,71.0,F,Raw,137.5
226.8,165.56,109.68,M,Multi-ply,206.38
195.0,120.0,108.8,M,Raw,210.0
235.87,185.97,87.09,M,Single-ply,254.01
163.29,102.06,87.27,M,Single-ply,170.1
175.0,110.0,64.9,M,Raw,227.5
165.0,97.5,90.63,M,Raw,200.0
89.92,99.9,100.0,M,Single-ply,122.47
100.0,55.0,63.0,F,Raw,155.0
237.5,167.5,122.0,M,Raw,250.0
385.0,277.5,116.85,M,Single-ply,377.5
107.5,60.0,55.0,F,Raw,130.0
145.15,83.91,73.07,M,Single-ply,149.69
165.56,90.72,73.94,M,Single-ply,167.83
167.83,79.38,97.98,M,Single-ply,190.51
263.08,113.4,86.64,M,Multi-ply,226.8
77.5,50.0,61.4,F,Raw,97.5
226.8,149.69,108.14,M,Single-ply,204.12
182.5,130.0,125.0,M,Raw,182.5
240.0,182.5,97.07,M,Single-ply,230.0
187.5,125.0,66.75,M,Raw,227.5
113.4,70.31,55.79,M,Single-ply,147.42
152.5,82.5,72.0,F,Raw,170.0
115.67,65.77,59.24,M,Single-ply,120.2
170.0,132.5,81.2,M,Raw,220.0
195.04,136.08,91.81,M,Wraps,217.72
97.5,55.0,51.0,F,Raw,107.5
206.38,147.42,96.71,M,Raw,244.94
106.59,54.43,72.57,M,Single-ply,106.59
195.0,140.0,97.7,M,Raw,212.5
170.0,125.0,85.2,M,Single-ply,205.0
176.9,117.93,74.57,M,Single-ply,197.31
250.0,170.0,98.5,M,Single-ply,242.5
207.5,147.5,93.1,M,Single-ply,212.5
325.0,207.5,114.64,M,Raw,290.0
275.0,185.0,119.8,M,Raw,275.0
152.5,80.0,102.92,F,Raw,142.5
421.84,272.16,121.2,M,Multi-ply,317.51
115.0,80.0,66.6,F,Single-ply,135.0
222.5,152.5,81.3,M,Raw,222.5
280.0,270.0,112.2,M,Single-ply,235.0
100.0,65.0,70.5,F,Raw,120.0
151.95,95.25,77.02,M,Wraps,183.7
174.63,83.91,99.16,M,Raw,185.97
142.5,85.0,58.1,M,Raw,155.0
105.0,67.5,67.5,F,Raw,150.0
262.5,167.5,108.5,M,Wraps,292.5
190.51,113.4,84.37,M,Single-ply,226.8
180.0,125.0,101.5,M,Raw,230.0
181.44,102.06,87.63,M,Raw,249.48
337.47,242.49,98.43,M,Multi-ply,317.51
100.0,55.0,88.4,F,Single-ply,135.0
182.5,167.5,91.85,M,Raw,180.0
120.0,80.0,58.06,M,Wraps,142.5
305.0,167.5,67.2,M,Single-ply,302.5
195.04,104.33,66.22,M,Single-ply,231.33
207.5,137.5,82.3,M,Raw,235.0
192.78,167.83,99.79,M,Wraps,206.38
140.0,145.0,111.0,M,Raw,215.0
204.12,117.93,66.95,M,Single-ply,190.51
192.5,137.5,73.3,M,Raw,205.0
232.5,177.5,103.25,M,Raw,240.0
192.5,122.5,81.01,M,Raw,252.5
155.0,115.0,90.7,M,Raw,192.5
195.0,122.5,89.9,M,Raw,210.0
156.49,120.2,148.32,M,Single-ply,158.76
181.44,102.06,86.36,M,Single-ply,192.78
67.5,65.0,80.2,F,Raw,105.0
165.0,110.0,68.2,M,Raw,205.0
200.0,120.0,76.3,M,Single-ply,240.0
72.57,36.29,51.26,M,Single-ply,104.33
105.0,70.0,79.4,F,Raw,150.0
161.03,97.52,58.51,M,Single-ply,197.31
249.48,158.76,93.89,M,Single-ply,215.46
192.78,115.67,70.31,M,Single-ply,199.58
260.0,205.0,109.5,M,Wraps,307.5
145.0,87.5,92.1,F,Raw,165.0
205.0,155.0,103.5,M,Raw,220.0
182.5,102.5,92.0,M,Raw,187.5
222.26,129.27,98.43,M,Single-ply,235.87
195.04,90.72,119.78,M,Single-ply,174.63
145.0,75.0,81.45,M,Wraps,150.0
227.5,142.5,81.7,M,Raw,235.0
325.0,205.0,142.5,M,Raw,310.0
232.5,170.0,118.7,M,Raw,230.0
147.5,97.5,65.0,M,Raw,190.0
251.74,122.47,119.66,M,Single-ply,235.87
110.0,77.5,91.8,F,Raw,142.5
82.5,57.5,59.4,F,Raw,110.0
197.31,117.93,96.52,M,Single-ply,201.85
255.0,192.5,96.8,M,Wraps,262.5
127.01,61.23,58.6,F,Wraps,145.15
215.46,163.29,99.52,M,Single-ply,226.8
181.44,133.81,89.58,M,Multi-ply,179.17
282.5,192.5,98.4,M,Wraps,290.0
181.44,90.72,125.55,M,Single-ply,172.37
150.0,115.0,58.54,M,Raw,180.0
190.51,102.06,71.76,M,Single-ply,199.58
102.5,62.5,74.3,F,Raw,145.0
133.81,70.31,66.22,M,Single-ply,151.95
145.0,110.0,73.8,M,Raw,165.0
90.0,42.5,77.2,F,Raw,107.5
110.0,150.0,78.4,M,Single-ply,145.0
226.8,131.54,79.38,M,Single-ply,224.53
219.99,131.54,77.11,M,Single-ply,208.65
387.49,227.5,99.79,M,Single-ply,322.5
117.93,65.77,87.0,F,Wraps,122.47
180.0,140.0,94.35,M,Raw,260.0
142.88,72.57,66.13,M,Single-ply,161.03
142.5,72.5,97.3,F,Raw,150.0
132.5,77.5,74.7,F,Raw,182.5
181.4,124.7,86.2,M,Single-ply,204.1
117.93,70.31,63.78,M,Single-ply,122.47
187.5,145.0,72.55,M,Raw,230.0
113.4,65.77,67.13,M,Single-ply,136.08
187.5,140.0,82.2,M,Raw,200.0
120.2,61.23,80.2,F,Wraps,140.61
258.0,160.0,90.7,M,Raw,272.5
190.0,150.0,104.8,M,Raw,215.0
140.0,105.0,56.0,M,Single-ply,190.0
70.0,37.5,60.0,F,Raw,102.5
162.5,102.5,75.0,M,Raw,195.0
225.0,142.5,82.3,M,Raw,270.0
317.5,240.0,128.21,M,Single-ply,282.5
190.0,142.5,124.19,M,Wraps,250.0
217.72,151.95,73.48,M,Single-ply,213.19
195.0,130.0,90.0,M,Raw,210.0
90.0,55.0,62.3,F,Raw,120.0
77.5,52.5,93.7,M,Raw,102.5
147.5,102.5,80.6,F,Raw,190.0
195.0,145.0,107.72,M,Raw,212.5
210.92,147.42,109.77,M,Wraps,238.14
137.5,85.0,85.2,F,Raw,160.0
160.0,120.0,104.2,M,Raw,192.5
340.0,217.5,110.0,M,Single-ply,342.5
172.5,112.5,80.65,M,Single-ply,232.5
133.81,79.38,89.81,M,Single-ply,156.49
206.38,151.95,84.73,M,Wraps,247.21
274.42,172.37,98.61,M,Raw,272.16
120.0,70.0,64.9,M,Raw,165.0
227.5,137.5,107.86,M,Wraps,272.5
220.0,160.0,144.7,M,Raw,230.0
216.0,125.0,71.2,M,Raw,250.0
320.0,160.0,114.3,M,Single-ply,272.5
197.31,120.2,117.03,M,Single-ply,181.44
82.5,60.0,69.8,F,Raw,92.5
240.0,160.0,89.2,M,Single-ply,225.0
151.95,92.99,60.87,M,Single-ply,174.63
140.0,70.0,84.2,F,Raw,130.0
201.85,106.59,64.86,M,Single-ply,208.65
102.5,52.5,66.45,F,Raw,137.5
111.13,58.97,75.0,F,Wraps,138.35
192.5,125.0,90.0,M,Single-ply,215.0
222.5,132.5,89.4,M,Raw,252.5
220.0,115.0,81.2,M,Wraps,232.5
165.0,142.5,102.65,M,Raw,227.5
113.4,72.57,89.09,M,Single-ply,138.35
180.0,195.0,106.4,M,Single-ply,215.0
202.5,137.5,105.6,M,Raw,232.5
227.52,204.98,149.4,M,Wraps,227.52
90.0,50.0,58.7,F,Raw,92.5
292.57,142.88,109.5,M,Single-ply,226.8
150.0,120.0,97.9,M,Single-ply,200.0
160.0,102.5,77.93,F,Single-ply,175.0
102.06,61.23,74.39,F,Wraps,113.4
142.88,83.91,71.21,M,Single-ply,156.49
142.88,74.84,108.14,M,Single-ply,183.7
97.5,47.5,64.2,F,Raw,122.5
67.5,40.0,48.0,F,Raw,87.5
250.0,175.0,115.2,M,Raw,275.0
227.5,137.5,107.68,M,Wraps,220.0
219.99,142.88,109.59,M,Single-ply,206.38
208.65,129.27,81.92,M,Single-ply,204.12
150.0,105.0,80.4,M,Raw,175.0
92.5,57.5,50.7,F,Raw,130.0
160.0,80.0,118.2,F,Raw,170.0
367.5,207.5,158.67,M,Wraps,347.5
85.0,60.0,68.6,F,Raw,145.0
305.0,190.0,75.0,M,Single-ply,312.5
175.0,102.5,82.4,M,Raw,230.0
135.0,72.5,79.2,F,Raw,162.5
233.6,136.08,102.69,M,Single-ply,190.51
170.1,106.59,85.0,M,Single-ply,181.44
328.85,183.7,108.68,M,Wraps,365.14
163.29,117.93,93.17,M,Single-ply,147.42
67.5,40.0,59.3,F,Raw,100.0
165.56,95.25,55.39,M,Single-ply,183.7
187.5,122.5,109.1,M,Raw,237.5
151.95,81.65,65.86,M,Single-ply,149.69
235.0,167.5,79.2,M,Wraps,235.0
192.5,132.5,78.9,M,Single-ply,200.0
87.5,52.5,58.1,F,Raw,105.0
232.5,152.5,106.2,M,Raw,280.0
192.5,135.0,97.4,M,Raw,240.0
176.9,102.06,72.12,M,Single-ply,181.44
195.0,142.5,82.2,M,Raw,242.5
162.5,142.5,72.4,M,Raw,187.5
272.5,220.0,95.53,M,Single-ply,300.0
250.0,180.0,107.3,M,Single-ply,240.0
100.0,60.0,61.5,F,Raw,110.0
265.0,162.5,108.5,M,Wraps,282.5
272.5,227.5,88.81,M,Single-ply,232.5
152.5,125.0,138.44,M,Raw,237.5
220.0,127.5,67.5,M,Single-ply,270.0
275.0,150.0,99.6,M,Single-ply,320.0
272.16,136.08,120.2,M,Single-ply,204.12
105.0,55.0,66.1,F,Raw,127.5
140.0,77.5,116.3,F,Single-ply,130.0
92.5,47.6,51.5,F,Raw,112.5
207.5,127.5,132.0,M,Raw,195.0
228.0,152.5,82.6,M,Raw,272.5
210.0,122.5,74.0,M,Single-ply,237.5
162.5,82.5,65.5,M,Raw,200.0
156.49,120.2,128.64,M,Single-ply,172.37
172.5,107.5,64.95,M,Raw,172.5
162.5,137.5,98.34,M,Raw,237.5
90.0,55.0,64.8,F,Raw,117.5
120.0,72.5,57.0,F,Raw,137.5
187.5,90.0,66.45,M,Single-ply,195.0
192.78,188.24,97.34,M,Wraps,244.94
240.0,137.5,104.0,M,Raw,245.0
108.9,61.2,59.2,M,Single-ply,154.2
113.4,127.0,95.4,M,Raw,213.2
155.0,107.5,78.15,M,Raw,175.0
249.48,147.42,128.28,M,Single-ply,192.78
232.5,147.5,89.36,M,Wraps,257.5
167.5,115.0,97.45,M,Wraps,240.0
142.88,68.04,134.35,M,Single-ply,136.08
153.0,75.0,62.6,F,Raw,172.0
160.0,87.5,81.7,F,Raw,145.0
285.76,158.76,120.2,M,Single-ply,256.28
297.5,172.5,139.6,M,Raw,320.0
127.5,77.5,79.2,F,Raw,165.0
252.5,165.0,81.92,M,Raw,270.0
280.0,225.0,82.13,M,Single-ply,300.0
192.5,137.5,73.7,M,Raw,225.0
207.5,115.0,75.0,M,Single-ply,182.5
187.5,115.0,78.9,M,Raw,200.0
275.0,177.5,154.8,M,Single-ply,277.5
190.0,115.0,74.6,M,Single-ply,230.0
280.0,162.5,134.6,M,Wraps,317.5
205.0,140.0,79.7,M,Raw,245.0
156.49,68.04,98.88,M,Single-ply,167.83
217.5,112.5,79.8,M,Raw,235.0
122.5,80.0,99.4,F,Raw,140.0
195.0,125.0,80.2,M,Raw,235.0
363.5,210.0,133.8,M,Raw,185.0
70.0,55.0,108.0,F,Raw,155.0
137.5,67.5,80.46,F,Raw,165.0
247.5,177.5,96.3,M,Wraps,262.5
158.76,79.38,133.36,M,Single-ply,183.7
187.5,155.0,78.3,M,Raw,225.0
140.0,72.5,81.7,F,Raw,147.5
74.84,45.36,86.27,F,Raw,99.79
208.65,127.01,97.7,M,Wraps,249.48
227.5,127.5,92.4,M,Single-ply,242.5
100.0,65.0,70.2,F,Raw,165.0
124.74,81.65,59.87,M,Single-ply,138.35
136.08,79.38,64.09,M,Single-ply,138.35
112.5,70.0,82.4,F,Raw,140.0
170.1,92.99,89.63,M,Wraps,185.97
280.0,202.5,109.9,M,Wraps,275.0
120.0,65.0,81.25,F,Raw,155.0
215.0,155.0,90.1,M,Single-ply,255.0
110.0,52.5,75.9,F,Wraps,150.0
140.61,127.01,71.58,M,Wraps,154.22
161.03,102.06,91.49,M,Single-ply,174.63
240.4,149.69,105.69,M,Wraps,240.4
97.5,56.7,91.1,F,Raw,142.9
127.5,75.0,62.18,F,Raw,147.5
135.0,85.0,79.3,M,Raw,182.5
207.5,137.5,96.2,M,Raw,220.0
215.0,157.5,81.7,M,Single-ply,255.0
417.3,244.94,134.08,M,Multi-ply,294.84
102.5,70.0,71.0,F,Raw,132.5
274.42,208.65,108.5,M,Multi-ply,294.84
240.0,160.0,146.69,M,Wraps,240.0
205.0,140.0,98.8,M,Wraps,260.0
132.5,102.5,68.77,F,Raw,172.5
70.31,38.56,58.88,F,Raw,108.86
212.5,137.5,92.5,M,Single-ply,257.5
137.5,65.0,73.55,F,Wraps,182.5
136.08,79.38,65.09,M,Wraps,165.56
120.0,72.5,51.6,F,Raw,147.5
142.5,82.5,73.6,F,Raw,172.5
102.06,65.77,69.58,M,Single-ply,138.35
124.74,70.31,62.87,M,Single-ply,136.08
120.0,50.0,102.1,F,Single-ply,127.5
267.5,157.5,83.3,M,Single-ply,312.5
177.58,132.49,108.14,M,Wraps,215.0
80.0,45.0,67.3,F,Raw,100.0
165.56,97.52,66.22,F,Multi-ply,163.29
197.3,142.9,83.7,M,Raw,204.1
100.0,45.0,65.2,F,Raw,92.5
227.5,142.5,73.2,M,Raw,285.0
172.5,70.0,120.4,F,Raw,185.0
182.5,112.5,78.7,M,Raw,217.5
319.78,167.83,82.01,M,Wraps,294.84
97.52,56.7,82.19,F,Raw,117.93
252.5,180.0,100.0,M,Single-ply,260.0
158.76,113.4,86.45,M,Single-ply,156.49
142.5,77.5,81.1,F,Single-ply,155.0
88.45,49.9,44.45,M,Single-ply,104.33
104.33,52.16,54.79,M,Single-ply,117.93
292.5,200.0,131.18,M,Raw,250.0
260.0,197.5,150.7,M,Raw,277.5
187.5,105.0,73.05,M,Single-ply,155.0
190.0,137.5,129.4,M,Single-ply,182.5
147.42,106.59,65.09,M,Single-ply,149.69
137.5,70.0,62.9,F,Raw,140.0
217.72,136.08,95.89,M,Single-ply,208.65
97.52,56.7,53.52,M,Single-ply,108.86
185.0,125.0,99.4,M,Raw,210.0
80.0,42.5,56.0,F,Single-ply,90.0
206.38,122.47,94.71,M,Single-ply,201.85
192.78,92.99,59.69,M,Single-ply,215.46
200.0,155.0,67.5,M,Raw,230.0
202.5,120.0,96.9,M,Raw,272.5
145.15,74.84,89.63,M,Single-ply,156.49
132.5,67.5,77.5,F,Raw,170.0
115.0,70.0,58.25,F,Raw,145.0
202.5,168.0,81.01,M,Single-ply,210.0
158.76,106.59,84.01,M,Single-ply,165.56
165.56,95.25,62.51,M,Single-ply,170.1
122.47,90.72,100.06,M,Single-ply,136.08
188.24,90.72,109.77,M,Single-ply,206.38
217.72,151.95,89.63,M,Raw,251.74
155.0,102.5,72.9,F,Raw,185.0
83.91,61.23,49.26,M,Single-ply,83.91
192.5,130.0,81.19,M,Raw,215.0
62.5,32.5,43.6,M,Raw,80.0
115.0,67.5,61.0,F,Raw,142.5
102.06,65.77,64.68,M,Single-ply,111.13
172.5,120.0,75.0,M,Single-ply,205.0
199.58,115.67,99.88,M,Wraps,229.06
192.5,125.0,92.6,M,Raw,210.0
155.0,80.0,89.1,F,Raw,185.0
285.0,160.0,89.9,M,Single-ply,272.5
80.0,45.0,61.6,F,Raw,97.5
205.0,172.5,82.8,M,Raw,262.5
95.0,55.0,66.15,F,Raw,120.0
61.23,38.56,49.44,M,Single-ply,92.99
158.76,68.04,66.29,M,Single-ply,165.56
161.03,74.84,54.88,F,Wraps,167.83
145.0,67.5,84.0,F,Raw,165.0
137.5,70.0,74.4,M,Raw,160.0
150.0,85.0,89.5,M,Single-ply,195.0
105.0,65.0,75.95,F,Raw,130.0
262.5,152.5,127.0,M,Wraps,250.0
124.74,77.11,72.94,M,Raw,158.76
317.5,231.3,125.0,M,Single-ply,251.7
199.58,195.04,114.31,M,Wraps,201.85
127.5,65.0,55.4,F,Raw,155.0
140.0,94.0,61.6,F,Raw,142.5
70.0,60.0,55.2,M,Raw,117.5
105.0,75.0,60.0,F,Raw,117.5
295.0,210.0,89.0,M,Single-ply,290.0
182.5,130.0,99.0,M,Raw,230.0
205.0,145.0,97.7,M,Raw,227.5
135.0,62.5,51.35,M,Single-ply,150.0
110.0,95.0,72.4,M,Raw,172.5
182.5,130.0,96.8,M,Wraps,210.0
102.06,65.77,61.51,M,Single-ply,113.4
237.5,137.5,135.0,M,Raw,242.5
110.0,60.0,87.4,M,Raw,170.0
325.0,217.5,178.2,M,Raw,315.0
210.0,120.0,89.3,M,Raw,230.0
260.0,112.5,72.6,M,Single-ply,215.0
287.5,245.0,124.38,M,Wraps,322.5
275.0,187.5,87.31,M,Single-ply,257.5
130.0,90.0,62.5,M,Single-ply,195.0
172.5,85.0,81.4,M,Raw,215.0
113.4,106.6,141.1,M,Raw,142.9
111.13,61.23,52.16,M,Single-ply,129.27
155.0,106.0,74.35,F,Single-ply,160.0
263.08,172.37,90.0,M,Wraps,265.35
112.5,55.0,55.3,F,Single-ply,115.0
180.0,112.5,79.9,M,Single-ply,215.0
205.0,122.5,98.2,M,Raw,240.0
240.0,192.5,110.0,M,Raw,292.5
263.08,185.97,100.0,M,Multi-ply,247.21
90.0,45.0,70.2,F,Raw,110.0
220.0,125.0,73.1,M,Single-ply,230.0
90.72,54.43,77.84,M,Single-ply,102.06
120.0,57.5,52.0,F,Raw,132.5
115.67,104.33,82.5,M,Single-ply,136.08
92.5,52.5,60.8,F,Raw,137.5
176.9,117.93,73.71,M,Single-ply,181.44
150.0,105.0,87.3,M,Raw,200.0
192.5,95.0,60.0,M,Single-ply,197.5
152.5,85.0,133.2,F,Raw,182.5
187.5,112.5,108.86,M,Wraps,210.0
85.0,52.5,77.5,F,Raw,92.5
105.0,65.0,71.9,F,Raw,160.0
277.5,220.0,74.7,M,Single-ply,282.5
285.0,177.5,75.0,M,Single-ply,265.0
235.0,190.5,80.3,M,Wraps,281.0
108.86,58.97,61.87,M,Single-ply,124.74
90.0,52.5,69.8,F,Raw,132.5
165.56,104.33,74.39,M,Single-ply,192.78
177.5,130.0,82.42,M,Raw,215.0
120.2,70.31,81.87,M,Single-ply,113.4
227.5,180.0,102.4,M,Raw,240.0
260.82,183.7,81.65,M,Wraps,34.02
180.0,120.0,111.3,M,Single-ply,230.0
237.5,125.0,91.22,M,Wraps,265.0
83.91,49.9,73.66,F,Raw,129.27
375.0,225.0,174.9,M,Raw,307.5
272.16,158.76,106.64,M,Wraps,272.16
260.0,172.5,103.5,M,Raw,242.5
154.22,99.79,65.32,M,Single-ply,176.9
77.5,45.0,55.9,F,Raw,112.5
158.76,88.45,70.99,M,Single-ply,158.76
92.5,37.5,43.82,F,Raw,115.0
163.29,92.99,73.06,M,Single-ply,188.24
200.0,125.0,75.0,M,Single-ply,222.5
120.0,82.5,64.9,F,Raw,152.5
177.5,127.5,80.0,M,Raw,182.5
85.0,45.0,56.0,F,Raw,120.0
213.19,176.9,96.98,M,Single-ply,224.53
249.48,174.63,87.82,M,Wraps,283.5
75.0,60.0,59.0,F,Wraps,137.5
170.0,107.5,92.7,M,Raw,230.0
182.5,112.5,100.2,M,Wraps,197.5
190.51,113.4,98.45,M,Wraps,213.19
240.4,210.92,108.41,M,Wraps,251.74
163.29,127.01,89.95,M,Raw,197.31
122.5,55.0,48.4,F,Raw,137.5
245.0,202.5,119.6,M,Raw,255.0
80.5,42.5,65.77,F,Single-ply,105.0
106.59,52.16,58.97,M,Single-ply,106.59
107.5,55.0,69.4,F,Raw,182.5
142.5,87.5,52.5,M,Single-ply,147.5
115.0,72.5,58.9,F,Raw,142.5
102.5,55.0,79.1,F,Raw,100.0
183.7,102.06,88.0,M,Wraps,249.48
167.5,145.0,73.75,M,Raw,197.5
210.0,120.0,102.8,M,Raw,240.0
250.0,140.0,111.0,M,Single-ply,225.0
187.5,112.5,92.0,M,Raw,282.5
165.0,120.0,98.1,M,Raw,230.0
175.0,103.0,89.0,F,Wraps,180.0
190.51,127.01,129.55,M,Single-ply,199.58
131.54,81.65,82.74,M,Single-ply,147.42
220.0,125.0,75.0,M,Single-ply,250.0
230.0,210.0,115.9,M,Single-ply,220.0
157.5,107.5,65.14,M,Raw,215.0
82.5,50.0,70.6,M,Raw,110.0
295.0,222.5,89.5,M,Single-ply,285.0
240.0,135.0,75.7,M,Single-ply,235.0
237.5,175.0,131.72,M,Wraps,300.0
185.0,115.0,82.0,M,Raw,227.5
294.84,226.8,116.57,M,Multi-ply,247.21
315.0,187.5,135.9,M,Raw,325.0
113.4,61.23,66.32,M,Single-ply,120.2
357.5,202.5,178.5,M,Wraps,347.5
127.5,102.5,85.41,M,Wraps,177.5
165.0,110.0,79.4,M,Raw,225.0
257.5,197.5,98.52,M,Wraps,227.5
92.5,55.0,71.21,F,Raw,117.5
232.5,160.0,88.72,M,Wraps,237.5
285.0,222.5,89.36,M,Multi-ply,220.0
217.5,112.5,72.8,M,Wraps,222.5
226.8,156.49,95.8,M,Wraps,276.69
137.5,87.5,79.5,F,Raw,175.0
129.27,61.23,71.21,M,Single-ply,136.08
80.0,46.0,53.2,F,Raw,117.5
70.0,65.0,60.9,F,Raw,110.0
245.0,182.5,122.2,M,Raw,265.0
158.76,117.93,78.74,M,Single-ply,217.72
290.0,195.0,82.1,M,Single-ply,287.5
242.5,175.0,90.0,M,Raw,280.0
285.0,180.0,67.1,M,Single-ply,242.5
165.0,115.0,89.0,M,Single-ply,200.0
122.5,82.5,70.9,F,Raw,172.5
217.72,161.03,109.77,M,Wraps,219.99
160.0,117.5,74.0,M,Raw,215.0
177.5,107.5,80.7,M,Raw,202.5
190.5,110.0,108.05,M,Raw,205.0
67.5,42.5,61.23,F,Wraps,87.5
136.5,93.0,66.4,M,Raw,185.0
125.0,72.5,67.2,F,Raw,155.0
72.5,52.5,62.41,F,Raw,105.0
256.28,170.1,97.89,M,Single-ply,233.6
175.0,105.0,81.8,M,Raw,205.0
330.0,215.0,175.93,M,Raw,305.0
112.5,55.0,56.3,F,Raw,137.5
102.5,57.5,51.6,F,Wraps,112.5
102.5,75.0,61.4,F,Raw,132.5
85.0,70.0,52.5,F,Raw,130.0
125.0,55.0,64.0,F,Single-ply,120.0
127.5,72.5,62.9,F,Raw,137.5
197.5,127.5,89.1,M,Raw,242.5
105.0,87.5,58.97,M,Wraps,137.5
179.17,127.01,64.82,M,Single-ply,197.31
215.46,108.86,122.47,M,Single-ply,215.46
192.5,112.5,72.9,M,Raw,222.5
185.0,122.5,91.4,M,Raw,235.0
147.42,97.52,58.97,M,Single-ply,174.63
125.0,167.5,113.6,M,Multi-ply,172.5
272.5,170.0,98.0,M,Wraps,260.0
181.44,102.06,75.3,M,Single-ply,158.76
85.0,40.0,71.25,F,Raw,125.0
165.0,102.5,87.6,M,Raw,210.0
205.0,117.5,115.35,M,Raw,245.0
180.0,135.0,91.88,M,Raw,225.0
111.13,70.31,70.49,M,Single-ply,142.88
192.78,104.33,54.16,M,Single-ply,197.31
245.0,155.0,100.0,M,Wraps,255.0
97.5,62.5,60.7,F,Raw,122.5
170.0,137.5,82.28,M,Wraps,230.0
50.0,40.0,49.6,F,Raw,85.0
122.5,57.5,61.0,F,Raw,130.0
125.0,60.0,54.1,F,Raw,140.0
113.4,52.16,65.77,M,Single-ply,115.67
75.0,35.0,47.54,F,Single-ply,115.0
160.0,105.0,64.0,M,Raw,180.0
137.5,80.0,64.6,M,Raw,185.0
180.0,100.0,106.7,M,Single-ply,160.0
102.06,65.77,51.71,M,Single-ply,129.27
167.83,104.33,101.7,M,Single-ply,181.44
157.5,77.5,51.07,F,Wraps,175.0
207.5,102.5,113.4,M,Wraps,227.5
81.65,56.7,64.68,F,Raw,120.2
170.1,140.61,81.28,M,Raw,204.12
317.51,204.12,157.4,M,Wraps,317.51
350.0,232.5,139.6,M,Single-ply,325.0
192.78,167.83,98.43,M,Wraps,210.92
105.0,95.0,66.4,F,Single-ply,155.0
185.0,172.5,104.0,M,Raw,215.0
200.0,165.0,79.2,M,Raw,262.5
174.63,104.33,87.63,M,Single-ply,104.33
167.5,100.0,72.0,M,Raw,205.0
115.0,65.0,68.4,F,Raw,132.5
125.0,72.5,123.6,F,Raw,127.5
272.5,192.5,99.61,M,Raw,320.0
210.0,155.0,122.91,M,Raw,260.0
280.0,182.5,113.1,M,Raw,272.5
104.33,83.91,69.94,M,Single-ply,88.45
82.5,52.5,73.9,F,Raw,102.5
240.0,142.5,99.65,M,Raw,287.5
74.84,43.09,67.04,F,Wraps,102.06
140.0,100.0,56.0,F,Single-ply,155.0
227.5,190.0,89.6,M,Single-ply,260.0
105.0,52.5,56.0,F,Single-ply,132.5
115.0,70.0,63.9,M,Raw,140.0
160.0,110.0,92.96,M,Raw,250.0
262.5,192.5,91.8,M,Raw,295.0
190.0,100.0,69.1,F,Single-ply,200.0
269.89,190.51,123.83,M,Single-ply,242.67
308.44,199.58,98.79,M,Wraps,260.82
170.0,117.5,79.0,M,Raw,210.0
325.0,215.5,99.6,M,Single-ply,287.5
225.0,132.5,97.3,M,Raw,262.5
85.0,37.5,54.1,F,Raw,110.0
50.0,37.5,60.78,F,Raw,107.5
337.5,232.5,109.2,M,Raw,377.5
95.0,82.5,57.5,M,Raw,142.5
137.5,72.5,74.8,F,Wraps,172.5
192.5,155.5,89.1,M,Wraps,237.5
199.58,115.67,82.1,M,Single-ply,206.38
240.0,135.0,101.9,M,Raw,265.0
215.0,115.0,100.0,M,Single-ply,232.5
150.0,80.0,61.1,F,Single-ply,150.0
365.0,250.0,113.62,M,Single-ply,330.0
136.08,74.84,66.32,M,Single-ply,142.88
195.0,130.0,103.8,M,Raw,230.0
122.47,81.65,89.49,M,Single-ply,167.83
120.0,65.0,56.6,F,Raw,160.0
226.8,117.93,88.0,M,Single-ply,204.12
155.0,95.0,73.2,F,Single-ply,145.0
360.0,245.0,117.6,M,Single-ply,342.5
120.0,62.5,64.3,M,Single-ply,170.0
167.5,115.0,76.2,M,Raw,207.5
147.42,86.18,64.86,M,Single-ply,149.69
165.56,86.18,78.56,M,Single-ply,170.1
170.0,142.5,81.45,M,Raw,210.0
82.5,37.5,70.7,F,Raw,105.0
240.4,172.37,107.5,M,Single-ply,238.14
115.0,67.5,82.4,F,Raw,142.5
161.03,79.38,101.6,M,Single-ply,158.76
152.5,100.0,81.6,M,Raw,180.0
82.5,45.0,66.8,F,Raw,110.0
204.12,120.2,87.32,M,Single-ply,161.03
222.26,133.81,73.3,M,Wraps,251.74
145.0,70.0,69.1,F,Wraps,160.0
187.5,115.0,60.0,M,Single-ply,215.0
130.0,107.5,81.7,M,Raw,182.5
185.97,151.95,89.72,M,Raw,240.4
136.08,104.33,82.5,M,Wraps,161.03
120.2,79.38,66.95,F,Wraps,170.1
147.42,99.79,70.35,M,Single-ply,181.44
182.5,112.5,116.0,M,Raw,217.5
112.5,87.5,72.57,M,Wraps,160.0
136.08,68.04,133.81,M,Single-ply,113.4
222.5,140.0,103.2,M,Raw,270.0
225.0,165.0,94.7,M,Wraps,240.0
267.5,175.0,95.0,M,Single-ply,285.0
310.0,212.5,104.65,M,Raw,332.5
200.0,140.0,81.5,M,Raw,247.5
190.0,110.0,83.9,M,Single-ply,200.0
160.0,142.5,130.0,M,Single-ply,255.0
115.0,52.5,108.2,F,Raw,170.0
206.38,111.13,91.72,M,Single-ply,195.04
267.5,172.5,112.1,M,Raw,262.5
226.8,154.22,110.4,M,Single-ply,242.67
107.5,50.0,83.0,F,Raw,162.5
192.5,115.0,99.1,M,Raw,210.0
283.5,176.9,124.38,M,Wraps,276.69
280.0,205.0,137.8,M,Wraps,300.0
182.5,97.5,118.57,M,Wraps,220.0
77.5,52.5,52.0,F,Raw,115.0
230.0,95.0,86.9,F,Wraps,215.0
324.32,61.23,97.16,M,Multi-ply,294.84
180.0,115.0,92.0,M,Single-ply,195.0
235.87,147.42,99.88,M,Wraps,258.55
257.5,190.0,106.5,M,Single-ply,287.5
170.0,122.5,74.84,M,Raw,210.0
136.08,77.11,59.33,M,Single-ply,140.61
160.0,110.0,84.5,M,Single-ply,180.0
180.0,102.5,92.6,M,Raw,220.0
170.1,102.06,111.77,M,Single-ply,161.03
170.0,82.5,59.8,M,Single-ply,190.0
227.5,152.5,102.8,M,Raw,267.5
350.0,207.5,108.0,M,Multi-ply,320.0
165.0,102.5,67.3,F,Single-ply,185.0
215.0,160.0,93.2,M,Wraps,270.0
122.47,83.91,67.13,M,Single-ply,147.42
151.95,68.04,65.14,F,Multi-ply,147.42
204.12,142.88,99.88,M,Raw,233.6
110.0,70.0,99.97,F,Raw,165.0
147.5,75.0,100.2,F,Raw,167.5
285.0,160.0,149.8,M,Wraps,295.0
102.5,50.0,57.0,F,Raw,112.5
155.0,132.5,93.0,M,Raw,167.5
122.47,61.23,49.8,M,Single-ply,142.88
320.0,215.0,117.39,M,Wraps,317.5
227.5,145.0,90.8,M,Wraps,242.5
147.5,100.0,87.1,M,Raw,187.5
140.0,95.0,64.7,M,Raw,197.5
182.5,137.5,137.6,M,Raw,227.5
290.0,220.0,115.2,M,Raw,295.0
215.0,142.5,96.5,M,Raw,235.0
165.0,105.0,90.1,M,Single-ply,227.5
55.0,40.0,67.5,F,Single-ply,90.0
254.92,147.42,157.31,M,Wraps,267.39
102.06,70.31,65.86,M,Single-ply,142.88
187.5,120.0,86.64,M,Raw,227.5
92.5,55.0,81.7,F,Raw,132.5
156.49,95.25,99.02,M,Single-ply,170.1
233.6,181.44,134.26,M,Single-ply,249.48
210.0,152.5,91.4,M,Raw,260.0
227.5,150.0,98.95,M,Raw,225.0
100.0,70.0,137.5,M,Single-ply,130.0
225.0,120.0,,M,Raw,225.0
136.08,63.5,54.52,M,Single-ply,147.42
235.0,145.0,108.6,M,Raw,257.5
226.8,124.74,124.74,M,Single-ply,199.58
200.0,87.5,110.22,M,Wraps,245.0
132.5,72.5,70.4,F,Raw,147.5
92.99,79.38,67.5,M,Single-ply,133.81
82.5,55.0,49.8,F,Raw,110.0
157.5,95.0,79.11,F,Wraps,152.5
183.7,77.1,56.56,F,Single-ply,170.1
213.19,136.08,66.22,M,Raw,240.4
92.5,62.5,57.0,F,Raw,135.0
113.4,61.23,50.17,M,Single-ply,129.27
195.0,135.0,99.9,M,Raw,222.5
202.5,100.0,63.09,M,Wraps,265.0
160.0,115.0,81.0,M,Single-ply,180.0
74.84,47.63,72.03,F,Wraps,97.52
230.0,135.0,82.95,M,Raw,280.0
317.5,195.0,82.1,M,Single-ply,337.5
145.0,90.0,82.2,M,Raw,185.0
240.0,155.0,92.8,M,Raw,262.5
152.5,107.5,77.88,M,Raw,205.0
170.1,102.06,108.41,M,Single-ply,181.44
199.58,140.61,80.1,M,Wraps,240.4
122.47,72.57,63.96,M,Single-ply,154.22
185.0,110.0,62.38,F,Single-ply,152.5
170.1,95.25,65.77,M,Wraps,195.04
185.0,150.0,85.91,M,Raw,172.5
122.5,100.0,52.0,M,Raw,162.5
272.5,185.0,97.3,M,Raw,327.5
237.5,170.0,98.28,M,Raw,282.5
165.56,77.11,65.77,M,Single-ply,172.37
77.5,47.5,61.2,F,Raw,110.0
147.5,145.0,101.5,M,Raw,187.5
155.0,120.0,83.6,M,Single-ply,150.0
65.0,65.0,74.6,M,Raw,145.0
70.0,40.0,66.4,F,Raw,100.0
283.5,145.15,107.64,M,Single-ply,231.33
170.0,115.0,73.05,M,Wraps,202.5
127.0,61.2,55.3,F,Single-ply,147.4
90.0,57.5,82.9,F,Raw,120.0
190.0,147.5,97.8,M,Wraps,242.5
65.0,32.5,65.41,F,Raw,102.5
229.06,131.54,88.9,M,Single-ply,249.48
231.33,124.74,90.0,M,Wraps,219.99
270.0,185.0,101.9,M,Single-ply,290.0
95.25,63.5,47.9,M,Single-ply,115.67
285.0,197.5,106.23,M,Multi-ply,290.0
163.29,99.79,81.47,M,Single-ply,170.1
182.5,137.5,76.0,M,Raw,215.0
127.5,65.0,52.71,F,Single-ply,147.5
401.43,265.35,99.25,M,Multi-ply,337.93
158.76,106.59,85.28,M,Single-ply,183.7
197.5,157.5,89.7,M,Raw,242.5
192.78,90.72,68.49,M,Single-ply,183.7
255.0,145.0,73.84,M,Multi-ply,257.5
230.0,170.0,140.6,M,Raw,242.5
305.0,170.0,126.8,M,Single-ply,265.0
226.8,167.83,119.2,M,Raw,267.62
215.0,142.5,100.9,M,Raw,245.0
230.0,167.5,92.1,M,Raw,260.0
110.0,65.0,69.9,F,Single-ply,120.0
212.5,132.5,82.8,M,Raw,237.5
242.67,127.01,92.53,M,Single-ply,229.06
300.0,155.0,81.6,M,Wraps,262.5
190.0,140.0,105.8,M,Raw,250.0
247.5,135.0,102.6,M,Single-ply,252.5
215.46,124.74,74.39,M,Single-ply,217.72
130.0,122.5,101.8,M,Raw,197.5
170.0,167.5,103.8,M,Single-ply,175.0
100.0,55.0,51.4,F,Raw,127.5
250.0,145.0,108.95,M,Wraps,295.0
310.0,200.0,135.2,M,Raw,307.5
187.5,110.0,71.8,M,Raw,225.0
260.82,136.08,123.47,M,Single-ply,233.6
192.78,102.06,59.87,M,Single-ply,181.44
161.03,95.25,89.09,M,Single-ply,172.37
100.0,62.5,60.01,F,Single-ply,107.5
226.8,170.1,96.8,M,Wraps,254.01
130.0,92.5,86.7,M,Raw,195.0
124.74,86.18,69.22,M,Raw,136.08
260.0,160.0,95.3,M,Single-ply,230.0
147.42,108.86,65.5,M,Raw,154.22
107.5,97.5,91.7,M,Raw,150.0
70.0,42.5,103.9,F,Single-ply,77.5
217.5,142.5,133.8,M,Raw,250.0
187.5,112.5,86.3,M,Raw,192.5
137.5,80.0,89.81,M,Raw,185.0
142.88,86.18,119.75,M,Single-ply,138.35
200.0,150.0,91.6,M,Raw,245.0
120.0,75.0,91.4,F,Raw,120.0
190.0,125.0,67.4,M,Single-ply,180.0
242.67,165.56,106.78,M,Single-ply,226.8
85.0,55.0,61.5,F,Raw,122.5
265.0,145.0,86.15,M,Single-ply,272.5
202.5,115.0,97.8,M,Wraps,215.0
247.21,156.49,130.09,M,Wraps,265.35
137.5,77.5,59.59,F,Raw,152.5
162.5,120.0,92.1,M,Raw,232.5
145.2,72.6,70.0,F,Raw,190.5
272.16,165.56,99.38,M,Wraps,290.3
90.0,47.5,61.55,F,Raw,140.0
227.5,175.0,133.5,M,Wraps,275.0
204.12,97.52,73.84,M,Single-ply,179.17
205.0,172.5,88.5,M,Raw,252.5
260.0,142.5,112.7,M,Raw,250.0
132.5,67.5,66.38,F,Raw,162.5
299.37,204.12,122.2,M,Wraps,272.16
125.0,80.0,65.2,F,Raw,140.0
205.0,132.5,71.34,F,Single-ply,200.0
205.0,137.5,91.8,M,Raw,235.0
215.0,130.0,82.4,M,Raw,232.5
272.16,181.44,110.0,M,Wraps,272.16
112.5,82.5,58.1,M,Raw,145.0
222.5,92.5,67.5,M,Single-ply,272.5
226.8,140.61,118.3,M,Single-ply,208.65
142.5,105.0,94.0,M,Raw,185.0
204.12,106.59,87.27,M,Single-ply,195.04
32.5,30.0,73.6,F,Raw,82.5
122.5,82.5,66.9,F,Wraps,150.0
155.0,115.0,116.2,M,Single-ply,210.0
201.85,102.06,109.77,M,Single-ply,183.7
197.31,138.35,97.43,M,Raw,226.8
319.78,195.04,120.56,M,Wraps,294.84
122.5,65.0,55.1,F,Raw,142.5
192.78,129.27,82.37,M,Raw,217.72
415.0,325.0,119.63,M,Single-ply,300.0
127.5,55.0,73.2,F,Single-ply,155.0
260.82,165.56,89.36,M,Wraps,244.94
90.0,45.0,61.8,F,Raw,127.5
92.5,47.5,56.0,F,Raw,97.5
152.5,115.0,68.9,F,Wraps,205.0
165.0,105.5,91.6,F,Raw,160.0
92.5,65.0,91.4,F,Raw,127.5
145.0,62.5,81.7,F,Raw,142.5
92.5,77.5,73.39,M,Raw,122.5
167.5,122.5,73.0,M,Raw,180.0
125.0,75.0,121.2,M,Raw,75.0
204.12,158.76,98.43,M,Single-ply,192.78
122.47,79.38,74.75,F,Raw,151.95
204.12,140.61,81.28,M,Wraps,240.4
185.0,125.0,97.2,M,Raw,200.0
177.5,110.0,83.0,M,Raw,200.0
185.97,106.59,79.29,M,Single-ply,201.85
247.5,170.0,136.2,M,Raw,240.0
226.8,183.7,116.66,M,Wraps,272.16
132.5,85.0,63.6,F,Wraps,137.5
285.0,200.0,90.0,M,Single-ply,300.0
61.23,36.29,40.46,M,Single-ply,70.31
242.5,137.5,82.2,M,Raw,277.5
182.5,150.0,74.2,M,Raw,242.5
152.5,92.5,66.6,M,Raw,190.0
167.5,122.5,87.75,M,Raw,205.0
200.0,132.5,99.3,M,Raw,230.0
229.06,170.1,87.72,M,Single-ply,242.67
120.2,72.57,52.75,M,Single-ply,127.01
195.04,149.69,82.1,M,Wraps,204.12
220.0,140.0,103.3,M,Raw,255.0
145.15,68.04,58.51,M,Single-ply,145.15
65.0,45.0,61.6,F,Raw,85.0
157.5,102.5,91.3,M,Raw,217.5
170.5,97.5,74.9,M,Raw,205.0
240.4,145.15,97.3,M,Single-ply,272.16
182.5,132.5,112.2,M,Raw,195.0
157.5,120.0,92.9,M,Raw,215.0
95.0,50.0,79.1,F,Raw,125.0
215.0,115.0,71.3,M,Wraps,240.0
255.0,192.5,88.36,M,Single-ply,250.0
192.5,142.5,97.98,M,Raw,255.0
225.0,175.0,82.2,M,Single-ply,205.0
85.0,40.0,50.8,F,Single-ply,107.5
195.04,113.4,98.52,M,Single-ply,204.12
170.0,87.5,65.6,F,Wraps,170.0
163.29,88.45,59.42,M,Single-ply,147.42
79.38,61.23,67.5,F,Wraps,127.01
75.0,35.0,48.9,F,Single-ply,92.5
170.0,95.0,118.55,M,Raw,185.0
175.0,360.0,141.65,M,Single-ply,175.0
160.0,75.0,88.0,M,Wraps,180.0
310.0,175.0,100.0,M,Single-ply,310.0
190.0,140.0,80.7,M,Raw,210.0
160.0,140.0,100.0,M,Single-ply,170.0
227.5,190.0,109.6,M,Wraps,260.0
215.0,225.0,140.5,M,Single-ply,215.0
205.0,147.5,80.6,M,Raw,250.0
95.0,52.5,56.3,F,Raw,105.0
227.5,230.0,122.56,M,Multi-ply,172.5
200.0,140.0,88.4,M,Single-ply,250.0
97.52,43.09,48.53,M,Single-ply,79.38
213.19,120.2,107.23,M,Single-ply,210.92
285.0,192.5,66.92,M,Single-ply,260.0
230.0,157.5,72.5,M,Single-ply,225.0
81.65,61.23,54.34,F,Raw,113.4
82.5,50.0,61.4,F,Raw,82.5
208.65,127.01,85.55,M,Single-ply,195.04
230.0,175.0,95.0,M,Single-ply,230.0
320.0,155.0,81.8,M,Wraps,257.5
232.5,140.0,88.3,M,Raw,222.5
115.0,75.0,59.96,F,Multi-ply,130.0
272.16,192.78,82.1,M,Wraps,272.16
150.0,112.5,112.25,M,Raw,185.0
102.06,61.23,86.18,M,Raw,136.08
220.0,127.5,98.0,M,Wraps,235.0
142.5,92.5,79.0,M,Raw,182.5
127.5,62.5,72.3,F,Wraps,130.0
112.5,60.0,68.8,F,Raw,127.5
108.9,56.7,57.9,F,Single-ply,120.2
104.33,68.04,58.79,M,Single-ply,108.86
80.0,55.0,70.0,F,Raw,122.5
120.0,55.0,61.1,F,Raw,137.5
127.5,70.0,56.5,F,Raw,152.5
75.0,55.0,54.65,F,Raw,82.5
176.9,92.99,102.24,M,Single-ply,170.1
130.0,70.0,96.6,F,Raw,145.0
110.0,47.5,94.35,F,Raw,132.5
230.0,165.0,104.31,M,Raw,272.5
244.94,154.22,86.64,M,Wraps,235.87
105.0,65.0,56.39,F,Raw,125.0
249.48,172.37,109.59,M,Single-ply,265.35
220.0,155.0,121.11,M,Raw,225.0
132.5,75.0,70.9,F,Raw,162.5
156.49,97.52,88.36,M,Single-ply,151.95
233.6,136.08,99.06,M,Raw,224.53
220.0,147.5,104.1,M,Single-ply,210.0
220.0,145.0,92.3,M,Single-ply,235.0
322.5,217.5,124.5,M,Single-ply,335.0
205.0,140.0,87.0,M,Raw,272.5
108.86,70.31,54.2,M,Single-ply,113.4
210.0,140.0,92.4,M,Raw,260.0
200.0,132.5,73.8,M,Raw,247.5
152.5,97.5,64.3,M,Raw,167.5
245.0,155.0,98.3,M,Single-ply,260.0
117.5,60.0,51.1,F,Single-ply,135.0
130.0,60.0,69.5,F,Wraps,160.0
150.0,102.5,99.2,M,Raw,185.0
249.48,154.22,99.79,M,Single-ply,167.83
130.0,70.0,69.4,F,Raw,142.5
120.0,82.5,71.0,M,Single-ply,160.0
142.88,106.59,91.26,M,Single-ply,151.95
182.5,155.0,97.98,M,Single-ply,210.0
113.4,70.31,65.5,M,Single-ply,136.08
170.1,92.99,109.5,M,Single-ply,181.44
219.99,140.61,122.38,M,Wraps,267.62
147.5,90.0,81.15,M,Raw,180.0
172.5,145.0,83.45,M,Raw,265.0
220.0,105.0,89.1,M,Single-ply,225.0
113.4,61.23,88.0,M,Single-ply,124.74
136.08,81.65,104.14,M,Single-ply,167.83
220.0,142.5,58.0,M,Single-ply,247.5
225.0,137.5,105.0,M,Raw,265.0
180.0,115.0,89.9,M,Single-ply,275.0
112.5,57.5,61.2,F,Raw,125.0
295.0,200.0,123.9,M,Wraps,305.0
232.5,170.0,88.8,M,Single-ply,245.0
175.0,100.0,101.2,M,Raw,200.0
225.0,125.0,85.6,M,Single-ply,245.0
120.0,60.0,62.5,F,Raw,120.0
160.0,95.0,63.0,M,Single-ply,182.5
157.5,100.0,81.7,M,Raw,160.0
115.0,110.0,73.5,F,Raw,155.0
70.0,45.0,70.0,F,Raw,102.5
127.5,60.0,86.0,F,Raw,145.0
400.0,257.5,109.5,M,Multi-ply,252.5
150.0,100.0,65.4,F,Single-ply,180.0
151.95,74.84,80.1,M,Single-ply,131.54
237.5,147.5,83.0,M,Raw,247.5
152.5,87.5,101.4,M,Raw,187.5
142.88,79.38,81.19,F,Wraps,174.63
145.0,90.0,73.6,M,Raw,195.0
136.08,102.06,93.8,M,Single-ply,163.29
140.61,79.38,58.06,M,Single-ply,154.22
95.0,70.0,62.47,F,Raw,130.0
120.0,80.0,60.0,F,Single-ply,115.0
162.5,112.5,92.1,M,Raw,230.0
249.48,170.1,89.36,M,Wraps,260.82
225.0,175.0,92.6,M,Raw,262.5
157.5,115.0,89.7,M,Raw,185.0
242.5,132.5,88.65,M,Wraps,240.0
222.26,120.2,80.83,M,Single-ply,183.7
75.0,42.5,64.9,F,Raw,92.5
133.81,92.99,74.84,M,Wraps,165.56
200.0,125.0,81.4,M,Raw,212.5
106.6,47.6,90.0,M,Raw,108.9
165.56,90.72,78.15,M,Single-ply,165.56
170.0,145.0,107.68,M,Raw,200.0
149.69,122.47,82.1,M,Single-ply,195.04
127.01,58.97,55.7,F,Raw,136.08
403.7,199.58,100.0,M,Multi-ply,276.69
215.0,125.0,89.8,M,Raw,260.0
260.0,157.5,89.4,M,Raw,327.5
317.51,192.78,153.95,M,Raw,328.85
111.13,56.7,73.57,F,Wraps,127.01
340.0,222.5,119.6,M,Raw,337.5
200.0,120.0,94.7,M,Single-ply,180.0
99.79,182.34,125.0,M,Single-ply,99.79
65.0,37.5,60.3,M,Single-ply,95.0
160.0,110.0,84.6,F,Raw,167.5
150.0,110.0,121.2,F,Raw,165.0
152.5,107.5,59.17,M,Raw,190.0
192.78,156.49,104.05,M,Wraps,195.04
110.0,52.5,75.9,F,Raw,150.0
117.93,68.04,69.76,M,Single-ply,129.27
256.0,150.0,100.4,M,Raw,300.0
190.0,130.0,73.0,M,Raw,240.0
79.38,52.16,72.03,F,Raw,111.13
220.0,120.0,74.1,M,Wraps,247.5
115.0,80.0,111.5,F,Raw,150.0
136.08,88.45,64.5,M,Single-ply,151.95
155.0,95.0,80.9,M,Raw,200.0
60.0,40.0,47.9,F,Raw,110.0
275.0,205.0,121.3,M,Raw,295.0
167.5,102.5,75.0,M,Raw,195.0
183.7,129.27,87.59,M,Wraps,217.72
112.5,70.0,74.1,F,Raw,182.5
107.5,55.0,71.46,F,Raw,137.5
260.0,207.5,161.2,M,Raw,232.5
231.33,127.01,79.47,M,Single-ply,219.99
190.0,97.5,72.4,M,Raw,212.5
174.63,106.59,90.08,M,Single-ply,174.63
155.0,102.5,81.2,M,Raw,197.5
132.5,112.5,77.4,M,Raw,170.0
240.0,195.0,119.66,M,Single-ply,295.0
302.5,175.0,122.11,M,Wraps,295.0
167.5,115.0,80.5,M,Raw,232.5
192.78,124.74,90.45,M,Single-ply,199.58
290.0,175.0,121.3,M,Wraps,272.5
208.65,138.35,170.78,M,Single-ply,201.85
15.0,14.0,26.2,F,Raw,25.0
127.5,62.5,62.4,F,Raw,155.0
172.37,104.33,90.17,M,Single-ply,204.12
172.37,104.33,80.2,M,Single-ply,181.44
97.52,52.16,50.44,M,Single-ply,90.72
147.5,62.5,59.3,F,Single-ply,160.0
90.0,52.5,87.8,F,Raw,127.5
105.0,60.0,78.65,F,Raw,130.0
170.1,106.59,98.34,M,Single-ply,158.76
350.0,250.0,115.8,M,Single-ply,343.0
111.13,79.38,55.29,M,Single-ply,129.27
232.5,145.0,72.9,M,Single-ply,262.5
150.0,100.0,58.8,M,Raw,172.5
229.06,147.42,93.71,M,Single-ply,226.8
165.56,83.91,74.48,M,Wraps,210.92
150.0,110.0,74.1,M,Single-ply,150.0
102.5,40.0,70.6,F,Raw,107.5
149.69,77.11,88.54,M,Single-ply,149.69
187.5,122.5,139.5,M,Wraps,220.0
120.0,82.5,65.5,M,Raw,142.5
72.5,37.5,48.0,F,Single-ply,85.0
86.18,56.7,67.5,F,Raw,106.59
181.44,127.01,89.13,M,Wraps,213.19
142.88,79.38,99.79,M,Single-ply,165.56
190.51,113.4,95.25,M,Single-ply,204.12
122.47,63.5,65.36,M,Single-ply,136.08
135.0,77.5,70.9,F,Raw,152.5
102.5,70.0,50.1,F,Single-ply,117.5
272.5,170.0,89.2,M,Raw,297.5
247.5,150.0,103.2,M,Raw,227.5
86.18,63.5,55.79,M,Single-ply,102.06
165.56,108.86,88.54,M,Single-ply,204.12
170.0,125.0,134.2,M,Raw,170.0
255.0,160.0,106.3,M,Raw,280.0
167.5,120.0,82.5,M,Raw,232.5
204.12,117.93,71.21,M,Single-ply,183.7
136.08,86.18,51.62,M,Single-ply,158.76
185.0,115.0,73.5,M,Raw,217.5
244.94,113.4,114.31,M,Single-ply,185.97
170.1,104.33,74.39,M,Single-ply,215.46
147.5,77.5,80.0,F,Raw,160.0
67.5,55.0,50.4,F,Raw,110.0
132.5,67.5,60.8,F,Single-ply,135.0
232.5,172.5,105.0,M,Raw,275.0
82.5,55.0,64.2,F,Raw,110.0
220.0,150.0,82.9,M,Raw,227.5
125.0,80.0,63.5,F,Raw,150.0
110.0,70.0,97.45,M,Raw,215.0
260.82,142.88,80.56,F,Multi-ply,215.46
312.98,204.12,122.47,M,Wraps,288.03
150.0,100.0,80.7,M,Single-ply,290.0
185.0,125.0,86.5,M,Raw,250.0
167.5,90.0,84.0,M,Raw,217.5
230.0,210.0,119.7,M,Single-ply,210.0
142.5,72.5,67.84,F,Raw,157.5
204.12,102.06,133.17,M,Single-ply,183.7
249.48,156.49,96.34,M,Single-ply,238.14
172.37,113.4,81.47,M,Wraps,231.33
190.0,130.0,97.75,M,Wraps,245.0
137.5,95.0,139.62,M,Raw,165.0
229.06,115.67,74.66,M,Single-ply,240.4
275.0,127.5,100.2,M,Single-ply,297.5
129.27,83.91,70.22,M,Single-ply,158.76
149.69,70.31,92.17,M,Single-ply,183.7
347.5,187.5,134.8,M,Single-ply,255.0
177.5,125.0,82.5,M,Single-ply,215.0
40.0,42.5,69.4,F,Raw,57.5
147.5,70.0,83.3,F,Raw,165.0
177.5,102.5,100.2,M,Raw,197.5
255.0,182.5,104.4,M,Raw,307.5
212.5,165.0,88.6,M,Wraps,280.0
242.5,137.5,93.0,M,Raw,245.0
90.0,55.0,75.0,F,Raw,117.5
175.0,135.0,119.5,M,Raw,200.0
195.0,125.0,92.7,M,Raw,197.5
205.0,135.0,85.5,M,Raw,225.0
238.14,142.88,99.79,M,Wraps,254.01
125.0,100.0,110.0,M,Wraps,160.0
163.29,79.38,87.54,M,Single-ply,167.83
85.0,47.5,59.3,F,Raw,137.5
162.5,122.5,88.27,M,Wraps,202.5
150.0,82.5,58.72,M,Raw,180.0
181.44,97.52,51.44,M,Single-ply,161.03
150.0,110.0,93.6,M,Single-ply,210.0
280.0,145.0,107.7,M,Wraps,310.0
117.5,60.0,67.5,F,Raw,132.5
237.5,150.0,112.57,M,Raw,227.5
180.0,90.0,74.48,M,Wraps,182.5
162.5,89.0,55.9,F,Single-ply,210.5
130.0,92.5,95.2,M,Raw,115.0
212.5,145.0,81.35,M,Raw,255.0
127.5,82.5,61.3,M,Raw,170.0
142.5,125.0,78.2,M,Raw,215.0
280.0,170.0,90.98,M,Raw,300.0
130.0,75.0,95.2,M,Single-ply,155.0
40.82,27.22,51.44,F,Raw,88.45
199.58,131.54,74.84,M,Multi-ply,181.44
197.31,111.13,88.9,M,Single-ply,192.78
292.5,182.5,97.2,M,Single-ply,255.0
132.5,97.5,87.3,M,Raw,175.0
154.22,83.91,92.35,M,Single-ply,165.56
124.74,74.84,59.51,M,Single-ply,154.22
177.5,122.5,83.5,F,Single-ply,152.5
117.5,50.0,66.95,F,Wraps,120.0
107.5,85.0,66.56,F,Raw,130.0
130.0,120.0,73.8,M,Wraps,180.0
105.0,60.0,70.5,F,Raw,132.5
130.0,87.5,58.96,M,Raw,140.0
205.0,132.5,116.44,M,Raw,240.0
192.78,117.93,133.81,M,Single-ply,170.1
102.5,62.5,63.1,F,Wraps,147.5
97.5,47.5,65.5,F,Single-ply,97.5
202.5,135.0,82.8,M,Raw,252.5
113.4,65.77,71.76,M,Single-ply,122.47
160.0,75.0,71.0,F,Raw,183.0
237.5,160.0,103.2,M,Raw,277.5
185.0,115.0,91.6,M,Single-ply,225.0
219.99,151.95,107.05,M,Wraps,233.6
290.0,180.0,110.0,M,Single-ply,270.0
225.0,140.0,90.9,M,Raw,265.0
152.5,110.0,73.75,M,Raw,200.0
245.0,200.0,88.9,M,Single-ply,245.0
192.5,170.0,89.7,M,Raw,250.0
161.03,106.59,84.37,M,Single-ply,147.42
149.69,90.72,103.96,M,Single-ply,145.15
282.5,150.0,81.6,F,Multi-ply,220.0
330.0,217.5,118.1,M,Single-ply,270.0
250.0,157.5,87.6,M,Single-ply,252.5
95.0,55.0,61.5,F,Single-ply,140.0
222.5,155.0,74.3,M,Wraps,237.5
156.49,102.06,64.95,M,Single-ply,156.49
185.0,125.0,110.2,M,Single-ply,180.0
180.0,135.0,80.7,M,Raw,235.0
163.29,120.2,149.23,M,Single-ply,172.37
113.4,49.9,49.76,M,Single-ply,115.67
217.5,137.5,119.35,M,Raw,245.0
200.0,147.5,95.8,M,Single-ply,220.0
170.0,127.5,98.3,M,Wraps,217.5
122.5,67.5,55.4,F,Single-ply,155.0
110.0,65.0,100.9,F,Raw,130.0
267.5,200.0,100.0,M,Single-ply,295.0
206.38,133.81,88.72,M,Raw,222.26
151.95,92.99,90.72,M,Single-ply,165.56
185.97,92.99,74.8,M,Single-ply,149.69
124.74,83.91,55.79,M,Single-ply,140.61
95.0,65.0,59.5,F,Raw,100.0
142.88,90.72,81.56,M,Raw,181.44
150.0,190.0,97.0,M,Single-ply,200.0
226.8,136.08,82.05,M,Single-ply,183.7
160.0,125.0,74.89,M,Raw,227.5
200.0,110.0,67.3,M,Single-ply,225.0
222.5,100.0,,M,Single-ply,245.0
162.5,125.0,79.51,M,Raw,192.5
242.67,147.42,126.46,M,Wraps,254.01
297.5,187.5,99.07,M,Wraps,305.0
197.5,152.5,81.2,M,Raw,255.0
215.46,117.93,108.73,M,Single-ply,263.08
150.0,77.5,81.01,F,Wraps,145.0
200.0,125.0,97.5,M,Single-ply,172.5
265.0,180.0,103.4,M,Raw,321.0
142.88,74.84,91.17,M,Single-ply,122.47
200.0,127.5,102.4,M,Raw,275.0
265.0,175.0,133.1,M,Single-ply,250.0
180.0,117.5,76.2,M,Single-ply,225.0
95.0,50.0,74.6,F,Raw,130.0
217.5,157.5,91.55,M,Raw,237.5
92.99,61.23,85.28,F,Raw,149.69
77.11,58.97,110.68,F,Raw,158.76
132.5,67.5,59.0,M,Raw,132.5
195.0,165.0,99.79,M,Wraps,190.0
245.0,155.0,79.55,M,Raw,305.0
160.0,122.5,72.7,M,Raw,242.5
136.08,92.99,55.07,M,Single-ply,154.22
167.5,82.5,64.9,F,Wraps,147.5
290.0,167.5,95.0,M,Single-ply,270.0
125.0,112.5,76.3,M,Raw,200.0
105.0,72.5,55.8,M,Single-ply,125.0
247.21,176.9,64.41,M,Multi-ply,254.01
151.95,104.33,65.82,M,Single-ply,151.95
135.0,85.0,92.76,F,Wraps,165.0
227.5,145.0,151.41,M,Raw,227.5
125.0,100.0,92.1,M,Raw,150.0
228.0,122.5,98.5,M,Raw,250.0
290.0,222.5,105.3,M,Single-ply,260.0
185.97,92.99,88.9,M,Single-ply,172.37
67.5,40.0,67.8,F,Raw,105.0
95.0,77.5,72.89,F,Raw,117.5
280.0,140.0,103.23,M,Raw,292.5
222.5,165.0,100.8,M,Raw,247.5
232.5,165.0,82.2,M,Raw,260.0
260.0,185.0,102.3,M,Raw,275.0
167.5,97.5,65.9,M,Raw,195.0
85.0,90.0,68.4,M,Raw,100.0
157.5,90.0,70.0,M,Raw,185.0
87.5,52.5,67.9,F,Raw,125.0
155.5,100.0,74.65,F,Single-ply,155.0
155.0,97.5,72.2,M,Raw,167.5
115.0,72.5,58.4,M,Raw,147.5
45.0,22.5,35.6,M,Single-ply,67.5
160.0,120.0,82.5,M,Wraps,175.0
100.0,47.5,55.6,F,Raw,102.5
185.97,97.52,109.77,M,Single-ply,183.7
220.0,182.5,88.6,M,Raw,272.5
195.04,117.93,88.63,M,Single-ply,208.65
102.5,62.5,60.0,F,Raw,125.0
185.97,102.06,50.71,M,Single-ply,170.1
272.5,177.5,135.0,M,Raw,285.0
215.0,170.0,89.4,M,Wraps,235.0
217.5,137.5,95.95,M,Single-ply,192.5
82.5,57.5,97.34,F,Wraps,125.0
267.5,175.0,132.7,M,Raw,285.0
142.88,97.52,68.22,M,Single-ply,167.83
161.03,92.99,87.36,M,Single-ply,179.17
92.5,47.5,66.0,F,Raw,137.5
192.5,102.5,107.2,M,Raw,200.0
70.0,45.0,45.7,F,Single-ply,92.5
120.0,87.5,60.0,M,Single-ply,132.5
295.0,185.0,100.0,M,Single-ply,270.0
235.0,160.0,89.4,M,Raw,280.0
287.5,180.0,108.77,M,Raw,315.0
115.0,60.0,54.6,F,Wraps,137.5
205.0,142.5,74.62,M,Raw,230.0
160.0,110.0,63.75,M,Raw,227.5
167.83,92.99,89.81,M,Single-ply,154.22
115.0,60.0,60.8,F,Raw,152.5
100.0,55.0,61.1,F,Raw,125.0
345.0,295.0,89.3,M,Single-ply,307.5
233.6,136.08,82.5,M,Single-ply,233.6
192.78,120.2,96.16,M,Single-ply,183.7
199.58,90.72,85.64,M,Raw,249.48
77.5,45.0,63.05,F,Wraps,137.5
152.5,105.0,81.01,M,Raw,227.5
53.0,35.0,69.4,F,Raw,77.5
219.99,131.54,88.9,M,Wraps,247.21
187.5,145.0,129.8,M,Raw,255.0
255.0,167.5,106.3,M,Wraps,255.0
206.38,129.27,89.72,M,Single-ply,213.19
245.0,132.5,82.1,M,Wraps,260.0
217.72,133.81,76.38,M,Single-ply,213.19
190.0,122.5,80.5,M,Wraps,205.0
172.5,97.5,70.7,F,Single-ply,185.0
230.0,127.5,80.4,M,Single-ply,190.0
272.5,202.5,121.79,M,Raw,285.0
210.0,167.5,98.8,M,Raw,272.5
185.0,127.5,73.9,M,Single-ply,200.0
102.5,60.0,67.0,F,Raw,135.0
210.0,167.5,92.9,M,Raw,230.0
190.0,117.5,69.9,M,Raw,215.0
149.69,92.99,65.59,M,Single-ply,147.42
102.5,47.5,50.4,F,Raw,145.0
249.48,142.88,87.82,M,Single-ply,226.8
79.38,52.16,75.0,M,Raw,129.27
110.0,70.0,71.45,F,Raw,135.0
115.67,86.18,87.54,M,Single-ply,149.69
106.59,77.11,54.88,M,Single-ply,140.61
210.92,113.4,65.68,M,Single-ply,201.85
207.5,152.5,96.1,M,Single-ply,245.0
199.58,145.15,92.53,M,Single-ply,226.8
210.0,145.0,103.0,M,Raw,237.5
165.0,112.5,74.4,M,Raw,222.5
206.4,133.8,81.1,M,Single-ply,233.6
256.28,163.29,84.01,M,Single-ply,231.33
92.99,56.7,61.23,M,Single-ply,102.06
183.7,154.22,80.38,M,Raw,208.65
120.0,52.5,59.5,F,Wraps,142.5
180.0,100.0,71.6,F,Raw,190.0
172.37,102.06,87.09,M,Single-ply,170.1
82.5,45.0,54.3,F,Raw,105.0
204.12,142.88,72.12,M,Single-ply,204.12
172.5,142.5,82.4,M,Raw,217.5
210.0,147.5,78.7,M,Raw,237.5
180.0,195.0,121.7,M,Single-ply,251.0
187.5,110.0,85.9,M,Raw,207.5
182.5,135.0,114.6,M,Raw,227.5
177.5,132.5,92.3,M,Raw,207.5
140.0,120.0,101.9,M,Raw,175.0
285.76,183.7,142.52,M,Single-ply,235.87
287.5,275.0,,M,Single-ply,250.0
175.0,110.0,66.0,M,Wraps,215.0
249.5,174.6,86.3,M,Raw,281.2
57.5,42.5,51.8,F,Single-ply,75.0
174.63,136.08,90.0,M,Raw,204.12
140.0,132.5,74.3,M,Raw,200.0
158.76,102.06,64.41,M,Single-ply,176.9
136.08,122.47,82.5,M,Raw,142.88
90.0,37.5,59.51,F,Raw,97.5
110.0,55.0,56.0,F,Single-ply,130.0
272.16,213.19,92.08,M,Single-ply,265.35
170.1,111.13,105.87,M,Single-ply,183.7
317.51,154.22,118.02,M,Multi-ply,276.69
230.0,140.0,89.15,M,Raw,260.0
190.0,130.0,74.9,M,Single-ply,190.0
294.84,183.7,119.66,M,Single-ply,226.8
257.5,165.0,91.95,M,Raw,325.0
272.5,177.5,89.5,M,Raw,322.5
130.0,52.5,76.1,F,Single-ply,140.0
310.0,167.5,82.4,M,Single-ply,300.0
175.0,105.0,81.35,M,Raw,215.0
125.0,72.5,59.87,M,Wraps,160.0
102.06,83.91,82.5,F,Wraps,124.74
232.5,125.0,82.1,M,Single-ply,290.0
92.5,60.0,110.8,F,Raw,155.0
100.0,105.0,64.5,M,Single-ply,130.0
220.0,150.0,105.1,M,Raw,245.0
57.5,45.0,75.8,F,Raw,97.5
92.5,52.5,57.95,F,Raw,145.0
102.5,50.0,62.6,F,Raw,125.0
60.0,42.5,74.5,F,Raw,97.5
238.14,172.37,87.82,M,Raw,242.67
230.0,110.0,155.25,F,Raw,227.5
170.1,104.33,106.78,M,Single-ply,181.44
197.31,120.2,104.14,M,Single-ply,215.46
132.5,70.0,51.5,F,Single-ply,132.5
290.0,175.0,81.82,M,Single-ply,305.0
170.0,105.0,75.0,M,Raw,220.0
204.12,127.01,97.52,M,Single-ply,217.72
132.5,85.0,104.2,F,Raw,137.5
130.0,80.0,80.6,M,Single-ply,130.0
258.55,167.83,109.77,M,Single-ply,219.99
200.0,140.0,89.9,M,Single-ply,220.0
162.5,122.5,130.82,M,Raw,175.0
102.5,47.5,66.6,F,Raw,120.0
182.34,89.81,81.42,F,Single-ply,182.34
212.5,120.0,73.91,M,Raw,200.0
247.5,132.5,73.8,M,Raw,240.0
300.0,195.0,113.2,M,Single-ply,285.0
152.5,80.0,85.9,M,Raw,187.5
160.0,80.0,47.66,F,Single-ply,152.5
205.0,182.5,98.25,M,Single-ply,250.0
240.4,136.08,69.9,M,Single-ply,215.46
107.5,55.0,50.3,F,Raw,152.5
190.51,99.79,74.39,M,Single-ply,174.63
272.5,200.0,91.3,M,Single-ply,262.5
220.0,130.0,107.45,M,Wraps,230.0
419.57,328.85,138.35,M,Multi-ply,306.17
145.15,74.84,65.14,M,Single-ply,176.9
122.5,75.0,70.6,F,Raw,165.0
197.5,135.0,66.9,M,Wraps,227.5
163.29,111.13,66.27,M,Single-ply,185.97
158.76,90.72,102.78,M,Single-ply,163.29
245.0,155.0,101.74,M,Raw,300.0
207.5,132.5,74.7,F,Single-ply,200.0
105.0,75.0,71.7,F,Raw,135.0
127.5,77.5,70.2,M,Raw,130.0
185.0,132.5,89.8,M,Single-ply,240.0
197.5,127.5,82.1,M,Raw,247.5
165.56,113.4,101.24,M,Single-ply,156.49
204.12,163.29,100.97,M,Wraps,204.12
147.5,107.5,93.7,M,Raw,235.0
265.0,197.5,109.8,M,Raw,292.5
145.0,117.5,70.5,M,Raw,177.5
112.5,57.5,61.2,F,Raw,140.0
300.0,185.0,94.4,M,Single-ply,290.0
205.0,205.0,102.15,M,Raw,245.0
127.5,47.5,70.1,F,Single-ply,125.0
97.52,56.7,56.61,M,Single-ply,136.08
270.0,222.5,131.5,M,Raw,265.0
125.0,105.0,93.49,M,Raw,180.0
225.0,132.5,80.5,M,Single-ply,245.0
167.5,142.5,98.0,M,Raw,202.5
183.7,102.06,81.37,M,Single-ply,204.12
204.12,124.74,72.39,M,Wraps,201.85
170.1,147.42,97.07,M,Wraps,206.38
200.0,145.0,66.5,M,Single-ply,200.0
192.5,132.5,89.8,M,Single-ply,177.5
282.5,162.5,154.0,M,Wraps,262.5
170.1,115.67,69.49,M,Single-ply,210.92
195.0,112.5,87.95,M,Raw,217.5
160.0,117.5,80.2,M,Raw,215.0
235.0,122.5,95.6,M,Single-ply,240.0
165.0,145.0,67.5,M,Single-ply,172.5
162.5,97.5,84.4,M,Raw,197.5
205.0,130.0,110.4,M,Raw,245.0
240.0,130.0,94.9,M,Wraps,252.5
150.0,120.0,86.1,M,Single-ply,150.0
220.0,172.5,127.5,M,Raw,242.5
222.26,145.15,116.57,M,Single-ply,204.12
328.85,226.8,99.79,M,Single-ply,272.16
170.0,110.0,80.47,M,Raw,210.0
190.0,125.0,88.4,M,Single-ply,202.5
250.0,170.0,81.8,M,Raw,290.0
192.5,105.0,80.47,M,Wraps,197.5
72.5,35.0,65.5,F,Single-ply,90.0
105.0,50.0,62.5,M,Raw,130.0
240.4,149.69,98.88,M,Single-ply,222.26
202.5,132.5,89.0,M,Raw,212.5
42.5,32.5,60.0,F,Single-ply,67.5
172.5,107.5,88.4,M,Raw,207.5
135.0,70.0,59.6,F,Raw,137.5
215.0,147.5,119.0,M,Raw,300.0
204.12,127.01,121.29,M,Single-ply,229.06
290.0,165.0,99.9,M,Raw,295.0
226.8,127.01,97.34,M,Single-ply,233.6
117.5,80.0,65.7,M,Raw,147.5
270.0,232.5,116.1,M,Single-ply,300.0
215.0,137.5,73.8,M,Raw,265.0
95.0,75.5,81.2,F,Raw,142.5
280.0,187.5,110.9,M,Single-ply,235.0
185.0,110.0,79.5,M,Raw,227.5
179.17,111.13,100.61,M,Single-ply,192.78
230.0,135.0,115.9,M,Wraps,260.0
237.5,135.0,73.3,M,Raw,265.0
394.63,260.82,109.77,M,Multi-ply,322.05
137.5,80.0,72.94,M,Raw,142.5
250.0,185.0,122.8,M,Wraps,320.0
117.48,69.97,90.0,F,Single-ply,124.96
258.55,145.15,104.19,M,Single-ply,206.38
250.0,147.5,87.36,M,Single-ply,235.0
142.5,60.0,68.8,F,Single-ply,137.5
204.12,117.93,83.01,M,Single-ply,192.78
65.0,65.0,88.34,M,Single-ply,247.5
115.0,70.0,67.04,F,Raw,142.5
197.5,140.0,108.65,M,Raw,235.0
62.5,70.0,110.0,M,Single-ply,202.5
277.5,177.5,102.44,M,Raw,315.0
175.0,115.0,79.6,M,Single-ply,180.0
92.5,32.5,61.35,F,Wraps,92.5
170.0,130.0,90.0,M,Single-ply,180.0
190.51,122.47,65.14,M,Single-ply,185.97
197.5,132.5,87.5,M,Raw,185.0
224.53,136.08,116.12,M,Single-ply,204.12
99.79,52.16,50.71,M,Single-ply,113.4
240.4,136.08,90.72,M,Single-ply,226.8
212.5,145.0,124.28,M,Wraps,220.0
130.0,87.5,72.67,F,Wraps,150.0
110.0,55.0,73.48,F,Raw,105.0
79.38,56.7,55.79,M,Single-ply,86.18
240.4,145.15,135.71,M,Single-ply,238.14
215.46,127.01,73.57,M,Single-ply,208.65
133.81,68.04,51.26,M,Single-ply,133.81
145.15,102.06,66.22,M,Single-ply,142.88
170.0,115.0,65.0,M,Single-ply,170.0
115.0,55.0,55.1,F,Single-ply,130.0
75.0,40.0,175.5,F,Raw,97.5
130.0,77.5,65.4,F,Raw,140.0
215.0,160.0,98.2,M,Raw,215.0
157.5,152.5,97.97,M,Raw,215.0
240.0,165.0,89.9,M,Single-ply,232.5
167.5,110.0,73.8,M,Raw,217.5
97.5,47.5,71.6,F,Raw,110.0
192.5,135.0,89.95,M,Raw,250.0
160.0,112.5,60.0,M,Single-ply,192.5
272.5,157.5,93.15,M,Raw,300.0
190.0,115.0,81.8,M,Raw,212.5
87.5,55.0,55.2,F,Single-ply,127.5
340.0,245.0,120.11,M,Wraps,280.0
192.5,140.0,58.48,M,Raw,207.5
122.5,50.0,81.1,F,Raw,140.0
160.0,107.5,80.82,M,Raw,210.0
160.0,102.5,75.3,M,Wraps,220.0
195.0,132.5,75.0,M,Single-ply,210.0
195.0,145.0,89.4,M,Raw,250.0
135.0,100.0,100.3,M,Raw,165.0
130.0,65.0,69.1,M,Raw,135.0
200.0,130.0,89.0,M,Raw,232.5
277.5,177.5,82.3,M,Single-ply,305.0
115.0,60.0,82.16,F,Raw,150.0
210.92,158.76,60.0,F,Multi-ply,165.56
75.0,47.5,80.1,F,Raw,100.0
188.24,104.33,115.39,M,Single-ply,197.31
260.0,207.5,103.4,M,Single-ply,180.0
115.0,55.0,81.1,F,Raw,137.5
188.24,151.95,98.52,M,Raw,249.48
197.31,102.06,82.19,M,Single-ply,188.24
190.51,147.42,88.36,M,Raw,206.38
160.0,117.5,88.18,M,Raw,180.0
175.0,105.0,73.9,M,Raw,200.0
152.5,95.0,82.5,M,Single-ply,182.5
125.0,80.0,61.24,F,Single-ply,120.0
104.33,65.77,52.0,F,Wraps,113.4
207.5,102.5,89.5,M,Raw,255.0
230.0,142.5,81.75,M,Raw,275.0
202.5,142.5,66.6,M,Single-ply,255.0
140.61,74.84,60.65,M,Single-ply,136.08
195.0,130.0,139.6,M,Single-ply,182.5
140.0,85.0,94.6,F,Raw,177.5
70.0,52.5,62.3,F,Raw,102.5
351.53,249.48,89.81,M,Multi-ply,272.16
200.0,122.5,102.2,M,Raw,195.0
190.0,125.0,105.0,M,Single-ply,180.0
165.56,99.79,96.75,M,Single-ply,170.1
172.37,92.99,96.62,M,Single-ply,142.88
187.5,110.0,85.8,M,Raw,235.0
158.76,86.18,69.49,M,Single-ply,151.95
65.0,47.5,51.3,F,Raw,80.0
232.5,145.0,104.65,M,Raw,250.0
172.37,102.06,77.02,M,Single-ply,195.04
95.0,52.5,63.41,F,Raw,117.5
150.0,62.5,70.41,F,Raw,155.0
97.5,60.0,56.3,F,Raw,125.0
242.5,135.0,75.0,M,Single-ply,247.5
172.5,117.5,99.23,F,Single-ply,175.0
183.7,133.81,107.5,M,Raw,240.4
87.5,62.5,57.4,F,Raw,125.0
150.0,102.5,98.7,M,Single-ply,165.0
328.85,172.37,137.44,M,Single-ply,274.42
227.5,150.0,106.32,M,Raw,227.5
100.0,47.5,46.4,F,Raw,130.0
127.5,77.5,80.5,M,Raw,155.0
245.0,165.0,92.7,M,Raw,305.0
267.5,175.0,82.4,M,Single-ply,257.5
175.0,112.5,84.46,M,Raw,205.0
190.0,110.0,92.15,M,Raw,200.0
181.44,115.67,79.92,M,Raw,226.8
233.6,170.1,118.84,M,Single-ply,197.31
80.0,50.0,60.0,M,Single-ply,102.5
207.5,137.5,83.01,M,Raw,272.5
147.42,74.84,50.71,M,Single-ply,151.95
285.0,172.5,89.4,M,Single-ply,290.0
187.5,115.0,95.7,M,Raw,230.0
90.0,42.5,64.0,F,Single-ply,102.5
200.0,152.5,119.4,M,Single-ply,250.0
102.5,60.0,54.3,F,Raw,140.0
81.65,70.31,67.5,M,Single-ply,124.74
160.0,102.5,130.9,M,Raw,200.0
115.0,85.0,56.68,F,Raw,130.0
105.0,25.0,106.8,M,Raw,25.0
220.0,130.0,81.0,M,Single-ply,260.0
147.42,124.74,67.22,M,Wraps,190.51
252.5,147.5,90.8,M,Raw,250.0
175.0,105.0,82.5,M,Single-ply,185.0
205.0,142.5,100.9,M,Raw,252.5
249.48,156.49,124.4,M,Wraps,244.94
226.8,136.08,94.66,M,Single-ply,206.38
260.0,180.0,147.1,M,Raw,280.0
136.08,81.65,58.69,M,Single-ply,145.15
142.88,83.91,120.2,M,Single-ply,149.69
145.0,90.0,78.3,M,Single-ply,205.0
145.0,107.5,79.9,M,Single-ply,190.0
260.0,180.0,82.6,M,Raw,287.5
210.0,182.5,111.04,M,Raw,220.0
181.44,122.47,74.93,F,Wraps,204.12
188.24,79.38,99.88,F,Wraps,183.7
322.05,124.74,98.61,M,Wraps,256.28
182.5,137.5,85.35,M,Single-ply,190.0
260.0,200.0,119.2,M,Raw,250.0
172.5,87.5,67.5,M,Single-ply,200.0
220.0,95.0,101.3,F,Wraps,182.5
240.0,140.0,97.9,M,Raw,240.0
100.0,75.0,64.59,F,Raw,115.0
142.88,72.57,49.99,M,Single-ply,151.95
170.0,125.0,95.4,M,Raw,212.5
215.0,137.5,86.5,M,Raw,232.5
210.0,130.0,73.7,M,Single-ply,227.5
163.29,81.65,68.67,M,Single-ply,167.83
120.0,62.5,67.0,F,Wraps,130.0
190.0,115.0,88.6,M,Raw,235.0
227.5,200.0,119.2,M,Single-ply,287.5
220.0,167.5,113.8,M,Raw,260.0
183.7,170.1,95.07,M,Raw,265.35
125.0,67.5,46.7,F,Single-ply,137.5
192.78,131.54,150.59,M,Single-ply,188.24
300.0,170.0,97.8,M,Single-ply,295.0
158.76,102.06,74.3,M,Single-ply,163.29
102.06,61.23,58.88,M,Single-ply,127.01
238.0,160.0,84.9,F,Raw,273.0
85.0,55.0,56.15,F,Raw,90.0
237.5,147.5,148.4,M,Raw,245.0
124.74,104.33,58.97,M,Single-ply,154.22
150.0,82.5,67.5,M,Single-ply,170.0
80.0,37.5,54.65,F,Raw,132.5
230.0,155.0,145.0,M,Raw,290.0
217.5,165.0,72.3,M,Raw,245.0
127.5,87.5,56.9,F,Single-ply,137.5
307.5,230.0,110.0,M,Single-ply,322.5
165.0,125.0,90.1,M,Raw,202.5
190.51,111.13,67.13,M,Single-ply,185.97
275.0,185.0,82.1,M,Single-ply,265.0
210.92,127.01,87.54,M,Wraps,238.14
200.0,150.0,104.1,M,Raw,195.0
220.0,172.5,92.7,M,Single-ply,200.0
217.72,138.35,139.98,M,Single-ply,231.33
167.83,108.86,68.04,M,Single-ply,179.17
245.0,147.5,89.36,M,Raw,245.0
182.5,110.0,105.5,M,Raw,220.0
151.95,88.45,64.05,M,Single-ply,158.76
307.5,170.0,103.0,M,Wraps,277.5
130.0,132.5,82.5,M,Single-ply,170.0
202.5,107.5,91.6,M,Raw,215.0
135.0,92.5,83.2,M,Single-ply,190.0
140.0,117.5,67.5,M,Single-ply,207.5
270.0,182.5,137.45,M,Raw,300.0
175.0,107.5,64.3,M,Raw,217.5
185.0,115.0,74.0,M,Raw,220.0
255.0,192.5,138.57,M,Wraps,303.5
230.0,175.0,111.4,M,Raw,265.0
240.4,163.29,94.89,M,Single-ply,231.33
212.5,137.5,81.7,M,Single-ply,240.0
77.5,42.5,85.0,F,Single-ply,105.0
210.0,117.5,88.99,M,Raw,250.0
160.0,85.0,62.2,M,Raw,185.0
92.99,38.56,47.63,M,Single-ply,99.79
249.48,183.7,96.34,M,Raw,299.37
205.0,127.5,90.7,M,Raw,237.5
136.08,92.99,73.3,M,Single-ply,136.08
177.5,120.0,102.5,M,Raw,192.5
105.0,45.0,87.4,F,Raw,137.5
335.0,255.0,133.0,M,Single-ply,230.0
105.0,52.5,58.5,F,Single-ply,120.0
207.5,152.5,125.83,M,Wraps,227.5
200.0,155.0,110.9,M,Raw,200.0
147.5,80.0,79.7,F,Single-ply,140.0
175.0,142.5,71.82,F,Single-ply,142.5
120.0,45.0,60.0,F,Raw,120.0
210.0,127.5,89.8,M,Raw,240.0
176.9,124.74,108.95,M,Single-ply,210.92
256.28,147.42,100.24,M,Single-ply,215.46
158.76,95.25,73.21,M,Single-ply,151.95
185.0,95.0,100.9,M,Raw,227.5
160.0,130.0,95.7,M,Raw,210.0
142.5,115.0,75.2,M,Raw,165.0
80.0,51.0,48.0,F,Raw,115.0
57.5,47.5,53.3,F,Raw,110.0
157.5,75.0,58.57,M,Raw,165.0
205.0,167.5,86.8,M,Raw,227.5
205.0,115.0,74.8,M,Wraps,220.0
180.0,100.0,98.8,M,Raw,187.5
92.5,80.0,46.8,M,Raw,75.0
162.5,100.0,64.6,M,Raw,192.5
112.5,67.5,71.1,F,Single-ply,125.0
217.5,142.5,81.3,M,Single-ply,215.0
145.15,86.18,59.42,M,Single-ply,165.56
231.33,113.4,121.47,M,Single-ply,206.38
349.27,102.06,89.63,M,Multi-ply,290.3
262.5,177.5,146.6,M,Raw,285.0
120.2,79.38,64.32,M,Single-ply,149.69
125.0,62.5,79.7,F,Raw,130.0
240.0,130.0,88.1,M,Single-ply,250.0
226.8,165.56,79.38,M,Single-ply,226.8
182.5,110.0,57.9,M,Raw,220.0
181.44,108.86,95.53,M,Single-ply,183.7
260.0,260.0,127.14,M,Single-ply,260.0
200.0,140.0,90.0,M,Single-ply,230.0
197.31,113.4,141.88,M,Wraps,219.99
130.0,87.5,61.6,F,Raw,132.5
110.0,60.0,46.68,F,Raw,127.5
133.81,106.59,109.95,M,Raw,192.78
52.5,30.0,50.9,F,Raw,92.5
185.0,117.5,68.8,M,Raw,245.0
233.6,165.56,80.1,M,Single-ply,226.8
230.0,140.0,89.0,M,Single-ply,200.0
120.0,82.5,59.96,F,Wraps,177.5
117.93,58.97,53.52,M,Single-ply,129.27
150.0,92.5,72.0,M,Raw,180.0
227.5,137.5,87.5,M,Wraps,212.5
120.0,72.5,66.13,F,Raw,167.5
190.0,140.0,99.2,M,Raw,240.0
111.13,86.18,101.15,M,Single-ply,158.76
159.66,117.48,110.0,M,Single-ply,182.34
267.5,187.5,122.55,M,Raw,260.0
230.0,125.0,65.94,M,Single-ply,207.5
195.04,120.2,86.09,M,Single-ply,192.78
62.5,37.5,71.03,F,Wraps,85.0
130.0,90.0,93.0,M,Raw,200.0
149.69,140.61,134.17,M,Raw,204.12
240.0,195.0,72.25,M,Single-ply,245.0
237.5,150.0,106.7,M,Raw,230.0
20.0,32.5,104.2,F,Raw,57.5
117.5,65.0,61.4,F,Single-ply,137.5
165.56,88.45,96.89,M,Single-ply,188.24
170.1,97.52,106.41,M,Single-ply,185.97
161.03,77.11,85.73,M,Single-ply,142.88
322.05,183.7,116.85,M,Wraps,276.69
272.16,183.7,122.56,M,Single-ply,265.35
220.0,160.0,98.3,M,Wraps,280.0
160.0,82.5,65.8,F,Raw,200.0
215.46,122.47,89.81,M,Single-ply,215.46
242.5,145.0,95.6,M,Raw,265.0
62.5,67.5,97.6,F,Raw,150.0
165.0,110.0,82.5,M,Single-ply,195.0
112.5,55.0,92.75,F,Raw,130.0
175.0,135.0,92.22,M,Wraps,210.0
105.0,40.0,48.3,M,Single-ply,105.0
217.5,115.0,89.0,M,Raw,265.0
165.56,95.25,89.09,F,Raw,176.9
220.0,157.5,108.9,M,Single-ply,250.0
145.0,92.5,75.75,F,Wraps,182.5
107.5,60.0,46.7,F,Raw,122.5
165.56,124.74,99.79,M,Single-ply,181.44
160.0,127.5,81.5,M,Raw,235.0
177.5,132.5,93.62,M,Raw,185.0
129.27,90.72,58.29,M,Single-ply,138.35
147.5,100.0,101.1,M,Raw,197.5
227.5,147.5,112.0,M,Raw,230.0
113.4,79.38,104.87,M,Single-ply,113.4
210.92,115.67,98.43,M,Single-ply,176.9
150.0,120.0,85.23,M,Wraps,227.5
156.49,95.25,59.42,M,Single-ply,179.17
85.0,42.5,65.9,F,Raw,117.5
150.0,87.5,73.4,M,Raw,175.0
206.38,124.74,106.19,M,Single-ply,219.99
175.0,127.5,58.6,M,Single-ply,192.5
220.0,160.0,100.9,M,Raw,250.0
158.76,92.99,74.53,M,Single-ply,181.44
197.31,104.33,81.47,M,Wraps,247.21
344.73,272.16,99.52,M,Multi-ply,290.3
310.0,227.5,92.2,M,Single-ply,300.5
105.0,55.0,79.5,F,Raw,130.0
237.5,157.5,91.2,M,Raw,267.5
202.5,130.0,99.4,M,Raw,267.5
182.5,145.0,99.0,M,Raw,230.0
217.5,120.0,74.2,M,Wraps,272.5
170.1,92.99,86.36,M,Single-ply,161.03
127.5,90.5,65.3,F,Single-ply,155.0
152.5,90.0,73.3,M,Raw,197.5
136.08,65.77,103.96,M,Single-ply,161.03
222.5,130.0,75.0,M,Single-ply,245.0
210.0,145.0,67.3,M,Single-ply,250.0
217.72,122.47,124.19,M,Single-ply,197.31
106.59,52.16,68.22,F,Wraps,136.08
250.0,145.0,118.73,M,Raw,242.5
95.0,57.5,56.4,F,Raw,117.5
231.3,127.0,104.3,M,Raw,231.3
132.5,72.5,67.5,F,Single-ply,127.5
70.3,49.9,79.4,F,Raw,95.3
217.5,147.5,105.3,M,Raw,240.0
182.5,135.0,74.66,M,Wraps,215.0
110.0,72.5,55.75,M,Raw,145.0
156.5,95.3,106.4,M,Single-ply,167.8
230.0,150.0,113.2,M,Raw,257.5
182.5,152.5,90.0,M,Wraps,257.5
125.0,57.5,54.07,F,Single-ply,112.5
115.0,80.0,64.9,M,Single-ply,145.0
231.33,124.74,70.94,M,Single-ply,208.65
226.8,156.49,89.81,M,Wraps,226.8
163.29,68.04,89.81,M,Single-ply,90.72
195.0,127.5,95.5,M,Single-ply,205.0
250.0,155.0,103.4,M,Raw,255.0
215.46,124.74,98.07,M,Single-ply,226.8
250.0,150.0,99.45,M,Wraps,290.0
60.0,40.0,45.0,F,Raw,82.5
110.0,62.5,74.3,F,Raw,137.5
230.0,160.0,103.6,M,Raw,257.5
70.0,45.0,54.7,F,Raw,97.5
157.5,115.0,70.9,M,Raw,170.0
135.0,82.5,90.2,F,Raw,172.5
260.0,175.0,82.7,M,Raw,272.5
165.56,108.86,124.74,M,Single-ply,181.44
175.0,122.5,65.87,M,Raw,220.0
150.0,122.5,91.8,M,Raw,192.5
306.17,165.56,158.67,M,Wraps,290.3
147.5,92.5,82.3,M,Raw,212.5
324.32,183.7,89.81,M,Wraps,335.66
130.0,67.5,67.5,F,Single-ply,162.5
130.0,85.0,85.23,M,Raw,165.0
232.5,105.0,108.73,M,Wraps,235.0
145.0,142.5,81.5,M,Single-ply,210.0
130.0,75.0,71.9,M,Raw,180.0
226.8,120.2,115.85,M,Single-ply,192.78
110.0,67.5,66.7,F,Wraps,117.5
145.15,86.18,89.81,M,Single-ply,122.47
155.0,115.0,90.0,M,Single-ply,175.0
240.0,160.0,98.7,M,Raw,280.0
204.12,111.13,84.73,M,Single-ply,231.33
190.0,100.0,74.2,M,Single-ply,190.0
150.0,77.5,66.86,F,Wraps,170.0
125.0,115.0,131.4,M,Raw,195.0
92.5,52.5,60.8,F,Raw,137.5
50.0,42.5,54.8,M,Raw,80.0
210.0,150.0,89.65,M,Raw,275.0
293.0,155.0,88.5,M,Wraps,295.5
302.5,197.5,104.4,M,Single-ply,320.0
137.5,85.0,82.5,F,Single-ply,165.0
125.0,55.0,72.0,F,Raw,140.0
202.5,142.5,117.5,M,Raw,272.5
199.58,167.83,123.74,M,Wraps,219.99
250.0,120.0,90.0,M,Single-ply,290.0
310.71,158.76,121.7,M,Single-ply,288.03
188.24,127.01,80.29,M,Single-ply,206.38
365.0,227.5,99.06,M,Wraps,305.0
229.06,156.49,106.96,M,Raw,254.01
187.5,127.5,60.0,F,Single-ply,167.5
122.5,72.5,59.93,F,Raw,182.5
157.5,127.5,80.56,M,Wraps,195.0
140.0,75.0,64.2,F,Single-ply,140.0
182.5,115.0,73.4,M,Raw,205.0
138.35,117.93,88.63,M,Raw,176.9
158.76,111.13,125.42,M,Single-ply,172.37
122.47,95.25,73.03,M,Single-ply,145.15
183.7,111.13,100.52,M,Single-ply,204.12
204.12,131.54,98.25,M,Single-ply,222.26
102.5,55.0,66.13,F,Wraps,137.5
100.0,70.0,74.0,M,Single-ply,145.0
112.5,57.5,65.86,F,Wraps,122.5
167.5,107.5,77.9,M,Raw,207.5
154.22,122.47,76.97,M,Single-ply,181.44
77.5,37.5,68.9,F,Raw,95.0
205.0,137.5,114.0,M,Raw,227.5
62.5,72.5,80.0,F,Single-ply,62.5
302.5,177.5,90.0,M,Single-ply,312.5
212.5,142.5,90.6,M,Single-ply,202.5
181.44,92.99,118.84,M,Single-ply,163.29
180.0,112.5,81.6,M,Raw,210.0
260.82,167.83,117.03,M,Wraps,299.37
201.85,111.13,116.66,M,Raw,226.8
212.5,127.5,90.6,M,Raw,267.5
382.5,255.0,125.0,M,Raw,355.0
227.48,154.9,110.0,M,Single-ply,227.48
265.0,182.5,120.02,M,Single-ply,235.0
265.35,151.95,79.83,M,Single-ply,256.28
317.51,190.51,117.66,M,Wraps,310.71
227.5,152.5,106.0,M,Raw,265.0
257.5,152.5,88.72,M,Wraps,280.0
200.0,122.5,77.8,M,Raw,207.5
245.0,130.0,84.4,M,Single-ply,245.0
214.89,154.9,100.0,M,Single-ply,217.5
195.0,185.0,97.2,M,Single-ply,242.5
340.0,227.5,124.1,M,Raw,390.0
137.5,95.0,46.0,F,Wraps,145.0
257.5,172.5,81.74,M,Single-ply,260.0
130.0,92.5,76.11,M,Raw,192.5
190.0,100.0,78.3,M,Single-ply,170.0
115.0,70.0,82.2,F,Raw,157.5
247.21,129.27,97.89,M,Single-ply,215.46
202.5,125.0,88.9,M,Raw,240.0
125.0,60.0,83.7,F,Raw,122.5
160.0,100.0,82.8,M,Raw,182.5
160.0,125.0,90.0,M,Single-ply,210.0
195.0,97.5,109.2,M,Wraps,220.0
232.5,165.0,77.1,M,Single-ply,200.0
260.0,227.5,109.35,M,Raw,260.0
122.5,72.5,61.56,F,Raw,142.5
92.5,40.0,66.9,F,Raw,122.5
204.12,92.99,112.49,M,Single-ply,183.7
207.5,127.5,90.9,M,Single-ply,230.0
182.5,137.5,66.6,M,Wraps,227.5
142.88,90.72,74.75,M,Single-ply,167.83
199.58,140.61,87.82,M,Raw,260.82
190.51,115.67,103.87,M,Single-ply,190.51
217.5,150.0,134.3,M,Raw,252.5
72.5,50.0,42.46,F,Raw,95.0
140.0,57.5,92.0,F,Raw,135.0
127.5,120.0,73.9,M,Raw,165.0
295.0,200.0,89.0,M,Raw,305.0
162.5,92.5,99.5,M,Raw,192.5
190.51,108.86,79.56,M,Single-ply,195.04
165.0,125.0,73.3,M,Raw,192.5
215.0,120.0,76.0,M,Single-ply,250.0
117.5,65.0,50.7,F,Single-ply,132.5
182.5,117.5,89.8,M,Wraps,200.0
247.5,165.0,75.0,M,Single-ply,277.5
320.0,227.5,73.66,M,Single-ply,295.0
200.0,140.0,104.8,M,Single-ply,255.0
142.88,79.38,59.15,M,Single-ply,154.22
172.5,170.0,82.5,M,Single-ply,205.0
292.5,155.0,109.0,M,Single-ply,292.5
90.0,50.0,43.0,F,Wraps,110.0
80.0,55.0,59.87,F,Raw,132.5
120.0,62.5,75.0,F,Raw,152.5
205.0,175.0,105.2,M,Raw,232.5
54.43,49.9,56.93,F,Wraps,79.38
165.56,129.27,87.09,M,Raw,208.65
225.0,185.0,97.9,M,Raw,270.0
74.84,29.48,43.09,M,Single-ply,106.59
320.0,257.5,185.6,M,Wraps,330.0
140.0,80.0,63.0,M,Single-ply,150.0
152.5,100.0,85.5,M,Raw,215.0
205.0,190.0,85.6,M,Single-ply,250.0
182.5,97.5,82.9,M,Raw,205.0
105.0,60.0,64.8,F,Raw,135.0
142.5,95.0,77.05,F,Single-ply,135.0
182.5,130.0,75.0,M,Single-ply,195.0
142.5,112.5,88.99,M,Raw,220.0
256.28,138.35,88.99,M,Multi-ply,240.4
151.95,83.91,63.59,M,Single-ply,161.03
197.5,115.0,126.1,M,Raw,215.0
130.0,77.5,83.0,M,Raw,150.0
204.12,142.88,114.76,M,Single-ply,170.1
202.5,140.0,81.6,M,Raw,247.5
158.76,102.06,59.24,M,Single-ply,165.56
115.7,56.7,81.9,F,Raw,131.5
92.99,52.16,57.15,F,Raw,115.67
272.16,161.03,95.98,M,Single-ply,260.82
77.5,50.0,59.8,F,Raw,102.5
167.5,125.0,107.23,M,Raw,267.5
181.44,90.72,63.68,M,Single-ply,147.42
185.0,145.0,98.3,M,Raw,227.5
376.48,229.06,106.14,M,Multi-ply,272.16
155.0,102.5,134.72,F,Wraps,157.5
180.0,87.5,98.6,F,Raw,182.5
145.15,151.95,77.47,M,Raw,219.99
205.0,137.5,95.8,M,Raw,232.5
147.5,100.0,69.6,M,Raw,170.0
220.0,170.0,89.6,M,Raw,222.5
140.61,74.84,75.3,M,Single-ply,145.15
222.5,127.5,107.77,M,Wraps,220.0
110.0,50.0,111.6,F,Wraps,117.5
129.27,81.65,57.15,M,Single-ply,149.69
115.0,50.0,62.3,F,Raw,132.5
300.0,187.5,89.99,M,Wraps,322.5
150.0,105.0,65.3,M,Raw,185.0
190.0,100.0,65.9,M,Raw,177.5
320.0,165.0,168.3,M,Wraps,257.5
247.21,122.47,98.43,M,Single-ply,238.14
151.95,92.99,123.83,M,Single-ply,167.83
300.0,170.0,89.6,M,Wraps,280.0
132.5,102.5,72.9,M,Raw,182.5
230.0,145.0,124.0,M,Raw,215.0
183.7,120.2,95.48,M,Single-ply,158.76
217.5,147.5,110.0,M,Raw,220.0
328.85,206.38,106.78,M,Wraps,260.82
150.0,115.0,60.0,F,Single-ply,140.0
158.76,104.33,77.29,M,Single-ply,151.95
165.56,90.72,70.49,M,Single-ply,174.63
244.94,133.81,89.81,M,Single-ply,238.14
260.82,163.29,106.32,M,Wraps,256.28
120.0,110.0,80.3,M,Raw,160.0
150.0,110.0,79.5,M,Single-ply,180.0
137.5,82.5,67.2,M,Raw,167.5
167.83,86.18,74.84,F,Multi-ply,147.42
170.0,97.5,101.42,M,Raw,185.0
158.76,95.25,65.68,M,Single-ply,201.85
165.56,124.74,73.48,M,Wraps,190.51
112.5,52.5,106.28,F,Raw,132.5
174.63,92.99,52.98,M,Single-ply,158.76
81.65,58.97,48.53,M,Single-ply,79.38
145.0,77.5,86.4,F,Wraps,187.5
237.5,170.0,112.7,M,Raw,255.0
220.0,125.0,126.6,M,Single-ply,250.0
113.4,61.23,63.96,M,Single-ply,136.08
205.0,145.0,90.8,M,Raw,227.5
130.0,70.0,66.2,F,Raw,157.5
112.5,65.0,62.0,F,Raw,137.5
212.5,130.0,81.2,M,Raw,250.0
111.13,70.31,71.67,M,Single-ply,136.08
150.0,85.0,87.1,M,Wraps,185.0
192.5,120.0,73.0,M,Raw,252.5
97.52,68.04,66.86,M,Single-ply,111.13
205.0,142.5,119.2,M,Raw,250.0
183.7,113.4,79.65,M,Multi-ply,201.85
200.0,130.0,93.0,M,Raw,242.5
210.0,147.5,79.9,M,Raw,240.0
83.91,56.7,51.94,F,Wraps,88.45
82.5,70.0,67.5,M,Single-ply,115.0
117.5,90.0,64.75,M,Raw,147.5
147.5,100.0,80.2,M,Raw,210.0
130.0,70.0,115.63,F,Raw,150.0
107.5,62.5,51.65,M,Single-ply,127.5
140.0,95.5,51.37,F,Raw,175.0
290.3,174.63,82.1,M,Wraps,235.87
135.0,77.5,62.5,F,Raw,145.0
324.32,172.37,136.98,M,Single-ply,272.16
200.0,132.5,82.2,M,Wraps,217.5
145.0,97.5,88.27,M,Multi-ply,160.0
142.88,97.52,66.32,M,Single-ply,158.76
120.0,70.0,56.3,F,Raw,150.0
300.0,172.5,94.2,M,Single-ply,270.0
312.5,170.0,119.47,M,Single-ply,315.0
140.0,100.0,67.72,M,Wraps,150.0
132.5,92.5,64.8,M,Raw,147.5
110.0,65.0,63.6,F,Raw,142.5
192.5,135.0,81.2,M,Single-ply,240.0
190.0,120.0,72.93,M,Single-ply,190.0
205.0,145.0,82.4,M,Raw,240.0
195.0,130.0,97.85,M,Single-ply,200.0
150.0,70.0,84.5,F,Raw,145.0
122.47,70.31,50.53,M,Single-ply,136.08
255.0,150.0,90.0,M,Single-ply,285.0
82.5,47.5,52.6,F,Raw,95.0
70.31,47.63,58.69,F,Raw,83.91
177.5,132.5,86.75,M,Raw,205.0
75.0,77.5,71.9,M,Raw,115.0
181.44,102.06,129.73,M,Single-ply,199.58
129.27,63.5,66.04,M,Single-ply,140.61
226.8,133.81,123.38,M,Single-ply,192.78
227.5,132.5,127.4,M,Raw,260.0
205.0,145.0,102.5,M,Raw,240.0
217.5,142.5,97.7,M,Raw,242.5
147.5,100.0,80.9,M,Raw,182.5
290.3,136.08,124.74,M,Single-ply,206.38
135.0,102.5,91.4,M,Raw,162.5
86.18,61.23,50.26,M,Single-ply,106.59
265.0,205.0,106.2,M,Single-ply,255.0
65.77,52.16,50.44,F,Raw,117.93
113.4,56.7,50.03,M,Single-ply,127.01
295.0,200.0,85.95,M,Single-ply,270.0
220.0,110.0,57.2,M,Single-ply,200.0
172.5,160.0,88.1,M,Raw,185.0
265.0,165.0,100.95,M,Raw,310.0
277.5,215.0,120.5,M,Raw,295.0
258.55,158.76,137.44,M,Single-ply,256.28
215.46,142.88,88.99,M,Raw,265.35
124.74,61.23,74.84,F,Raw,172.37
290.0,170.0,111.4,M,Single-ply,275.0
129.27,63.5,96.62,F,Raw,147.42
100.0,50.0,67.5,F,Wraps,127.5
70.0,65.0,83.0,F,Single-ply,115.0
102.06,61.23,52.89,M,Single-ply,102.06
222.5,130.0,89.1,M,Wraps,240.0
92.5,72.5,51.4,F,Raw,130.0
157.5,105.0,56.7,M,Raw,195.0
120.0,80.0,56.0,M,Single-ply,140.0
85.0,52.5,61.95,F,Raw,125.0
170.0,105.0,106.0,M,Raw,197.5
115.67,77.11,70.58,M,Single-ply,129.27
235.0,150.0,102.8,M,Single-ply,250.0
172.37,102.06,65.68,M,Single-ply,174.63
183.7,122.47,73.12,M,Single-ply,204.12
215.46,142.88,80.38,M,Wraps,235.87
292.5,157.5,132.9,M,Single-ply,252.5
230.0,150.0,82.36,M,Raw,270.0
150.0,85.0,70.8,F,Single-ply,140.0
110.0,80.0,53.5,F,Raw,155.0
187.5,85.0,116.05,F,Raw,187.5
165.0,97.5,80.4,M,Single-ply,170.0
176.9,104.33,58.97,M,Single-ply,199.58
97.52,39.92,54.66,F,Wraps,122.47
54.43,29.48,47.22,M,Single-ply,63.5
111.13,61.23,87.27,F,Wraps,147.42
272.47,137.44,99.88,M,Raw,242.45
120.0,65.0,59.3,F,Raw,130.0
156.49,56.7,67.13,F,Single-ply,151.95
133.81,97.52,59.87,M,Single-ply,149.69
201.85,102.06,84.59,M,Single-ply,188.24
92.5,47.5,52.0,F,Single-ply,115.0
185.0,112.5,68.6,M,Single-ply,200.0
290.3,158.76,88.27,M,Single-ply,254.01
110.0,70.0,81.92,F,Raw,107.5
207.5,65.0,117.1,F,Single-ply,170.0
170.0,97.5,80.25,M,Raw,195.0
161.03,138.35,80.1,M,Wraps,233.6
90.72,43.09,52.25,M,Single-ply,106.59
250.0,175.0,100.97,M,Raw,277.5
230.0,132.5,96.8,M,Raw,225.0
145.0,90.0,58.65,M,Raw,182.5
197.5,170.0,125.0,M,Raw,230.0
230.0,157.5,107.5,M,Wraps,272.5
283.5,142.88,137.35,M,Single-ply,267.62
92.5,50.0,67.2,F,Raw,102.5
205.0,142.5,97.52,M,Wraps,215.0
100.0,67.5,104.9,F,Raw,115.0
152.5,72.5,78.5,F,Raw,167.5
106.59,40.82,67.22,F,Wraps,102.06
210.0,140.0,93.4,M,Raw,225.0
147.5,90.0,82.5,M,Single-ply,190.0
251.7,149.7,96.8,M,Single-ply,215.5
160.0,127.5,90.4,M,Raw,182.5
260.0,182.5,90.0,M,Single-ply,240.0
125.0,115.0,104.9,M,Raw,205.0
210.92,127.01,96.43,M,Wraps,206.38
200.0,122.5,82.9,M,Single-ply,212.5
122.47,65.77,83.1,F,Wraps,149.69
255.0,170.0,82.1,M,Single-ply,265.0
294.84,149.69,124.6,M,Single-ply,258.55
145.0,100.0,82.5,M,Single-ply,162.5
207.5,142.5,98.3,M,Wraps,227.5
147.5,80.0,80.5,F,Wraps,167.5
227.5,145.0,107.5,M,Raw,252.5
160.0,130.0,93.1,M,Raw,200.0
154.22,88.45,92.62,M,Single-ply,142.88
165.0,150.0,113.65,M,Raw,180.0
176.9,99.79,55.43,M,Single-ply,190.51
102.06,49.9,65.86,F,Wraps,131.54
225.0,180.0,89.1,M,Raw,237.5
227.5,167.5,98.5,M,Raw,287.5
102.5,55.0,71.2,F,Raw,141.0
188.24,111.13,112.49,M,Single-ply,188.24
227.5,145.0,92.0,M,Raw,247.5
306.17,204.12,87.09,M,Multi-ply,283.5
142.88,65.77,56.56,M,Single-ply,140.61
131.54,77.11,76.7,F,Raw,149.69
97.07,57.15,90.0,F,Single-ply,119.75
142.88,102.06,100.0,M,Wraps,174.63
255.0,167.5,116.6,M,Raw,295.0
127.01,65.77,51.53,M,Single-ply,127.01
86.18,47.63,50.35,F,Raw,124.74
252.5,180.0,103.7,M,Raw,295.0
130.0,57.5,72.0,F,Raw,110.0
92.99,79.38,68.04,M,Single-ply,127.01
282.5,207.5,139.48,M,Raw,300.0
308.44,158.76,134.76,M,Single-ply,274.42
205.0,182.5,114.67,M,Single-ply,200.0
145.0,57.5,50.26,F,Wraps,147.5
125.0,77.5,59.8,F,Wraps,147.5
260.0,190.0,110.0,M,Single-ply,262.5
190.0,107.5,75.4,M,Wraps,185.0
272.5,197.5,103.97,M,Raw,307.5
185.97,115.67,66.32,M,Single-ply,210.92
258.55,192.78,118.84,M,Wraps,299.37
231.33,136.08,81.37,M,Wraps,251.74
188.24,149.69,99.34,M,Raw,240.4
282.5,170.0,120.56,M,Raw,267.5
369.68,224.53,124.28,M,Multi-ply,294.84
247.5,162.5,90.0,M,Single-ply,300.0
205.0,140.0,70.5,M,Raw,232.5
165.56,74.84,59.15,M,Single-ply,170.1
230.0,170.0,100.8,M,Raw,265.0
184.0,120.0,89.9,M,Raw,242.5
172.37,106.59,114.31,M,Single-ply,174.63
172.37,120.2,72.67,M,Single-ply,190.51
280.0,222.5,120.5,M,Single-ply,270.0
136.08,86.18,114.58,M,Single-ply,149.69
145.0,110.0,88.1,M,Raw,227.5
195.0,130.0,100.0,M,Single-ply,227.5
124.74,74.84,72.17,M,Single-ply,136.08
113.4,63.5,68.86,M,Single-ply,102.06
125.0,65.0,46.81,F,Raw,127.5
127.5,62.5,126.0,F,Wraps,137.5
104.33,70.31,57.79,M,Single-ply,136.08
250.0,187.5,108.32,M,Wraps,292.5
201.85,120.2,80.56,M,Single-ply,210.92
160.0,70.0,62.35,F,Single-ply,155.0
226.8,124.74,114.31,M,Single-ply,183.7
90.0,47.5,72.6,F,Raw,140.0
130.0,82.5,56.6,F,Raw,142.5
30.0,17.5,28.6,F,Raw,47.5
167.5,100.0,80.8,M,Raw,215.0
132.5,57.5,62.5,F,Single-ply,132.5
177.5,115.0,78.5,M,Raw,212.5
227.5,205.0,125.0,M,Single-ply,227.5
247.5,200.0,118.0,M,Raw,270.0
210.0,162.5,75.0,M,Single-ply,220.0
67.5,52.5,70.0,F,Raw,100.0
215.46,185.97,158.76,M,Wraps,238.14
227.5,182.5,125.0,M,Single-ply,295.0
172.37,108.86,65.59,M,Raw,226.8
102.5,67.5,67.2,F,Raw,130.0
97.5,50.0,80.74,F,Wraps,137.5
225.0,142.5,103.3,M,Raw,272.5
85.0,50.0,82.4,F,Raw,120.0
207.5,127.5,80.8,M,Raw,227.5
245.0,157.5,105.0,M,Wraps,310.0
82.5,75.0,94.98,M,Raw,125.0
82.5,77.5,52.34,M,Raw,115.0
227.5,167.5,118.6,M,Raw,292.5
112.5,72.5,73.3,F,Raw,122.5
111.13,79.38,71.85,M,Wraps,145.15
115.0,52.5,65.6,F,Wraps,140.0
97.5,55.0,63.4,F,Raw,147.5
135.0,60.0,66.0,F,Single-ply,170.0
200.0,155.0,97.7,M,Wraps,222.5
147.5,107.5,67.5,F,Single-ply,150.0
65.0,47.5,57.0,F,Single-ply,97.5
120.0,72.5,73.2,F,Raw,137.5
117.5,60.0,59.51,F,Raw,132.5
112.5,77.5,81.1,M,Raw,160.0
167.5,92.5,63.68,F,Single-ply,157.5
210.92,138.35,88.63,M,Wraps,215.46
220.0,150.0,113.85,M,Raw,275.0
106.59,58.97,59.51,F,Raw,133.81
192.5,130.0,88.63,M,Raw,250.0
227.5,145.0,103.1,M,Raw,280.0
122.47,56.7,53.43,M,Single-ply,124.74
147.5,80.0,62.8,F,Raw,150.0
112.5,62.5,73.6,F,Single-ply,110.0
100.0,57.5,96.9,F,Raw,125.0
165.0,112.5,86.32,M,Raw,190.0
105.0,60.0,79.1,F,Raw,115.0
124.74,70.31,71.67,M,Single-ply,113.4
102.5,50.0,73.1,F,Wraps,127.5
131.54,74.84,63.78,M,Single-ply,149.69
207.5,130.0,73.9,M,Raw,255.0
222.26,131.54,108.41,M,Single-ply,226.8
250.0,185.0,109.2,M,Raw,260.0
152.5,112.5,81.6,M,Raw,207.5
272.16,142.88,148.1,M,Single-ply,249.48
308.44,185.97,108.32,M,Wraps,331.12
140.61,77.11,59.47,M,Single-ply,165.56
302.5,210.0,113.0,M,Single-ply,297.5
240.4,102.06,117.48,M,Single-ply,217.72
140.61,104.33,89.68,M,Single-ply,165.56
110.0,47.5,56.8,F,Raw,117.5
149.69,95.25,123.83,M,Single-ply,156.49
260.0,222.5,116.3,M,Raw,282.5
206.38,142.88,86.64,M,Single-ply,213.19
330.0,287.5,156.6,M,Single-ply,250.0
175.0,127.5,81.8,M,Raw,230.0
175.0,105.0,65.86,M,Wraps,220.0
107.5,85.0,94.5,M,Raw,140.0
127.5,82.5,64.2,F,Raw,175.0
175.0,115.0,81.1,M,Raw,215.0
132.5,80.0,65.6,F,Raw,147.5
230.0,137.5,99.0,M,Raw,270.0
190.51,117.93,88.27,M,Wraps,226.8
340.0,260.0,110.9,M,Multi-ply,272.5
136.08,97.52,89.81,M,Single-ply,176.9
140.0,110.0,74.0,M,Raw,205.0
160.0,130.0,89.2,M,Raw,210.0
251.74,174.63,95.62,M,Raw,276.69
160.0,125.0,68.65,M,Single-ply,190.0
300.0,190.0,97.4,M,Wraps,275.0
107.5,55.0,59.5,F,Raw,150.0
157.5,70.0,73.4,F,Single-ply,145.0
75.0,42.5,63.8,F,Raw,87.5
217.5,122.5,102.0,M,Raw,260.0
250.0,157.5,90.0,M,Single-ply,310.0
200.0,92.5,74.25,M,Single-ply,187.5
129.27,70.31,60.87,M,Single-ply,133.81
205.0,155.0,118.8,M,Raw,250.0
235.87,106.59,114.85,M,Single-ply,213.19
245.0,145.0,83.65,F,Single-ply,207.5
190.0,127.5,78.8,M,Raw,202.5
160.0,92.5,67.1,M,Raw,175.0
219.99,131.54,91.63,M,Single-ply,226.8
350.0,215.0,99.75,M,Single-ply,362.5
138.35,97.52,61.69,M,Single-ply,170.1
260.0,160.0,92.8,M,Wraps,255.0
181.44,120.2,108.95,M,Wraps,235.87
170.0,110.0,96.6,M,Wraps,220.0
97.5,47.5,62.64,F,Raw,117.5
120.0,77.5,70.7,M,Single-ply,170.0
140.0,67.5,83.3,F,Raw,152.5
222.5,172.5,109.4,M,Wraps,222.5
200.0,152.5,108.0,M,Wraps,252.5
231.33,129.27,108.41,M,Wraps,260.82
172.5,115.0,78.9,M,Raw,200.0
257.5,187.5,122.8,M,Wraps,275.0
185.0,140.0,86.6,M,Raw,230.0
145.15,68.04,71.03,M,Single-ply,181.44
140.0,100.0,74.8,M,Single-ply,170.0
287.5,182.5,97.85,M,Wraps,235.0
115.0,65.0,104.3,F,Wraps,142.5
90.0,47.5,84.3,F,Raw,120.0
202.5,130.0,102.2,M,Raw,245.0
72.5,45.0,68.6,F,Single-ply,82.5
87.5,52.5,80.0,F,Wraps,117.5
125.0,60.0,63.0,F,Raw,147.5
272.16,183.7,106.96,M,Single-ply,265.35
215.0,140.0,107.5,M,Raw,215.0
87.5,57.5,57.0,F,Raw,117.5
185.0,117.5,73.0,M,Raw,185.0
150.0,110.0,72.3,M,Raw,182.5
165.56,90.72,97.16,M,Single-ply,149.69
260.82,124.74,120.56,M,Single-ply,258.55
317.5,200.0,92.7,M,Raw,312.5
157.5,87.5,58.4,M,Raw,182.5
107.5,52.5,54.62,F,Raw,147.5
111.13,83.91,75.0,M,Wraps,124.74
252.5,152.5,103.5,M,Raw,320.0
95.0,47.5,74.6,F,Wraps,117.5
188.24,122.47,73.62,M,Wraps,224.53
147.42,79.38,71.67,M,Single-ply,156.49
362.87,272.16,122.92,M,Multi-ply,272.16
131.54,72.57,69.94,M,Single-ply,170.1
290.3,174.63,82.1,M,Wraps,272.16
127.5,70.0,60.0,F,Single-ply,145.0
167.5,95.0,52.0,F,Single-ply,162.5
175.0,87.5,81.6,F,Raw,177.5
80.0,55.0,78.4,F,Wraps,125.0
190.0,112.5,88.2,M,Raw,227.5
79.38,38.56,59.06,F,Raw,120.2
177.5,132.5,82.3,M,Raw,205.0
155.0,62.5,86.2,F,Single-ply,147.5
170.1,111.13,99.79,M,Single-ply,161.03
142.5,92.5,65.4,M,Raw,190.0
127.01,77.11,63.68,M,Single-ply,136.08
177.5,95.0,83.7,F,Raw,182.5
127.5,70.0,69.7,F,Raw,165.0
185.0,107.5,52.0,M,Single-ply,172.5
105.0,177.5,103.3,M,Single-ply,127.5
255.0,172.5,74.0,M,Single-ply,235.0
210.0,152.5,91.1,M,Wraps,227.5
95.0,57.5,67.1,F,Raw,130.0
147.42,63.5,118.43,M,Single-ply,190.51
61.23,45.36,67.31,M,Single-ply,97.52
257.5,170.0,91.6,M,Raw,322.5
231.33,136.08,96.62,M,Raw,251.74
145.15,83.91,79.74,M,Single-ply,170.1
185.0,137.5,98.43,M,Wraps,187.5
182.5,120.0,84.0,M,Single-ply,205.0
79.38,34.02,59.24,F,Raw,92.99
219.99,111.13,114.76,M,Single-ply,226.8
182.5,110.0,96.6,M,Raw,195.0
85.0,35.0,41.7,F,Single-ply,85.0
172.5,172.5,125.1,M,Single-ply,192.5
142.5,70.0,73.2,F,Wraps,150.0
204.12,115.67,98.88,M,Single-ply,204.12
235.0,177.5,74.3,M,Single-ply,280.0
213.19,104.33,66.13,M,Single-ply,210.92
97.5,62.5,71.76,F,Wraps,120.0
190.0,82.5,73.4,F,Wraps,177.5
229.06,127.01,80.2,M,Single-ply,199.58
147.4,106.6,72.1,M,Single-ply,186.0
180.0,115.0,91.05,M,Raw,240.0
217.72,104.33,66.41,M,Single-ply,213.19
77.5,45.0,71.8,F,Raw,117.5
137.5,95.0,71.66,F,Single-ply,152.5
180.0,122.5,51.3,F,Single-ply,172.5
230.0,155.0,92.5,M,Raw,220.0
160.0,125.0,75.0,M,Raw,167.5
80.0,40.0,62.6,F,Raw,110.0
275.0,190.0,99.6,M,Raw,277.5
282.5,175.0,98.77,M,Single-ply,252.5
227.5,130.0,88.0,M,Raw,250.0
135.0,80.0,57.45,M,Raw,170.0
160.0,100.0,73.8,M,Raw,192.5
147.5,82.5,74.3,F,Raw,170.0
183.7,129.27,96.07,M,Single-ply,188.24
132.5,102.5,77.1,M,Raw,182.5
300.0,201.0,58.06,M,Single-ply,260.0
142.88,74.84,80.97,M,Single-ply,181.44
47.5,35.0,59.5,F,Raw,77.5
202.5,170.0,126.4,M,Single-ply,215.0
120.0,102.5,100.0,M,Single-ply,160.0
206.38,113.4,81.74,M,Single-ply,199.58
140.0,105.0,65.4,M,Raw,180.0
135.0,105.0,80.4,M,Raw,195.0
220.0,172.5,98.7,M,Raw,315.0
125.0,65.0,73.03,F,Wraps,150.0
162.5,105.0,58.2,M,Single-ply,177.5
125.0,77.5,71.7,F,Raw,145.0
185.97,140.61,87.0,M,Single-ply,208.65
162.5,87.5,70.67,F,Single-ply,155.0
217.72,138.35,81.92,M,Single-ply,226.8
192.5,230.0,160.6,M,Raw,260.0
355.0,287.5,103.8,M,Single-ply,332.5
163.29,102.06,66.68,M,Raw,208.65
115.0,72.5,51.6,F,Raw,137.5
250.0,200.0,151.0,M,Single-ply,225.0
182.5,135.0,88.7,M,Raw,187.5
120.0,65.0,62.62,F,Raw,155.0
160.0,107.5,82.7,M,Raw,180.0
152.0,87.5,77.4,F,Raw,192.5
136.08,97.52,86.73,M,Single-ply,163.29
152.5,107.5,71.8,M,Raw,190.0
219.99,115.67,123.83,M,Single-ply,210.92
156.49,83.91,74.03,M,Single-ply,170.1
213.19,129.27,85.68,M,Single-ply,229.06
97.5,85.0,69.5,M,Single-ply,157.5
225.0,110.0,75.0,M,Single-ply,235.0
120.0,95.0,82.15,M,Raw,165.0
237.5,150.0,87.5,M,Raw,282.5
237.5,145.0,88.8,M,Raw,277.5
92.5,50.0,59.9,F,Raw,142.5
40.0,20.0,33.8,F,Raw,62.5
147.5,80.0,79.1,F,Single-ply,150.0
99.79,61.23,66.32,M,Raw,124.74
142.88,102.06,86.18,M,Single-ply,154.22
172.5,112.5,70.44,M,Wraps,230.0
140.0,110.0,80.5,M,Raw,150.0
210.0,145.0,96.6,M,Raw,227.5
188.24,115.67,98.88,M,Single-ply,226.8
172.5,112.5,69.4,M,Raw,190.0
117.93,68.04,66.59,M,Single-ply,142.88
145.0,92.5,82.3,M,Raw,175.0
188.24,115.67,80.29,M,Single-ply,219.99
182.5,102.5,101.95,M,Single-ply,182.5
102.5,62.5,71.94,M,Wraps,137.5
205.0,147.5,89.4,M,Raw,240.0
152.5,125.0,92.0,M,Raw,187.5
147.5,85.0,73.0,F,Wraps,155.0
115.67,79.38,70.53,M,Single-ply,136.08
332.5,215.0,93.53,M,Single-ply,305.0
240.0,140.0,89.1,M,Single-ply,225.0
74.84,47.63,47.63,M,Single-ply,90.72
230.0,140.0,89.9,M,Wraps,230.0
100.0,60.0,69.8,F,Raw,132.5
67.5,42.5,51.71,F,Wraps,105.0
205.0,120.0,102.1,M,Raw,242.5
260.0,155.0,93.3,M,Single-ply,290.0
180.0,125.0,98.9,M,Raw,225.0
122.5,95.0,79.11,M,Raw,137.5
163.29,83.91,96.25,M,Single-ply,167.83
75.0,50.0,41.3,F,Raw,82.5
180.0,120.0,106.2,M,Raw,240.0
170.1,90.72,88.45,M,Single-ply,183.7
81.65,65.77,137.62,M,Single-ply,113.4
151.95,83.91,70.94,M,Single-ply,158.76
276.0,175.0,118.84,M,Raw,282.5
142.88,88.45,68.4,M,Single-ply,136.08
85.0,60.0,91.5,F,Raw,122.5
122.5,92.5,80.6,M,Raw,160.0
120.0,75.0,153.5,M,Raw,107.5
183.7,127.01,102.6,M,Raw,183.7
112.5,62.5,52.3,F,Single-ply,110.0
220.0,250.0,121.4,M,Single-ply,250.0
235.0,162.5,89.6,M,Raw,260.0
170.0,107.5,63.4,M,Raw,192.5
240.0,160.0,74.35,M,Single-ply,247.5
180.0,105.0,75.3,M,Raw,195.0
90.72,63.5,63.68,M,Wraps,127.01
340.19,192.78,99.06,M,Wraps,299.37
226.8,170.1,97.7,M,Wraps,272.16
155.0,110.0,80.3,M,Single-ply,195.0
142.5,112.5,100.9,M,Raw,220.0
299.37,167.83,106.59,M,Single-ply,263.08
200.0,150.0,97.8,M,Single-ply,220.0
174.6,145.2,88.5,M,Raw,186.0
240.4,170.1,91.17,M,Wraps,290.3
111.13,81.65,85.18,M,Single-ply,145.15
249.48,208.65,111.58,M,Wraps,292.57
195.0,135.0,109.3,M,Single-ply,190.0
90.0,70.0,57.2,M,Single-ply,150.0
237.5,167.5,93.0,M,Raw,235.0
170.0,82.5,67.45,M,Wraps,192.5
235.0,122.5,107.65,M,Raw,207.5
150.0,102.5,60.0,M,Raw,195.0
75.0,75.0,73.9,M,Raw,92.5
112.5,47.5,49.35,F,Wraps,97.5
185.0,115.0,67.5,M,Single-ply,205.0
312.5,210.0,82.4,M,Single-ply,337.5
337.5,225.0,104.7,M,Single-ply,300.0
127.01,65.77,104.24,M,Wraps,158.76
152.0,70.3,72.8,M,Single-ply,183.7
95.0,70.0,105.0,M,Raw,115.0
215.46,129.27,116.26,M,Single-ply,183.7
135.0,92.5,72.9,M,Raw,190.0
217.5,130.0,92.1,M,Raw,232.5
180.0,137.5,103.9,M,Raw,187.5
199.58,136.08,80.83,M,Wraps,195.04
117.5,77.5,64.7,F,Raw,137.5
125.0,67.5,94.6,F,Raw,150.0
125.0,62.5,75.2,F,Raw,130.0
87.5,52.5,71.8,F,Raw,110.0
290.0,182.5,132.8,M,Raw,317.5
175.0,140.0,81.0,M,Raw,205.0
175.0,50.0,75.48,M,Single-ply,195.0
179.17,124.74,80.74,M,Single-ply,183.7
137.5,62.5,116.5,F,Raw,177.5
287.5,217.5,117.5,M,Raw,262.5
297.1,201.85,110.0,M,Single-ply,297.1
155.0,112.5,93.03,M,Wraps,227.5
136.08,86.18,57.61,M,Single-ply,136.08
142.88,77.11,51.71,M,Single-ply,156.49
117.5,65.0,67.7,F,Raw,162.5
142.5,85.0,51.56,F,Single-ply,140.0
324.32,215.46,120.2,M,Multi-ply,274.42
136.08,97.52,76.57,M,Single-ply,172.37
213.19,117.93,97.52,M,Single-ply,190.51
155.0,87.5,107.3,M,Raw,175.0
151.95,108.86,87.0,M,Single-ply,158.76
185.97,124.74,73.12,M,Single-ply,174.63
40.0,30.0,45.3,F,Raw,72.5
107.5,55.0,59.83,F,Raw,125.0
265.0,177.5,142.0,M,Raw,252.5
180.0,152.5,98.7,M,Wraps,130.0
204.12,147.42,103.87,M,Single-ply,204.12
317.51,238.14,123.83,M,Multi-ply,328.85
98.0,35.5,46.9,F,Raw,103.0
129.27,74.84,72.39,M,Single-ply,181.44
250.0,142.5,129.1,M,Raw,272.5
222.26,120.2,112.22,M,Single-ply,201.85
195.04,151.95,64.95,F,Multi-ply,199.58
290.0,200.0,127.7,M,Raw,320.0
210.0,155.0,82.5,M,Single-ply,235.0
90.7,61.2,61.05,M,Raw,124.7
175.0,120.0,72.4,M,Raw,205.0
192.5,137.5,68.48,F,Single-ply,202.5
210.0,137.5,99.02,M,Wraps,255.0
125.5,52.5,43.36,F,Wraps,145.5
190.0,120.0,89.1,M,Wraps,222.5
215.0,112.5,81.3,M,Single-ply,212.5
82.5,45.0,71.1,F,Raw,95.0
283.5,183.7,108.14,M,Single-ply,226.8
110.0,42.5,64.2,F,Single-ply,115.0
185.0,100.0,98.3,M,Raw,165.0
160.0,75.0,123.3,F,Single-ply,160.0
182.5,132.5,102.5,M,Raw,205.0
150.0,107.5,91.7,M,Raw,175.0
110.0,80.0,81.65,F,Raw,177.5
135.0,92.5,74.8,M,Single-ply,182.5
170.0,110.0,75.55,F,Single-ply,172.5
219.99,120.2,123.83,F,Raw,217.72
137.5,72.5,62.2,F,Raw,182.5
108.86,52.16,53.52,M,Single-ply,95.25
151.95,90.72,60.1,M,Single-ply,154.22
300.0,205.0,99.7,M,Single-ply,320.0
212.5,115.0,108.2,M,Raw,245.0
135.0,87.5,72.4,M,Single-ply,157.5
107.5,55.0,58.24,F,Raw,122.5
157.5,140.0,98.8,M,Raw,212.5
138.35,68.04,73.03,M,Single-ply,142.88
142.88,102.06,89.36,M,Single-ply,142.88
149.69,97.52,56.88,M,Single-ply,163.29
90.0,45.0,59.6,F,Raw,122.5
212.5,130.0,81.8,M,Single-ply,215.0
150.0,70.0,91.9,F,Wraps,150.0
240.0,200.0,111.58,M,Single-ply,227.5
152.5,90.0,69.8,F,Raw,157.5
117.5,47.5,66.1,F,Raw,155.0
170.1,86.18,79.06,M,Single-ply,181.44
215.46,142.88,79.38,M,Wraps,213.19
215.46,174.63,155.58,M,Wraps,238.14
250.0,182.5,96.3,M,Wraps,272.5
330.0,215.0,196.7,M,Raw,307.5
130.0,110.0,65.55,M,Raw,180.0
112.5,67.5,80.78,F,Raw,147.5
124.74,77.11,68.04,M,Single-ply,120.2
182.5,135.0,105.0,M,Raw,260.0
142.5,77.5,62.1,F,Raw,162.5
287.5,205.0,112.7,M,Raw,315.0
252.5,137.5,58.9,M,Single-ply,250.0
408.23,276.69,99.06,M,Multi-ply,353.8
237.5,132.5,96.2,M,Raw,282.5
179.17,92.99,98.25,M,Single-ply,181.44
215.0,162.5,124.3,M,Raw,242.5
158.76,81.65,73.12,M,Single-ply,167.83
272.16,185.97,105.69,M,Wraps,274.42
105.0,75.0,61.0,F,Raw,122.5
245.0,192.5,104.1,M,Single-ply,240.0
183.7,86.18,88.9,M,Single-ply,204.12
80.0,45.0,65.4,M,Single-ply,102.5
142.9,102.1,65.5,M,Raw,201.9
256.28,124.74,74.84,M,Single-ply,188.24
165.56,97.52,79.83,M,Single-ply,172.37
163.29,97.52,91.17,M,Single-ply,183.7
306.17,181.44,87.91,M,Wraps,294.84
151.95,124.74,89.09,M,Raw,235.87
250.0,145.0,120.9,M,Wraps,275.0
158.76,92.99,58.42,M,Single-ply,172.37
83.91,61.23,60.0,F,Wraps,120.2
183.7,145.15,103.33,M,Single-ply,197.31
110.0,100.0,74.0,M,Raw,147.5
132.5,75.0,62.2,F,Raw,145.0
252.5,137.5,75.1,M,Single-ply,220.0
108.86,74.84,66.32,M,Single-ply,108.86
327.5,195.0,100.0,M,Single-ply,317.5
145.15,92.99,68.49,M,Single-ply,147.42
100.0,65.0,58.75,F,Raw,125.0
212.5,150.0,100.0,M,Wraps,242.5
122.5,62.5,81.5,F,Raw,135.0
275.0,177.5,139.2,M,Raw,290.0
190.51,117.93,87.27,M,Single-ply,219.99
187.5,110.0,90.6,M,Raw,200.0
188.24,81.65,72.48,M,Single-ply,195.04
333.39,217.72,122.72,M,Multi-ply,272.16
157.5,105.0,74.6,M,Raw,187.5
124.74,79.38,84.82,M,Single-ply,158.76
226.8,102.06,107.14,M,Single-ply,199.58
185.0,142.5,80.1,M,Wraps,215.0
117.5,77.5,68.81,F,Raw,147.5
249.48,181.44,95.25,M,Wraps,303.91
220.0,105.0,157.4,F,Raw,217.5
102.5,60.0,79.4,F,Raw,127.5
231.33,167.83,88.9,M,Wraps,265.35
240.0,152.5,92.6,M,Raw,235.0
230.0,140.0,81.36,M,Raw,222.5
190.0,80.0,81.5,M,Single-ply,210.0
130.0,92.5,71.0,M,Single-ply,180.0
115.0,62.5,55.36,F,Raw,132.5
300.0,220.0,117.6,M,Single-ply,280.0
200.0,135.0,88.65,M,Raw,260.0
262.5,172.5,98.2,M,Raw,282.5
140.0,110.0,81.4,M,Single-ply,170.0
77.5,55.0,51.4,F,Raw,115.0
127.5,82.5,62.01,F,Raw,150.0
240.0,140.0,112.5,M,Raw,230.0
200.0,120.0,119.1,M,Raw,222.5
205.0,195.0,98.4,M,Single-ply,285.0
245.0,200.0,124.35,M,Raw,272.5
125.0,87.5,83.37,M,Raw,147.5
217.5,182.5,88.22,M,Wraps,257.5
222.26,129.27,88.9,M,Single-ply,229.06
82.5,47.5,60.85,F,Raw,120.0
102.06,56.7,55.79,M,Single-ply,113.4
165.56,92.99,74.21,M,Single-ply,165.56
180.0,142.5,79.69,M,Single-ply,260.0
142.88,97.52,65.05,M,Single-ply,142.88
183.7,124.74,130.09,M,Wraps,229.06
215.0,155.0,88.6,M,Wraps,220.0
155.0,97.5,73.94,M,Wraps,195.0
25.0,250.0,105.9,M,Single-ply,25.0
95.0,55.0,61.35,F,Raw,130.0
107.5,55.0,55.5,F,Raw,127.5
165.0,132.5,110.2,M,Raw,205.0
195.0,135.0,82.0,M,Raw,260.0
217.5,135.0,79.42,M,Wraps,210.0
182.5,125.0,107.8,M,Raw,205.0
210.0,115.0,90.6,M,Raw,205.0
227.5,155.0,97.5,M,Raw,255.0
205.0,25.0,90.0,F,Wraps,25.0
205.0,117.5,81.28,M,Wraps,250.0
180.0,115.0,82.25,M,Raw,227.5
180.0,115.0,62.05,F,Single-ply,167.5
215.0,120.0,92.7,M,Raw,227.5
80.0,45.0,84.64,F,Raw,92.5
92.5,60.0,66.3,F,Wraps,135.0
125.0,70.0,71.7,F,Single-ply,110.0
258.55,174.63,94.35,M,Single-ply,210.92
307.5,195.0,102.8,M,Single-ply,285.0
230.0,187.5,98.6,M,Single-ply,260.0
192.78,195.04,108.32,M,Raw,249.48
300.0,187.5,104.8,M,Raw,332.5
147.5,60.0,66.9,F,Wraps,160.0
181.44,117.93,94.62,M,Wraps,238.14
124.74,95.25,71.67,M,Single-ply,142.88
245.0,185.0,100.5,M,Raw,250.0
105.0,52.5,80.6,F,Raw,137.5
57.5,47.5,72.8,F,Raw,80.0
110.0,60.0,125.8,F,Raw,150.0
172.37,102.06,71.21,M,Single-ply,185.97
145.0,70.0,82.5,M,Single-ply,150.0
185.0,145.0,89.4,M,Raw,230.0
210.0,142.5,82.9,M,Raw,272.5
165.56,99.79,74.66,M,Single-ply,172.37
117.5,57.5,68.25,F,Raw,152.5
85.0,47.5,81.4,F,Raw,102.5
247.5,145.0,88.4,M,Single-ply,262.5
237.5,167.5,89.5,M,Raw,240.0
132.5,65.0,43.8,F,Single-ply,132.5
187.5,142.5,82.5,M,Single-ply,205.0
250.0,190.0,82.1,M,Raw,240.0
190.0,100.0,91.6,M,Raw,230.0
250.0,142.5,116.85,M,Raw,257.5
207.5,145.0,105.0,M,Wraps,222.5
217.5,177.5,81.1,M,Raw,237.5
200.0,110.0,96.16,M,Wraps,215.0
267.62,167.83,107.95,M,Single-ply,244.94
90.0,70.0,50.9,F,Raw,155.0
192.5,142.5,80.9,M,Raw,217.5
112.5,52.5,99.15,F,Raw,125.0
155.0,117.5,64.9,M,Raw,162.5
165.56,104.33,61.23,M,Single-ply,163.29
61.23,36.29,49.35,F,Wraps,90.72
152.5,125.0,99.35,M,Raw,167.5
210.0,190.0,100.0,M,Single-ply,267.5
50.0,37.5,62.8,F,Raw,97.5
175.0,105.0,65.6,M,Raw,220.0
204.12,129.27,58.88,M,Single-ply,185.97
170.0,105.0,82.7,M,Raw,200.0
192.5,120.0,91.4,M,Single-ply,220.0
215.46,108.86,66.13,M,Single-ply,188.24
192.78,104.33,110.68,M,Single-ply,206.38
122.47,142.43,90.0,M,Single-ply,192.44
86.18,49.9,73.03,F,Wraps,104.33
220.0,137.5,90.3,M,Raw,245.0
200.0,120.0,92.1,M,Single-ply,185.0
181.44,113.4,100.0,M,Wraps,206.38
155.0,100.0,66.27,M,Wraps,162.5
229.06,124.74,74.3,M,Single-ply,222.26
187.5,122.5,93.4,M,Raw,250.0
165.0,117.5,91.8,M,Raw,227.5
177.5,117.5,67.5,F,Single-ply,187.5
30.0,40.0,87.4,M,Raw,80.0
140.61,63.5,99.97,F,Wraps,165.56
67.5,27.5,68.2,F,Wraps,92.5
187.5,102.5,119.29,M,Wraps,185.0
80.0,42.5,51.0,F,Raw,97.5
260.0,155.0,109.72,M,Raw,315.0
185.0,130.0,97.75,M,Raw,210.0
127.01,70.31,89.09,M,Single-ply,158.76
174.63,92.99,97.52,M,Wraps,229.06
204.12,138.35,108.05,M,Raw,254.01
142.88,77.11,56.97,M,Single-ply,147.42
195.0,127.5,112.6,M,Raw,245.0
190.0,135.0,80.8,M,Raw,170.0
160.0,92.5,66.2,M,Raw,162.5
235.0,170.0,126.8,M,Raw,300.0
272.5,185.0,100.0,M,Raw,290.0
185.0,147.5,93.3,M,Raw,250.0
113.4,47.63,59.51,M,Single-ply,131.54
197.31,147.42,65.05,F,Multi-ply,190.51
172.5,137.5,108.0,M,Raw,200.0
158.76,99.79,71.12,M,Single-ply,172.37
142.88,106.59,141.07,M,Single-ply,226.8
467.2,385.55,117.39,M,Multi-ply,365.14
183.7,102.06,80.01,M,Single-ply,215.46
195.0,137.5,80.7,M,Raw,242.5
200.0,152.5,99.9,M,Single-ply,225.0
107.5,52.5,80.5,F,Raw,125.0
215.0,135.0,103.3,M,Raw,200.0
160.0,105.0,87.3,M,Raw,210.0
136.08,88.45,66.95,M,Single-ply,142.88
220.0,145.0,120.6,M,Raw,220.0
127.5,77.5,116.3,F,Raw,162.5
167.5,115.0,88.6,M,Raw,200.0
302.5,192.5,92.4,M,Single-ply,267.5
136.08,70.31,71.58,M,Single-ply,174.63
155.0,75.0,54.6,F,Single-ply,127.5
107.5,57.5,85.64,F,Wraps,120.0
190.0,130.0,81.4,M,Raw,225.0
176.9,117.93,74.34,M,Single-ply,172.37
162.5,90.0,73.4,M,Raw,195.0
117.93,74.84,78.38,M,Single-ply,156.49
150.0,107.5,73.3,M,Single-ply,160.0
172.37,97.52,91.08,M,Single-ply,163.29
87.5,80.0,66.13,F,Raw,90.0
90.0,45.0,66.41,F,Single-ply,127.5
102.5,40.0,68.5,F,Raw,132.5
104.33,52.16,87.91,F,Raw,120.2
197.5,130.0,90.5,M,Raw,237.5
52.5,92.5,81.3,M,Single-ply,82.5
330.0,210.0,96.71,M,Single-ply,300.0
150.0,120.0,81.6,M,Raw,165.0
162.5,100.0,67.3,M,Raw,207.5
197.5,117.5,91.0,M,Raw,267.5
82.5,47.5,74.2,F,Wraps,120.0
175.0,105.0,89.1,M,Single-ply,160.0
110.0,57.5,60.4,F,Raw,112.5
212.5,160.0,82.0,M,Raw,260.0
154.22,90.72,113.49,M,Single-ply,183.7
170.1,92.99,58.6,F,Multi-ply,145.15
190.0,162.5,97.5,M,Raw,267.5
190.0,140.0,116.9,M,Raw,240.0
165.0,95.0,71.54,F,Raw,175.0
188.24,117.93,81.19,M,Wraps,226.8
140.0,92.5,81.4,M,Single-ply,150.0
170.0,105.0,78.05,M,Raw,195.0
97.52,63.5,95.53,F,Wraps,124.74
260.0,150.0,82.45,M,Raw,280.0
165.0,80.0,120.85,F,Raw,162.5
100.0,50.0,46.0,F,Single-ply,110.0
185.0,107.5,82.6,M,Raw,195.0
70.0,77.5,113.6,M,Raw,120.0
72.5,47.5,59.25,F,Raw,110.0
192.78,83.91,62.78,M,Single-ply,181.44
200.0,170.0,104.69,M,Single-ply,207.5
295.0,162.5,124.6,M,Multi-ply,242.5
212.5,165.0,86.6,M,Single-ply,235.0
217.5,165.0,116.9,M,Raw,242.5
157.5,107.5,66.27,M,Single-ply,177.5
90.72,54.43,53.8,F,Raw,136.08
177.5,105.0,72.9,M,Raw,197.5
170.1,104.33,80.51,M,Single-ply,167.83
130.0,90.0,72.2,F,Single-ply,130.0
172.37,124.74,80.1,M,Raw,215.46
102.5,65.0,66.5,F,Single-ply,127.5
175.0,110.0,79.75,M,Wraps,202.5
215.46,113.4,128.64,M,Single-ply,183.7
155.0,110.0,107.5,M,Raw,205.0
77.5,55.0,78.7,F,Raw,100.0
67.5,107.5,81.7,M,Raw,140.0
230.0,190.0,118.55,M,Single-ply,240.0
197.31,90.72,100.97,M,Single-ply,197.31
190.0,175.0,119.7,M,Raw,255.0
147.5,110.0,81.4,M,Raw,160.0
185.97,111.13,98.88,M,Wraps,204.12
175.0,77.5,74.1,F,Wraps,192.5
180.0,165.0,75.0,M,Single-ply,227.5
205.0,132.5,99.34,M,Wraps,252.5
160.0,92.5,94.1,M,Raw,200.0
82.5,50.0,54.25,F,Wraps,115.0
100.0,45.0,68.22,F,Raw,135.0
150.0,110.0,90.1,M,Raw,180.0
122.5,57.5,62.8,F,Wraps,160.0
233.6,117.93,105.96,M,Single-ply,217.72
207.5,120.0,97.8,M,Raw,205.0
155.0,120.0,81.6,M,Single-ply,175.0
244.94,151.95,113.31,M,Single-ply,254.01
107.5,75.0,82.5,M,Single-ply,160.0
165.0,97.5,71.05,F,Wraps,200.0
100.0,47.5,70.9,F,Raw,150.0
255.0,172.5,95.8,M,Wraps,265.0
210.0,167.5,84.7,M,Single-ply,230.0
185.0,137.5,82.1,M,Raw,260.0
142.5,65.0,78.5,M,Single-ply,182.5
181.44,108.86,85.09,M,Single-ply,210.92
158.76,88.45,89.81,M,Single-ply,190.51
265.35,197.31,115.67,M,Wraps,290.3
206.38,129.27,89.54,M,Wraps,258.55
205.0,145.0,82.95,M,Raw,235.0
242.5,122.5,82.5,M,Single-ply,207.5
149.69,79.38,56.25,M,Single-ply,149.69
180.0,100.0,102.45,M,Raw,232.5
100.0,57.5,71.5,F,Raw,125.0
205.0,127.5,83.4,M,Raw,197.5
145.15,72.57,55.34,M,Single-ply,145.15
102.06,77.11,82.01,M,Wraps,147.42
105.0,60.0,44.0,F,Single-ply,120.0
125.0,55.0,76.1,F,Raw,140.0
90.0,42.5,89.63,F,Single-ply,127.5
155.0,125.0,66.6,M,Single-ply,212.5
88.45,58.97,54.88,M,Single-ply,106.59
226.8,158.76,89.63,M,Wraps,226.8
180.0,135.0,79.0,M,Single-ply,215.0
60.0,80.0,59.42,F,Raw,160.0
295.0,140.0,106.3,M,Single-ply,267.5
150.0,95.0,84.7,M,Single-ply,205.0
165.56,111.13,89.18,M,Single-ply,204.12
97.5,57.5,73.4,F,Raw,137.5
238.14,124.74,72.94,M,Single-ply,258.55
120.0,47.5,80.2,F,Wraps,127.5
75.0,47.5,63.5,F,Raw,100.0
192.5,125.0,80.2,M,Wraps,227.5
187.5,80.0,79.8,F,Wraps,172.5
182.5,137.5,82.8,M,Raw,227.5
108.9,70.3,69.2,F,Raw,145.2
155.0,80.0,85.14,F,Wraps,200.0
242.5,162.5,95.07,M,Wraps,275.0
38.6,43.1,,M,Raw,68.0
200.0,140.0,94.9,M,Single-ply,225.0
72.5,42.5,62.4,F,Single-ply,105.0
238.1,156.5,89.6,M,Single-ply,238.1
219.99,104.33,74.48,M,Single-ply,206.38
197.31,147.42,80.1,M,Raw,215.46
205.0,137.5,104.2,M,Raw,227.5
197.31,102.06,95.25,M,Single-ply,183.7
230.0,182.5,101.0,M,Raw,270.0
165.56,90.72,101.79,M,Single-ply,181.44
124.74,63.5,87.54,M,Single-ply,156.49
226.8,131.54,110.68,M,Single-ply,244.94
163.29,90.72,58.33,M,Single-ply,163.29
237.5,135.0,117.3,M,Wraps,270.0
220.0,145.0,103.2,M,Raw,222.5
105.0,82.5,73.5,F,Raw,147.5
272.5,160.0,100.0,M,Single-ply,265.0
87.5,87.5,65.9,M,Raw,135.0
285.0,145.0,115.63,M,Raw,305.0
185.0,105.0,73.7,M,Raw,225.0
180.0,117.5,91.3,M,Raw,205.0
165.6,131.5,72.0,M,Single-ply,192.8
170.0,95.0,99.5,M,Single-ply,200.0
151.95,72.57,93.71,M,Single-ply,176.9
90.0,52.5,67.2,F,Raw,117.5
331.12,254.01,99.34,M,Single-ply,242.67
229.06,145.15,105.23,M,Single-ply,210.92
125.0,70.0,62.6,F,Raw,160.0
105.0,72.5,59.06,F,Raw,152.5
42.5,52.5,89.8,M,Raw,85.0
292.5,222.5,127.9,M,Single-ply,257.5
177.5,132.5,84.87,M,Wraps,217.5
112.5,72.5,67.04,F,Raw,140.0
80.0,42.5,69.38,F,Raw,87.5
167.83,151.95,74.75,M,Wraps,201.85
160.0,132.5,115.2,M,Wraps,200.0
140.0,82.5,85.7,M,Raw,175.0
195.0,120.0,91.1,M,Single-ply,235.0
190.0,137.5,100.0,M,Single-ply,217.5
226.8,147.42,86.64,M,Single-ply,163.29
187.5,137.5,71.75,M,Raw,237.5
210.0,130.0,91.6,M,Raw,247.5
227.5,145.0,87.9,M,Raw,282.5
215.0,132.5,82.5,M,Single-ply,222.5
192.78,102.06,58.6,M,Single-ply,208.65
185.0,145.5,110.0,M,Raw,197.5
185.97,127.01,125.65,M,Single-ply,195.04
260.82,183.7,122.56,M,Wraps,258.55
210.0,145.0,100.9,M,Raw,272.5
74.8,52.2,92.1,F,Raw,120.2
215.46,122.47,109.13,M,Single-ply,226.8
190.0,125.0,112.1,M,Raw,215.0
240.0,152.5,118.8,M,Raw,290.0
142.5,125.0,81.96,M,Raw,190.0
137.5,135.0,67.5,M,Single-ply,117.5
165.56,129.27,107.82,M,Single-ply,192.78
257.5,177.5,91.4,M,Raw,305.0
170.1,104.33,70.85,M,Single-ply,190.51
150.0,230.5,114.9,M,Single-ply,230.0
287.5,222.5,103.3,M,Single-ply,295.0
92.5,60.0,56.0,F,Raw,147.5
455.86,301.64,124.19,M,Multi-ply,297.1
155.0,120.0,73.3,M,Single-ply,182.5
105.0,62.5,61.7,F,Single-ply,135.0
238.14,136.08,121.56,M,Single-ply,251.74
190.0,100.0,87.8,M,Single-ply,165.0
215.46,102.06,108.41,M,Single-ply,210.92
265.0,182.5,99.0,M,Single-ply,267.5
183.7,158.76,88.9,M,Wraps,210.92
140.0,115.0,96.0,M,Raw,227.5
227.5,152.5,102.85,M,Raw,275.0
155.0,107.5,107.9,M,Wraps,205.0
260.0,165.0,109.1,M,Single-ply,250.0
197.31,127.01,118.93,M,Wraps,215.46
195.04,142.88,80.56,M,Single-ply,174.63
183.7,102.06,93.44,M,Single-ply,183.7
247.5,167.5,105.19,M,Wraps,260.0
256.0,170.0,74.8,M,Single-ply,265.0
120.2,54.43,50.35,M,Single-ply,124.74
181.44,83.91,109.81,M,Multi-ply,172.37
130.0,65.0,56.1,F,Raw,125.0
227.5,132.5,110.0,M,Single-ply,275.0
62.5,40.0,70.2,F,Raw,100.0
125.0,90.0,73.5,M,Single-ply,170.0
70.31,40.82,48.53,F,Raw,99.79
80.0,45.0,66.2,F,Raw,110.0
172.37,102.06,47.6,F,Multi-ply,174.63
125.0,70.0,76.4,F,Raw,147.5
205.0,137.5,98.5,M,Raw,272.5
210.0,132.5,91.4,M,Raw,250.0
97.5,52.5,74.1,F,Raw,115.0
217.72,142.88,81.65,M,Wraps,260.82
206.38,142.88,100.0,M,Wraps,215.46
135.0,70.0,67.5,F,Single-ply,130.0
107.5,62.5,66.1,F,Single-ply,130.5
207.5,145.0,89.3,M,Raw,272.5
217.72,161.03,124.19,M,Single-ply,219.99
167.83,86.18,76.2,M,Single-ply,185.97
215.0,120.0,81.9,M,Raw,235.0
226.8,170.1,122.38,M,Wraps,249.48
172.5,100.0,78.47,F,Wraps,205.0
188.24,127.01,82.1,M,Raw,208.65
175.0,142.5,98.2,M,Raw,210.0
102.06,61.23,68.63,M,Single-ply,131.54
92.99,54.43,72.03,F,Wraps,131.54
107.5,67.5,72.7,M,Raw,155.0
210.0,145.0,82.1,M,Single-ply,235.0
200.0,137.5,66.2,M,Single-ply,205.0
272.16,167.83,106.28,M,Single-ply,233.6
237.5,150.0,102.7,M,Raw,287.5
87.5,62.5,73.4,F,Raw,117.5
320.0,165.0,90.0,M,Multi-ply,260.0
117.5,92.5,85.7,M,Wraps,145.0
212.5,120.0,73.1,M,Raw,227.5
154.22,88.45,58.38,M,Single-ply,154.22
129.27,72.57,80.29,M,Single-ply,156.49
208.65,113.4,104.24,M,Single-ply,204.12
97.52,61.23,66.59,F,Wraps,142.88
275.0,150.0,123.3,M,Single-ply,235.0
205.0,130.0,97.4,M,Raw,217.5
260.82,149.69,133.36,M,Single-ply,226.8
255.0,160.0,118.3,M,Raw,237.5
124.74,63.5,52.0,F,Single-ply,117.93
185.97,104.33,101.7,M,Single-ply,190.51
180.0,107.5,79.8,M,Raw,210.0
149.69,65.77,102.06,F,Raw,167.83
177.5,115.0,73.0,M,Raw,200.0
256.28,210.92,172.27,M,Wraps,274.42
176.9,124.74,72.94,M,Raw,204.12
85.0,55.0,51.5,F,Raw,127.5
115.0,52.5,56.2,F,Raw,135.0
297.5,227.5,109.4,M,Single-ply,297.5
165.0,122.5,87.0,M,Raw,185.0
265.35,174.63,108.14,M,Wraps,288.03
172.5,80.0,84.1,F,Raw,185.0
217.72,142.88,112.4,M,Single-ply,185.97
150.0,80.0,78.8,M,Wraps,195.0
272.5,160.0,131.45,M,Raw,300.0
182.5,155.0,88.6,M,Raw,220.0
170.0,145.0,130.0,M,Raw,232.5
47.5,35.0,38.6,M,Raw,80.0
80.0,67.5,69.9,F,Raw,125.0
301.64,179.17,66.04,F,Multi-ply,231.33
195.0,115.0,71.0,M,Raw,215.0
158.76,102.06,84.01,M,Single-ply,190.51
257.5,142.5,116.57,M,Wraps,215.0
202.5,150.0,82.1,M,Raw,215.0
165.56,161.03,147.83,M,Single-ply,181.44
176.9,97.52,69.94,M,Single-ply,176.9
187.5,127.5,80.2,M,Raw,222.5
349.27,158.76,88.81,M,Wraps,281.23
215.46,117.93,87.36,M,Single-ply,183.7
100.0,65.0,78.9,M,Raw,125.0
222.5,157.5,109.5,M,Raw,217.5
185.0,135.0,80.0,M,Multi-ply,225.0
90.0,52.5,73.55,M,Raw,125.0
104.33,54.43,66.68,M,Single-ply,106.59
90.0,55.0,55.8,F,Raw,145.0
127.5,72.5,52.0,F,Single-ply,135.0
185.0,117.5,74.45,M,Raw,237.5
165.56,102.06,120.11,M,Single-ply,165.56
226.8,138.35,92.99,M,Multi-ply,206.38
62.5,37.5,89.6,F,Raw,102.5
177.5,137.5,81.2,M,Raw,250.0
237.5,165.0,85.7,M,Raw,260.0
404.99,305.0,119.2,M,Single-ply,342.5
133.81,95.25,72.57,M,Single-ply,147.42
111.13,58.97,63.96,M,Single-ply,113.4
174.63,108.86,80.92,M,Raw,226.8
215.46,149.69,88.72,M,Single-ply,183.7
165.56,111.13,81.6,M,Single-ply,142.88
120.0,65.0,52.0,M,Single-ply,150.0
108.86,38.56,48.99,M,Single-ply,113.4
225.0,147.5,91.2,M,Raw,232.5
208.65,124.74,102.78,M,Single-ply,210.92
224.53,151.95,85.64,M,Single-ply,238.14
132.5,105.0,72.25,M,Raw,157.5
215.46,129.27,86.91,M,Single-ply,222.26
250.0,160.0,106.3,M,Wraps,230.0
160.0,82.5,60.0,F,Single-ply,172.5
147.5,132.5,88.3,M,Raw,185.0
230.0,150.0,91.7,M,Raw,230.0
249.48,145.15,99.79,M,Wraps,240.4
237.5,165.0,168.8,M,Wraps,295.0
85.0,55.0,54.9,F,Raw,107.5
161.03,95.25,70.94,M,Single-ply,181.44
142.5,90.0,73.1,F,Raw,167.5
122.5,80.0,64.3,F,Single-ply,125.0
135.0,57.5,83.54,F,Raw,135.0
172.37,95.25,96.98,M,Single-ply,167.83
257.5,160.0,136.95,M,Wraps,302.5
130.0,100.0,58.78,M,Raw,205.0
252.5,165.0,130.3,M,Raw,240.0
172.5,115.0,97.9,M,Raw,212.5
177.5,92.5,65.4,F,Wraps,185.0
90.0,52.5,50.5,F,Raw,115.0
105.0,55.0,75.6,F,Raw,117.5
165.0,112.5,91.8,M,Raw,190.0
135.0,130.0,81.8,M,Raw,180.0
245.0,165.0,110.0,M,Single-ply,272.5
150.0,110.0,87.4,M,Raw,187.5
222.26,136.08,99.52,M,Single-ply,188.24
225.0,145.0,71.86,F,Single-ply,248.0
149.69,92.99,67.13,M,Single-ply,149.69
165.56,108.86,88.9,M,Single-ply,161.03
150.0,110.0,67.0,M,Single-ply,180.0
322.5,200.0,119.3,M,Wraps,345.0
120.2,86.18,64.5,M,Raw,161.03
202.5,122.5,91.3,M,Raw,240.0
107.5,65.0,69.8,F,Raw,130.0
245.0,152.5,100.0,M,Single-ply,242.5
175.0,122.5,72.6,M,Raw,242.5
220.0,132.5,119.2,M,Raw,240.0
204.12,151.95,85.82,M,Wraps,249.48
190.0,142.5,81.8,M,Raw,240.0
80.0,42.5,58.9,F,Raw,97.5
70.0,57.5,105.1,F,Wraps,87.5
150.0,95.0,83.4,F,Raw,190.0
100.0,40.0,67.9,F,Raw,127.5
102.06,79.38,64.86,M,Single-ply,136.08
257.5,127.5,82.5,M,Single-ply,247.5
80.0,52.5,63.4,F,Single-ply,112.5
108.86,58.97,86.59,M,Single-ply,138.35
115.0,57.5,63.5,F,Single-ply,140.0
192.5,142.5,108.8,M,Single-ply,220.0
215.0,175.0,108.86,M,Single-ply,215.0
226.8,136.08,103.69,M,Single-ply,238.14
307.5,187.5,103.9,M,Raw,317.5
80.0,45.0,65.41,F,Raw,87.5
112.5,67.5,52.0,F,Wraps,115.0
156.49,122.47,72.12,M,Single-ply,192.78
85.0,50.0,56.7,F,Raw,132.5
205.0,110.0,101.9,M,Raw,232.5
112.5,77.5,56.7,F,Raw,140.0
155.0,87.5,66.0,M,Raw,160.0
192.78,124.74,108.32,M,Wraps,226.8
182.5,150.0,81.7,M,Single-ply,190.0
110.0,110.0,70.6,M,Single-ply,150.0
190.0,120.0,82.7,M,Raw,240.0
130.0,75.0,68.5,M,Raw,180.0
160.0,110.0,72.4,M,Raw,230.0
210.0,130.0,85.4,M,Wraps,260.0
210.0,130.0,108.4,M,Raw,240.0
92.5,45.0,53.4,F,Single-ply,100.0
152.0,63.5,101.2,F,Single-ply,140.6
102.5,100.0,72.3,M,Raw,152.5
136.08,90.72,84.37,M,Single-ply,149.69
165.56,102.06,93.17,M,Single-ply,149.69
115.0,62.5,62.1,F,Raw,135.0
132.5,67.5,94.5,F,Raw,150.0
187.5,147.5,70.7,M,Single-ply,197.5
165.56,97.52,103.92,M,Raw,206.38
175.0,102.5,124.15,F,Raw,230.0
105.0,82.5,96.65,M,Single-ply,147.5
82.5,55.0,74.39,F,Single-ply,102.5
170.0,117.5,106.9,M,Raw,210.0
377.5,262.5,122.44,M,Single-ply,357.5
205.0,110.0,73.57,M,Wraps,235.0
207.5,157.5,103.2,M,Raw,292.5
95.0,65.0,78.1,F,Raw,150.0
167.5,100.0,81.2,M,Raw,175.0
300.0,265.0,98.8,M,Single-ply,285.0
135.0,120.0,100.5,M,Raw,225.0
106.59,72.57,93.26,M,Single-ply,117.93
130.0,82.5,92.4,F,Raw,162.5
120.0,80.0,71.35,F,Raw,160.0
157.5,97.5,81.4,M,Raw,187.5
255.0,172.5,101.3,M,Raw,300.0
183.7,90.72,67.13,M,Single-ply,167.83
140.61,88.45,77.75,M,Single-ply,188.24
125.0,80.0,73.21,F,Wraps,170.0
52.5,35.0,64.64,F,Wraps,77.5
190.0,135.0,80.9,M,Raw,205.0
278.96,217.72,79.92,M,Multi-ply,240.4
162.5,167.5,122.5,M,Raw,205.0
92.5,60.0,64.41,F,Raw,142.5
145.0,87.5,78.2,M,Raw,160.0
230.0,147.5,88.9,M,Raw,235.0
145.0,90.0,82.5,M,Single-ply,155.0
312.5,260.0,98.97,M,Single-ply,310.0
111.13,56.7,111.49,F,Wraps,129.27
158.8,95.3,101.1,F,Raw,154.2
85.0,42.5,50.8,M,Raw,107.5
181.44,104.33,111.13,M,Single-ply,151.95
149.69,83.91,88.68,M,Single-ply,161.03
204.12,111.13,74.84,M,Single-ply,204.12
95.0,67.5,64.0,M,Raw,137.5
120.0,70.0,62.0,F,Raw,160.0
100.0,65.0,87.2,F,Raw,115.0
167.5,130.0,79.1,M,Raw,185.0
111.13,86.18,76.84,M,Single-ply,142.88
265.0,167.5,81.6,M,Single-ply,260.0
172.5,120.0,97.5,M,Single-ply,212.5
185.0,130.0,73.57,M,Single-ply,207.5
165.0,112.5,72.3,M,Raw,170.0
249.48,138.35,85.73,M,Single-ply,210.92
90.0,45.0,61.6,F,Raw,102.5
142.5,115.0,58.7,M,Raw,150.0
204.12,151.95,95.07,M,Single-ply,197.31
220.0,242.5,82.8,M,Single-ply,215.0
115.67,54.43,102.15,F,Wraps,136.08
260.82,210.92,97.52,M,Raw,299.37
195.0,140.0,103.1,M,Raw,262.5
75.0,42.5,74.2,F,Raw,102.5
207.5,155.0,60.0,F,Single-ply,197.5
137.5,72.5,125.0,M,Single-ply,170.0
137.5,75.0,72.1,M,Raw,147.5
258.55,127.01,127.19,M,Single-ply,235.87
175.0,92.5,80.55,M,Raw,207.5
230.0,117.5,81.9,M,Single-ply,210.0
190.0,140.0,95.5,M,Single-ply,210.0
275.0,100.0,97.71,M,Wraps,300.0
177.5,132.5,117.5,M,Raw,195.0
106.59,63.5,52.44,M,Single-ply,124.74
240.0,180.0,103.9,M,Single-ply,230.0
238.0,165.0,89.8,M,Wraps,250.0
138.35,70.31,86.36,M,Single-ply,136.08
160.0,112.5,104.9,M,Raw,230.0
92.99,56.7,50.17,F,Raw,115.67
165.0,115.0,72.6,M,Raw,230.0
88.5,56.7,59.8,F,Raw,136.1
265.0,157.5,78.0,M,Single-ply,270.0
160.0,80.0,66.9,F,Single-ply,160.0
403.7,226.8,108.23,M,Multi-ply,344.73
251.74,192.78,122.02,M,Wraps,294.84
195.0,112.5,79.1,M,Raw,210.0
120.2,56.7,81.19,F,Raw,115.67
155.0,122.5,64.48,M,Raw,225.0
151.95,86.18,70.49,M,Single-ply,181.44
180.0,100.0,81.3,M,Raw,217.5
122.5,80.0,44.0,F,Raw,152.5
183.7,138.35,87.36,M,Single-ply,201.85
260.0,200.0,117.03,M,Wraps,287.5
70.0,80.0,91.8,M,Single-ply,180.0
337.5,192.5,101.0,M,Single-ply,365.0
250.0,175.0,122.9,M,Raw,275.0
275.0,170.0,116.56,M,Raw,295.0
124.74,83.91,84.1,M,Wraps,179.17
200.0,163.0,83.4,M,Raw,250.0
380.0,242.5,142.88,M,Raw,342.5
137.5,72.5,94.2,F,Raw,132.5
172.5,120.0,117.03,M,Single-ply,185.0
265.0,145.0,87.42,M,Raw,282.5
212.5,122.5,90.5,M,Raw,217.5
185.0,135.0,84.8,M,Wraps,237.5
185.97,131.54,102.87,M,Wraps,208.65
106.59,63.5,59.87,M,Single-ply,147.42
180.0,170.0,90.6,M,Raw,240.0
136.08,61.23,67.5,F,Single-ply,136.08
102.5,42.5,55.1,F,Raw,102.5
75.0,40.0,58.4,F,Raw,85.0
117.93,74.84,69.31,M,Single-ply,136.08
226.8,142.9,88.6,M,Raw,244.9
100.0,57.5,56.0,F,Raw,130.0
102.5,82.5,55.8,M,Raw,152.5
226.8,199.58,124.19,M,Wraps,249.48
80.0,65.0,69.3,M,Raw,102.5
142.5,127.5,82.2,M,Raw,142.5
155.0,80.0,104.7,F,Raw,175.0
175.0,120.0,73.75,M,Raw,227.5
317.51,242.67,125.0,M,Wraps,317.51
158.76,113.4,80.29,M,Single-ply,183.7
131.54,72.57,65.32,M,Single-ply,147.42
65.0,35.0,51.71,F,Raw,82.5
231.33,145.15,87.45,M,Single-ply,224.53
140.0,80.0,104.8,M,Single-ply,150.0
272.5,150.0,105.41,M,Wraps,262.5
237.5,142.5,87.8,M,Wraps,265.0
220.0,165.0,75.0,M,Single-ply,200.0
105.0,52.5,87.0,F,Wraps,130.0
229.06,163.29,152.04,M,Single-ply,208.65
162.5,102.5,52.14,M,Raw,175.0
105.0,57.5,61.89,F,Raw,122.5
140.0,67.5,62.0,F,Raw,185.0
70.0,55.0,56.2,F,Raw,100.0
77.5,42.5,53.9,F,Raw,100.0
250.0,180.0,75.0,M,Single-ply,260.0
256.3,149.7,73.5,M,Single-ply,235.9
127.5,67.5,82.2,F,Raw,152.5
162.5,117.5,58.5,M,Raw,212.5
230.0,190.0,99.34,M,Raw,280.0
107.5,60.0,66.5,F,Raw,137.5
80.0,87.5,46.8,F,Raw,117.5
182.5,120.0,95.4,M,Raw,205.0
152.5,125.0,91.1,M,Raw,200.0
110.0,72.5,75.1,F,Raw,130.0
92.99,61.23,54.7,M,Single-ply,111.13
190.0,117.5,99.0,M,Raw,235.0
215.0,112.5,89.9,M,Raw,267.5
158.76,106.59,77.11,M,Single-ply,181.44
240.0,130.0,90.7,M,Raw,285.0
254.01,156.49,77.88,M,Single-ply,226.8
75.0,75.0,75.4,M,Single-ply,75.0
130.0,65.0,81.42,F,Wraps,145.0
265.0,170.0,103.24,M,Wraps,290.0
190.51,92.99,116.66,M,Single-ply,176.9
150.0,80.0,62.25,F,Raw,162.5
142.88,81.65,59.24,F,Wraps,183.7
177.5,92.5,51.5,F,Single-ply,147.5
206.38,131.54,106.23,M,Single-ply,192.78
197.5,127.5,98.0,M,Raw,195.0
105.0,57.5,60.3,F,Raw,125.0
195.04,131.54,74.34,M,Single-ply,192.78
74.84,58.97,57.61,M,Single-ply,113.4
182.5,112.5,82.1,M,Raw,237.5
192.78,113.4,87.54,M,Single-ply,183.7
106.6,49.9,54.3,F,Single-ply,99.8
157.5,115.0,56.9,F,Single-ply,155.0
155.0,122.5,65.4,M,Raw,172.5
138.35,97.52,67.5,F,Single-ply,158.76
140.0,105.0,65.4,M,Raw,160.0
100.5,72.5,67.8,F,Single-ply,127.5
179.17,104.33,74.21,M,Single-ply,192.78
307.5,210.0,154.4,M,Wraps,272.5
367.5,140.0,122.1,M,Raw,322.5
108.86,70.31,63.5,M,Single-ply,158.76
210.0,157.5,64.7,M,Single-ply,225.0
130.0,85.0,70.12,F,Raw,155.0
265.0,160.0,90.1,M,Raw,257.5
285.76,195.04,135.08,M,Single-ply,251.74
210.0,147.5,92.0,M,Raw,262.5
275.0,187.5,105.1,M,Raw,287.5
272.16,172.37,122.65,M,Single-ply,176.9
82.5,50.0,82.8,F,Raw,120.0
102.06,61.23,64.86,M,Single-ply,151.95
190.0,150.0,90.34,M,Raw,215.0
199.58,108.86,104.46,M,Single-ply,204.12
152.5,90.0,74.9,F,Raw,192.5
70.0,47.5,79.4,F,Raw,97.5
177.5,127.5,87.1,M,Raw,220.0
227.5,195.0,123.38,M,Single-ply,235.0
265.0,167.5,105.2,M,Wraps,257.5
115.0,60.0,56.0,F,Raw,135.0
90.0,60.0,50.7,F,Single-ply,92.5
142.5,102.5,93.8,M,Raw,205.0
147.5,115.0,72.9,M,Raw,212.5
136.08,70.31,74.84,F,Wraps,156.49
167.5,112.5,91.5,M,Raw,137.5
292.5,215.0,138.08,M,Raw,297.5
124.74,72.57,63.87,M,Single-ply,129.27
180.0,125.0,81.0,M,Single-ply,192.5
167.83,102.06,71.49,M,Single-ply,185.97
205.0,130.0,85.3,M,Single-ply,245.0
115.67,83.91,67.13,M,Single-ply,131.54
247.21,151.95,81.01,M,Single-ply,278.96
283.5,192.78,136.08,M,Wraps,283.5
182.5,165.0,131.8,M,Raw,247.5
102.5,62.5,59.42,F,Raw,130.0
210.0,150.0,118.2,M,Raw,235.0
142.88,68.04,80.1,M,Single-ply,136.08
142.88,92.99,75.75,M,Single-ply,161.03
85.0,52.5,70.4,F,Raw,100.0
25.0,55.0,87.5,F,Single-ply,45.0
182.5,117.5,65.8,M,Raw,227.5
68.0,47.6,58.9,F,Raw,120.2
217.5,120.0,85.4,M,Raw,210.0
106.59,72.57,71.21,M,Single-ply,156.49
115.67,86.18,67.5,F,Wraps,165.56
190.0,125.0,90.7,M,Raw,225.0
140.0,77.5,82.2,F,Raw,150.0
130.0,80.0,72.8,M,Raw,175.0
195.0,130.0,86.7,M,Wraps,210.0
195.0,115.0,86.1,M,Raw,210.0
97.5,52.5,71.6,F,Raw,117.5
180.0,150.0,82.85,M,Raw,250.0
65.0,50.0,52.0,M,Single-ply,90.0
147.42,90.72,95.71,M,Single-ply,158.76
142.88,90.72,79.65,M,Single-ply,174.63
230.0,167.5,80.9,M,Single-ply,215.0
226.8,136.08,70.85,M,Single-ply,229.06
235.0,170.0,82.6,M,Single-ply,205.0
110.0,65.0,70.7,F,Raw,130.0
206.38,170.1,82.1,M,Wraps,263.08
195.04,117.93,101.06,M,Single-ply,165.56
122.5,60.0,85.0,F,Raw,130.0
137.5,82.5,72.1,F,Raw,190.0
192.78,129.27,95.71,M,Raw,215.46
165.56,136.08,147.87,M,Single-ply,172.37
165.0,120.0,87.9,M,Raw,215.0
172.37,120.2,81.92,M,Wraps,190.51
250.0,240.0,123.9,M,Single-ply,252.5
159.89,124.96,59.87,M,Single-ply,159.89
90.72,61.23,63.41,M,Single-ply,136.08
294.84,195.04,102.97,M,Multi-ply,249.48
220.0,147.5,104.0,M,Single-ply,250.0
122.5,55.0,65.6,F,Single-ply,102.5
85.5,42.5,45.93,F,Raw,130.0
220.0,135.0,118.0,M,Raw,262.5
255.0,152.5,75.0,M,Single-ply,250.0
215.46,97.52,78.83,M,Single-ply,224.53
176.9,120.2,80.38,M,Single-ply,208.65
181.44,113.4,64.86,M,Single-ply,170.1
207.5,135.0,102.4,M,Raw,267.5
90.0,60.0,51.2,F,Raw,140.0
80.0,47.5,56.6,F,Raw,100.0
197.5,135.0,89.27,M,Wraps,220.0
290.3,213.19,108.86,M,Wraps,294.84
220.0,125.0,87.0,M,Wraps,232.5
113.4,61.23,64.77,M,Single-ply,131.54
160.0,137.5,81.5,M,Raw,205.0
125.0,87.5,70.1,M,Raw,147.5
90.72,61.23,61.23,M,Single-ply,104.33
192.5,130.5,72.7,M,Raw,227.5
142.88,90.72,73.94,M,Single-ply,161.03
240.0,160.0,105.0,M,Raw,270.0
260.0,177.5,89.1,M,Single-ply,262.5
180.0,125.0,79.5,M,Raw,230.0
149.69,124.74,106.59,M,Wraps,204.12
72.5,45.0,45.6,F,Raw,97.5
249.48,147.42,122.47,M,Single-ply,229.06
277.5,202.5,135.8,M,Raw,265.0
137.5,85.0,72.2,M,Raw,182.5
120.2,77.11,58.88,M,Raw,158.76
140.61,83.91,73.21,M,Single-ply,158.76
225.0,145.0,107.0,M,Raw,247.5
99.79,54.43,58.24,F,Wraps,102.06
175.0,130.0,84.1,M,Raw,215.0
140.61,70.31,90.36,M,Single-ply,142.88
97.5,55.0,59.8,F,Raw,102.5
185.0,142.5,82.1,M,Raw,190.0
204.12,145.15,89.36,M,Wraps,204.12
190.0,142.5,97.9,M,Raw,227.5
160.0,90.0,111.67,M,Wraps,175.0
152.5,132.5,95.25,M,Wraps,185.0
151.95,83.91,57.24,M,Single-ply,149.69
255.0,165.0,115.3,M,Raw,255.0
115.0,65.0,67.5,F,Single-ply,120.0
135.0,65.0,87.6,F,Raw,172.5
222.5,115.0,133.81,M,Wraps,230.0
167.5,107.5,98.65,M,Raw,222.5
85.0,45.0,65.8,F,Raw,90.0
105.0,65.0,55.6,F,Raw,125.0
105.0,60.0,59.3,F,Raw,112.5
183.7,142.88,76.48,M,Single-ply,167.83
185.0,137.5,97.1,M,Wraps,227.5
195.0,110.0,81.4,M,Raw,250.0
155.0,105.0,66.0,M,Raw,175.0
213.19,149.69,108.95,M,Wraps,292.57
142.5,105.0,72.5,M,Raw,187.5
162.5,127.5,82.5,M,Single-ply,217.5
130.0,62.5,49.5,F,Single-ply,150.0
282.5,205.0,100.0,M,Single-ply,257.5
165.0,127.5,78.1,M,Raw,180.0
222.5,195.5,129.2,M,Raw,280.0
135.0,57.5,59.0,F,Single-ply,152.5
107.5,67.5,71.7,F,Raw,150.0
340.0,255.0,90.5,M,Single-ply,300.0
125.0,87.5,72.65,M,Wraps,160.0
170.0,140.0,92.7,M,Single-ply,230.0
155.0,100.0,100.1,M,Wraps,190.0
197.5,120.0,65.2,M,Raw,202.5
176.9,102.06,74.84,M,Single-ply,176.9
140.61,102.06,82.01,M,Single-ply,156.49
113.4,61.23,57.52,M,Single-ply,111.13
200.0,115.0,83.2,M,Single-ply,205.0
90.72,38.56,43.45,M,Single-ply,68.04
158.76,108.86,77.56,M,Single-ply,185.97
113.4,63.5,58.74,M,Single-ply,129.27
113.4,70.31,90.36,M,Single-ply,142.88
197.5,140.0,109.7,M,Wraps,245.0
220.0,142.5,95.6,M,Raw,242.5
238.14,142.88,104.6,M,Single-ply,226.8
155.0,70.0,69.27,F,Raw,152.5
105.0,60.0,55.6,F,Raw,122.5
75.0,62.5,80.8,M,Raw,95.0
100.0,155.0,81.5,M,Raw,180.0
294.84,226.8,,M,Wraps,340.19
197.5,112.5,90.6,M,Raw,227.5
176.9,129.27,81.83,M,Single-ply,188.24
177.5,82.5,89.66,M,Raw,200.0
163.29,108.86,73.57,M,Raw,181.44
226.8,142.9,103.5,M,Raw,256.3
85.0,60.0,146.7,F,Raw,155.0
147.5,85.0,84.91,M,Wraps,155.0
195.0,127.5,117.5,M,Raw,227.5
152.5,107.5,83.9,M,Raw,195.0
137.5,82.5,81.0,F,Wraps,185.0
140.0,112.5,92.3,M,Raw,182.5
125.0,77.5,74.2,F,Raw,150.0
175.0,177.5,164.9,M,Raw,215.0
230.0,170.0,88.5,M,Raw,280.0
75.0,60.0,60.0,M,Raw,112.5
210.0,130.0,91.48,M,Raw,240.0
251.74,183.7,116.03,M,Raw,294.84
288.03,165.56,109.81,M,Wraps,288.03
299.37,215.46,112.49,M,Single-ply,265.35
205.0,140.0,124.2,M,Raw,240.0
137.5,72.5,81.3,F,Raw,170.0
202.5,165.0,92.1,M,Raw,255.0
158.76,147.42,97.52,M,Wraps,192.78
307.5,177.5,99.3,M,Wraps,287.5
205.0,130.0,80.3,M,Raw,232.5
120.0,137.5,87.7,M,Single-ply,170.0
305.0,195.0,121.9,M,Wraps,302.5
77.5,45.0,55.1,F,Raw,82.5
287.5,185.0,83.0,M,Single-ply,252.5
72.5,50.0,67.31,M,Raw,120.0
208.65,124.74,,M,Wraps,226.8
215.46,127.01,126.73,M,Single-ply,183.7
147.42,90.72,86.91,M,Single-ply,172.37
204.12,142.88,94.98,M,Wraps,249.48
222.5,135.0,82.55,M,Raw,272.5
269.89,161.03,116.39,M,Single-ply,269.89
176.9,108.86,64.77,M,Single-ply,158.76
274.42,192.78,105.96,M,Single-ply,267.62
86.18,38.56,51.89,F,Wraps,124.74
150.0,97.5,67.0,M,Single-ply,192.5
117.5,87.5,67.5,M,Single-ply,165.0
102.5,60.0,62.3,F,Raw,112.5
225.0,135.0,100.0,M,Raw,290.0
117.93,77.11,72.76,M,Single-ply,151.95
233.6,136.08,104.24,M,Single-ply,238.14
195.0,120.0,95.9,M,Raw,210.0
125.0,67.5,58.69,F,Wraps,142.5
170.0,115.0,108.68,M,Wraps,212.5
147.5,80.0,65.0,M,Single-ply,167.5
265.0,170.0,99.7,M,Raw,270.0
181.44,70.31,65.32,F,Multi-ply,163.29
182.5,135.0,96.5,M,Raw,227.5
242.5,177.5,86.82,M,Raw,272.5
120.0,72.5,55.61,F,Raw,115.0
230.0,160.0,89.6,M,Wraps,270.0
195.0,130.0,83.7,M,Raw,230.0
117.5,72.5,140.34,F,Wraps,140.0
102.06,54.43,93.89,F,Wraps,129.27
330.0,220.0,117.6,M,Single-ply,300.0
97.5,62.5,59.6,F,Raw,102.5
92.5,55.0,56.8,F,Raw,137.5
92.5,45.0,71.4,F,Raw,127.5
212.5,117.5,110.9,M,Raw,240.0
125.0,85.0,82.1,M,Single-ply,140.0
255.0,160.0,101.7,M,Raw,275.0
180.0,137.5,80.5,M,Wraps,210.0
140.0,112.0,70.03,M,Raw,185.0
150.0,120.0,122.3,M,Single-ply,170.0
132.5,72.5,64.25,M,Raw,170.0
65.77,38.56,54.34,F,Wraps,111.13
190.5,165.6,124.4,M,Raw,272.2
97.5,50.0,74.6,F,Raw,107.5
210.0,127.5,79.5,M,Wraps,235.0
257.5,155.0,89.95,M,Wraps,257.5
165.0,80.0,50.76,F,Single-ply,192.5
200.0,150.0,102.1,M,Wraps,200.0
215.0,157.5,73.72,M,Single-ply,220.0
172.37,90.72,89.81,M,Single-ply,170.1
102.5,62.5,84.0,F,Raw,140.0
111.13,63.5,64.68,F,Raw,136.08
235.87,170.1,79.47,M,Single-ply,256.28
270.0,170.0,72.88,M,Single-ply,252.5
317.51,183.7,121.2,M,Wraps,288.03
174.63,97.52,78.93,M,Single-ply,181.44
240.0,120.0,80.9,M,Single-ply,230.0
256.28,183.7,95.71,M,Wraps,317.51
181.44,122.47,87.18,M,Single-ply,170.1
127.5,65.0,62.8,F,Raw,142.5
115.0,65.0,61.75,F,Raw,135.0
137.5,70.0,60.0,F,Raw,142.5
165.0,120.0,75.0,M,Raw,182.5
136.08,83.91,69.76,M,Single-ply,149.69
132.5,95.0,65.1,F,Wraps,170.0
227.5,145.0,108.0,M,Raw,220.0
190.0,115.0,73.2,M,Single-ply,227.5
183.7,124.74,82.5,M,Single-ply,201.85
110.0,62.5,50.9,F,Raw,130.0
183.7,124.74,81.83,M,Single-ply,181.44
182.5,152.5,99.25,M,Raw,250.0
158.76,83.91,71.62,M,Single-ply,158.76
215.46,115.67,78.47,M,Single-ply,217.72
142.5,107.5,86.15,M,Raw,180.0
240.0,170.0,119.8,M,Raw,290.0
180.0,105.0,66.0,M,Single-ply,230.0
147.5,102.5,88.1,M,Raw,175.0
292.5,200.0,82.85,M,Raw,321.5
102.06,72.57,69.4,M,Single-ply,88.45
290.3,174.63,109.77,M,Single-ply,272.16
63.5,70.31,71.67,M,Single-ply,102.06
130.0,77.5,76.9,F,Raw,150.0
276.69,183.7,98.88,M,Wraps,292.57
165.0,107.5,67.5,M,Single-ply,185.0
90.0,40.0,46.9,F,Raw,115.0
192.8,108.9,74.0,M,Single-ply,210.9
238.14,165.56,87.91,M,Single-ply,217.72
130.0,77.5,55.8,M,Single-ply,147.5
142.5,105.0,81.1,M,Raw,182.5
175.0,137.5,71.7,M,Raw,220.0
210.0,137.5,86.1,M,Single-ply,170.0
107.5,50.0,73.45,F,Raw,135.0
112.5,70.0,55.7,F,Single-ply,115.0
332.5,167.5,186.4,M,Single-ply,262.5
207.5,150.0,84.2,M,Raw,225.0
112.5,62.5,45.05,F,Raw,122.5
75.0,42.5,70.31,F,Wraps,102.5
199.58,117.93,88.99,M,Wraps,219.99
232.5,150.0,95.75,M,Wraps,280.0
270.0,232.5,116.3,M,Single-ply,270.0
87.5,62.5,79.6,F,Raw,137.5
158.76,104.33,98.61,M,Wraps,174.63
170.0,125.0,104.9,M,Raw,202.5
312.5,215.0,118.05,M,Single-ply,305.0
172.5,115.0,119.57,M,Wraps,182.5
170.0,100.0,116.9,F,Raw,180.0
120.0,60.0,58.0,F,Raw,140.0
205.0,125.0,83.4,M,Raw,255.0
226.8,136.08,81.28,M,Wraps,231.33
281.23,142.88,99.97,M,Wraps,249.48
205.0,137.5,90.86,M,Raw,240.0
150.0,110.0,76.0,M,Raw,207.5
155.0,120.0,76.2,M,Raw,180.0
235.0,162.5,90.73,M,Single-ply,230.0
190.0,160.0,117.7,M,Raw,202.5
230.0,170.0,112.3,M,Raw,230.0
180.0,120.0,90.3,M,Raw,217.5
124.74,72.57,66.22,M,Single-ply,183.7
183.7,142.88,145.15,M,Wraps,183.7
263.1,176.9,91.8,M,Raw,285.8
285.0,165.0,74.3,M,Wraps,245.0
362.87,238.14,89.99,M,Multi-ply,260.82
115.0,77.5,79.61,M,Raw,157.5
230.0,130.0,78.0,M,Single-ply,230.0
245.0,162.5,97.8,M,Raw,272.5
110.0,60.0,70.8,F,Raw,160.0
175.0,117.5,86.5,M,Single-ply,195.0
170.1,106.59,79.38,M,Single-ply,206.38
285.0,175.0,112.9,M,Single-ply,232.5
192.78,113.4,78.24,M,Single-ply,188.24
172.5,95.0,72.15,M,Raw,200.0
195.0,162.5,109.3,M,Raw,200.0
80.0,42.5,57.0,F,Raw,97.5
149.69,92.99,65.32,M,Single-ply,181.44
102.5,105.0,88.6,M,Wraps,125.0
275.0,165.0,107.6,M,Raw,240.0
145.0,70.0,67.5,F,Single-ply,147.5
150.0,72.5,60.9,F,Raw,160.0
210.92,133.81,82.19,F,Multi-ply,192.78
162.5,100.0,81.76,M,Raw,200.0
92.99,72.57,77.47,M,Single-ply,142.88
197.5,135.0,82.1,M,Raw,217.5
380.0,220.0,82.02,M,Single-ply,310.0
190.51,106.59,118.84,M,Single-ply,215.46
147.42,81.65,62.78,M,Single-ply,149.69
195.5,107.5,79.2,F,Single-ply,182.5
202.5,107.5,90.1,M,Single-ply,175.0
56.7,40.82,55.79,M,Single-ply,90.72
147.5,127.5,79.8,M,Raw,187.5
120.2,83.91,90.0,M,Raw,161.03
120.0,75.0,76.0,F,Raw,140.0
250.0,172.5,80.29,M,Single-ply,242.5
105.0,65.0,79.4,F,Wraps,140.0
160.0,97.5,51.47,F,Single-ply,162.5
220.0,127.5,73.3,M,Single-ply,215.0
272.5,187.5,117.7,M,Raw,275.0
176.9,90.72,105.05,M,Single-ply,172.37
205.0,130.0,81.6,M,Raw,230.0
81.65,40.82,70.03,F,Wraps,131.54
145.15,77.11,79.65,M,Single-ply,158.76
205.0,215.0,138.07,M,Wraps,345.0
317.5,193.0,119.7,M,Raw,332.5
151.95,106.59,101.7,M,Single-ply,183.7
200.0,135.0,65.9,M,Raw,232.5
175.0,125.0,83.1,M,Single-ply,237.5
190.0,137.5,82.5,M,Raw,215.0
92.5,50.0,64.0,F,Raw,105.0
170.1,92.99,69.49,M,Single-ply,170.1
174.63,102.06,125.0,M,Single-ply,188.24
262.5,185.0,105.8,M,Raw,305.0
200.0,130.0,81.08,M,Raw,235.0
190.0,120.0,106.7,M,Single-ply,225.0
210.0,125.0,73.45,M,Raw,252.5
158.76,79.38,114.31,M,Single-ply,174.63
140.0,90.0,80.1,M,Single-ply,210.0
227.5,170.0,86.9,M,Single-ply,205.0
235.0,165.0,82.75,M,Single-ply,250.0
142.88,79.38,51.26,M,Single-ply,154.22
77.5,40.0,60.8,F,Single-ply,90.0
270.0,195.0,103.07,M,Raw,255.0
210.92,142.88,89.36,M,Single-ply,188.24
142.5,65.0,67.04,F,Wraps,145.0
260.0,150.0,109.2,M,Wraps,280.0
220.0,140.0,101.85,M,Raw,245.0
140.0,125.0,79.3,M,Raw,182.5
145.15,79.38,87.54,M,Single-ply,147.42
149.69,72.57,50.71,M,Single-ply,176.9
145.0,115.0,89.6,M,Wraps,182.5
140.0,85.0,62.5,F,Raw,170.0
187.5,100.0,72.1,M,Raw,205.0
102.06,52.16,70.13,F,Wraps,113.4
187.5,142.5,82.8,M,Raw,212.5
232.5,135.0,80.47,M,Wraps,233.0
258.55,190.51,106.23,M,Wraps,317.51
152.5,100.0,125.0,M,Single-ply,217.5
147.5,87.5,67.5,F,Single-ply,162.5
47.5,35.0,45.6,F,Raw,80.0
80.0,62.5,76.6,F,Raw,120.0
217.5,170.0,89.49,M,Raw,300.0
113.4,61.23,74.39,F,Wraps,122.47
170.0,130.0,108.7,M,Raw,210.0
235.87,136.08,79.29,M,Single-ply,213.19
188.24,131.54,74.84,M,Single-ply,170.1
105.0,65.0,64.7,F,Single-ply,140.0
142.5,105.0,102.97,M,Wraps,207.5
210.0,146.0,89.36,M,Raw,240.0
87.5,57.5,57.74,F,Wraps,105.0
125.0,77.5,70.0,F,Raw,165.0
229.06,154.22,93.98,M,Single-ply,215.46
220.0,125.0,100.0,M,Single-ply,245.0
85.0,52.5,69.5,F,Raw,102.5
160.0,107.5,66.1,M,Raw,190.0
300.0,170.0,140.8,M,Raw,270.0
129.27,68.04,58.97,M,Single-ply,151.95
95.0,75.0,81.4,M,Single-ply,150.0
205.0,115.0,85.4,M,Single-ply,210.0
80.0,62.5,61.1,F,Raw,117.5
185.97,106.59,66.86,M,Single-ply,208.65
200.0,150.0,127.3,M,Raw,230.0
185.0,127.5,73.3,M,Raw,205.0
132.5,72.5,81.5,F,Raw,150.0
90.0,65.0,55.1,F,Raw,135.0
190.51,115.67,102.74,M,Single-ply,165.56
240.0,195.0,124.56,M,Raw,305.0
170.1,92.99,80.29,M,Single-ply,129.27
92.99,52.16,65.5,M,Single-ply,104.33
237.5,137.5,104.5,M,Raw,245.0
117.5,100.0,81.6,M,Raw,150.0
306.17,213.19,107.23,M,Wraps,306.17
200.0,130.0,70.6,M,Raw,210.0
174.63,104.33,81.83,M,Wraps,238.14
150.0,110.0,74.21,M,Raw,217.5
130.0,65.0,70.2,F,Raw,145.0
187.5,162.5,92.6,M,Raw,192.5
132.5,97.5,60.95,F,Single-ply,147.5
63.5,38.56,46.9,M,Single-ply,90.72
190.0,105.0,66.5,M,Raw,212.5
142.88,68.04,77.93,M,Single-ply,149.69
140.61,92.99,72.76,M,Single-ply,151.95
165.0,100.0,137.8,F,Raw,172.5
252.5,180.0,113.25,M,Raw,305.0
185.0,130.0,88.9,M,Raw,210.0
240.0,190.0,74.5,M,Single-ply,232.5
230.0,130.0,80.4,M,Single-ply,215.0
245.0,122.5,78.7,M,Single-ply,215.0
120.0,75.0,64.3,F,Raw,157.5
160.0,95.0,74.6,M,Single-ply,160.0
240.4,122.47,128.37,M,Wraps,240.4
99.79,34.02,50.62,M,Single-ply,83.91
230.0,137.5,88.5,M,Raw,265.0
176.9,108.86,85.09,M,Single-ply,176.9
62.5,37.5,55.9,F,Raw,80.0
167.83,102.06,105.6,M,Single-ply,140.61
167.5,122.5,80.2,M,Raw,227.5
100.0,72.5,61.5,F,Raw,140.0
90.0,45.0,69.1,F,Raw,115.0
120.0,65.0,66.9,M,Single-ply,145.0
110.0,60.0,55.61,F,Raw,140.0
172.5,85.0,85.5,M,Raw,220.0
111.13,77.11,52.16,M,Single-ply,120.2
80.0,52.5,46.9,F,Raw,122.5
117.93,77.11,73.94,F,Wraps,163.29
215.0,147.5,88.6,M,Raw,232.5
167.5,90.0,103.6,F,Raw,172.5
210.92,102.06,129.05,M,Wraps,251.74
204.12,104.33,88.72,M,Single-ply,199.58
200.0,135.0,71.25,M,Single-ply,185.0
375.0,262.5,104.38,M,Single-ply,325.0
267.5,213.5,146.0,M,Raw,295.0
207.5,150.0,103.4,M,Raw,285.0
183.7,140.61,99.7,M,Raw,229.06
357.5,227.5,107.9,M,Single-ply,350.0
110.0,72.5,68.7,F,Raw,145.0
113.4,63.5,79.11,M,Single-ply,138.35
72.5,37.5,65.1,F,Raw,105.0
295.0,180.0,133.4,M,Raw,287.5
197.5,127.5,81.2,M,Raw,220.0
163.29,90.72,54.75,M,Single-ply,167.83
119.98,119.98,59.78,M,Single-ply,149.91
249.48,188.24,130.41,M,Wraps,256.28
167.5,77.5,110.4,F,Raw,142.5
222.5,140.0,82.5,M,Raw,262.5
90.0,47.5,69.7,F,Raw,100.0
152.5,102.5,78.0,M,Raw,175.0
136.1,88.5,76.8,M,Raw,181.4
175.0,117.5,73.65,M,Raw,207.5
220.0,152.5,91.2,M,Raw,260.0
165.0,125.0,128.0,M,Raw,200.0
340.0,212.5,190.7,M,Raw,287.5
276.69,181.44,86.91,M,Wraps,288.03
263.08,190.51,133.65,M,Wraps,274.42
235.0,132.5,92.68,M,Raw,260.0
132.5,65.0,70.7,M,Raw,150.0
80.0,57.5,72.3,F,Single-ply,142.5
265.0,182.5,119.4,M,Single-ply,287.5
124.74,104.33,74.84,M,Raw,151.95
102.06,63.5,51.26,M,Single-ply,138.35
167.83,111.13,59.42,F,Wraps,188.24
220.0,115.0,79.7,M,Raw,240.0
325.0,195.0,99.5,M,Wraps,315.0
172.5,127.5,91.9,M,Raw,205.0
205.0,92.5,83.2,F,Wraps,225.0
208.65,117.93,95.89,M,Single-ply,242.67
83.91,61.23,79.47,F,Raw,97.52
195.0,120.0,82.4,M,Raw,240.0
263.08,158.76,113.85,M,Wraps,260.82
319.78,249.93,107.05,M,Single-ply,317.06
290.0,220.0,119.23,M,Raw,295.0
72.5,42.5,50.17,M,Wraps,110.0
177.5,120.0,73.3,M,Wraps,275.0
115.0,50.0,65.05,F,Wraps,137.5
115.0,62.5,56.14,F,Raw,125.0
117.5,82.5,60.0,M,Raw,155.0
80.0,40.0,71.2,F,Raw,107.5
135.0,80.0,55.8,F,Single-ply,130.0
102.06,79.38,75.0,M,Single-ply,147.42
185.0,112.5,93.0,M,Raw,220.0
294.84,199.58,131.41,M,Wraps,308.44
297.1,192.78,146.06,M,Wraps,278.96
105.0,145.0,74.1,M,Single-ply,140.0
110.0,65.0,61.1,F,Single-ply,125.0
165.0,80.0,102.35,F,Wraps,165.0
152.5,102.5,72.5,M,Raw,182.5
240.0,217.5,125.5,M,Single-ply,297.5
230.0,180.0,82.8,M,Single-ply,250.0
142.5,77.5,59.33,F,Wraps,187.5
195.0,120.0,67.1,M,Single-ply,207.5
170.1,165.56,111.58,M,Multi-ply,183.7
158.76,74.84,68.95,M,Single-ply,158.76
227.5,152.5,108.8,M,Single-ply,235.0
190.0,112.5,84.0,M,Single-ply,222.5
292.5,182.5,108.95,M,Wraps,302.5
115.0,55.0,55.2,F,Single-ply,117.5
111.13,65.77,57.56,M,Single-ply,124.74
197.5,120.0,82.4,M,Raw,237.5
160.0,107.5,70.71,F,Raw,152.5
227.5,137.5,77.1,M,Raw,245.0
92.5,47.5,58.6,F,Raw,102.5
230.0,157.5,106.1,M,Raw,245.0
100.0,62.5,61.1,F,Raw,145.0
272.5,160.0,100.0,M,Single-ply,210.0
225.0,160.0,106.5,M,Raw,235.0
230.0,155.0,114.41,F,Single-ply,187.5
70.0,45.0,56.7,F,Raw,85.0
72.5,45.0,65.4,F,Raw,102.5
200.0,110.0,88.45,M,Raw,220.0
245.0,162.5,103.3,M,Raw,282.5
170.1,113.4,81.28,M,Single-ply,174.63
115.0,70.0,107.95,F,Raw,137.5
172.5,137.5,116.2,M,Raw,195.0
181.44,127.01,115.48,M,Single-ply,158.76
220.0,132.5,102.4,M,Raw,252.5
120.2,83.91,81.74,M,Single-ply,149.69
237.5,155.0,114.4,M,Raw,280.0
205.0,127.5,99.6,M,Raw,250.0
192.78,129.27,101.33,M,Raw,226.8
181.44,92.99,65.95,M,Single-ply,181.44
95.0,75.0,73.5,M,Raw,155.0
182.5,107.5,80.3,M,Raw,235.0
145.0,102.5,119.2,M,Raw,190.0
181.44,108.86,95.16,M,Wraps,217.72
120.0,70.0,61.6,F,Raw,137.5
213.19,120.2,119.2,M,Single-ply,204.12
245.0,185.0,89.65,M,Wraps,257.5
220.0,122.5,82.42,M,Wraps,262.5
105.0,50.0,51.7,F,Raw,122.5
85.0,45.0,45.75,F,Raw,112.5
202.5,182.5,122.92,M,Wraps,275.0
117.5,77.5,57.0,F,Raw,117.5
87.5,42.5,55.35,F,Raw,132.5
230.0,150.0,106.7,M,Wraps,250.0
95.0,62.5,55.88,F,Single-ply,115.0
233.6,117.93,73.48,M,Single-ply,247.21
158.76,79.38,50.76,M,Single-ply,172.37
155.0,107.5,58.8,M,Raw,200.0
133.81,58.97,53.61,M,Single-ply,142.88
258.55,161.03,112.94,M,Single-ply,185.97
160.0,142.5,123.0,M,Raw,235.0
120.2,70.31,63.5,M,Single-ply,140.61
242.5,157.5,114.2,M,Raw,250.0
102.5,57.5,94.4,F,Raw,127.5
106.59,79.38,66.22,M,Single-ply,120.2
132.5,77.5,72.9,F,Raw,147.5
265.0,172.5,74.6,M,Wraps,290.0
315.0,195.0,99.6,M,Wraps,320.0
125.0,65.0,55.2,F,Single-ply,122.5
367.5,220.0,99.28,M,Single-ply,305.0
155.0,122.5,82.2,M,Single-ply,222.5
180.0,117.5,71.7,F,Raw,172.5
106.59,58.97,59.78,M,Single-ply,111.13
135.0,70.0,83.28,F,Raw,127.5
117.93,68.04,85.73,M,Single-ply,113.4
208.65,149.69,116.85,M,Single-ply,190.51
220.0,160.0,109.1,M,Raw,267.5
100.0,67.5,62.7,M,Single-ply,110.0
122.5,72.5,94.1,F,Raw,135.0
205.0,117.5,101.4,M,Raw,175.0
165.56,102.06,77.47,M,Wraps,165.56
163.29,83.91,88.99,M,Single-ply,188.24
200.0,112.5,90.57,M,Raw,245.0
140.0,75.0,68.3,M,Single-ply,157.5
136.08,131.54,97.98,M,Single-ply,163.29
247.21,140.61,156.85,M,Single-ply,204.12
111.13,81.65,95.98,M,Single-ply,133.81
125.0,60.0,71.5,F,Raw,142.5
25.0,20.0,38.42,F,Wraps,55.0
85.0,47.5,59.51,F,Wraps,102.5
95.0,62.5,93.6,M,Raw,147.5
350.0,222.5,118.3,M,Single-ply,320.0
55.0,50.0,60.0,F,Single-ply,100.0
197.31,106.59,80.83,M,Single-ply,190.51
245.0,160.0,81.8,M,Single-ply,267.5
147.42,92.99,82.83,M,Single-ply,149.69
140.0,80.0,69.45,F,Single-ply,120.0
272.16,183.7,124.96,M,Wraps,294.84
175.0,110.0,80.2,M,Raw,215.0
217.72,151.95,135.26,M,Single-ply,224.53
192.5,120.0,81.0,M,Raw,210.0
210.92,156.49,74.84,M,Raw,229.06
255.0,150.0,81.8,M,Single-ply,227.5
185.0,115.0,113.5,M,Raw,195.0
100.0,50.0,50.8,F,Raw,125.0
272.5,202.5,135.7,M,Wraps,297.5
102.06,61.23,62.6,M,Single-ply,122.47
97.5,42.5,72.1,F,Raw,132.5
149.91,92.42,102.97,M,Single-ply,169.98
182.5,122.5,141.52,M,Raw,212.5
200.0,125.0,129.5,M,Raw,210.0
185.0,120.0,104.0,M,Raw,220.0
254.0,154.2,100.0,M,Raw,254.0
238.14,145.15,136.08,M,Single-ply,249.48
167.5,120.0,71.3,M,Raw,197.5
242.5,140.0,92.6,M,Raw,245.0
122.5,67.5,59.38,F,Wraps,130.0
297.1,188.24,145.15,M,Single-ply,222.26
115.0,55.0,62.8,F,Raw,145.0
317.51,195.04,121.83,M,Single-ply,274.42
167.5,105.0,69.65,M,Raw,220.0
195.04,115.67,78.53,M,Single-ply,192.78
245.0,147.5,145.7,M,Raw,265.0
140.0,80.0,62.01,F,Raw,150.0
190.0,102.5,106.4,F,Raw,215.0
152.5,82.5,92.6,M,Raw,187.5
127.5,70.0,100.88,F,Wraps,135.0
88.45,72.57,74.57,M,Single-ply,136.08
154.22,77.11,64.41,F,Wraps,163.29
137.5,62.5,82.01,F,Raw,150.0
210.0,145.0,89.36,M,Raw,225.0
204.12,124.74,86.14,M,Single-ply,226.8
249.48,174.63,99.52,M,Single-ply,244.94
105.0,55.0,80.8,F,Raw,140.0
274.42,210.92,96.34,M,Wraps,272.16
80.0,37.5,60.5,F,Raw,92.5
237.5,157.5,91.4,M,Wraps,247.5
163.29,88.45,102.97,F,Wraps,201.85
140.0,110.0,72.3,M,Single-ply,190.0
226.0,160.0,79.4,M,Raw,255.0
207.5,100.0,73.65,M,Raw,235.0
230.0,160.0,116.1,M,Single-ply,230.0
107.5,60.0,56.5,F,Raw,127.5
226.8,138.35,87.0,M,Single-ply,249.48
287.5,150.0,87.63,M,Wraps,317.5
235.0,110.0,65.1,M,Single-ply,215.0
162.5,102.5,132.2,M,Wraps,190.0
99.79,56.7,64.14,M,Single-ply,117.93
150.0,105.0,71.6,F,Single-ply,162.5
92.5,85.0,80.6,F,Single-ply,145.0
199.58,138.35,82.5,M,Raw,256.28
115.0,50.0,96.1,F,Raw,137.5
156.49,79.38,97.52,M,Single-ply,145.15
195.0,112.5,91.7,M,Raw,227.5
138.35,88.45,78.93,M,Single-ply,149.69
232.5,142.5,89.2,M,Single-ply,265.0
182.5,115.0,104.84,M,Raw,232.5
250.0,142.5,97.6,M,Raw,277.5
145.15,74.84,119.25,M,Single-ply,142.88
327.5,230.0,110.0,M,Raw,310.0
220.0,170.0,131.5,M,Raw,242.5
112.5,60.0,90.85,M,Raw,145.0
117.5,80.0,55.2,F,Wraps,150.0
176.9,102.06,82.69,M,Single-ply,185.97
129.27,61.23,53.16,M,Single-ply,140.61
183.7,88.45,101.79,M,Single-ply,183.7
183.7,102.06,66.59,M,Single-ply,183.7
156.49,117.93,87.09,M,Raw,192.78
282.5,160.0,82.42,M,Wraps,265.0
115.0,85.0,81.3,M,Raw,157.5
100.0,55.0,79.8,F,Raw,92.5
137.5,117.5,96.16,M,Raw,220.0
290.0,165.0,75.0,M,Single-ply,262.5
260.0,197.5,120.66,M,Wraps,287.5
150.0,125.0,73.6,M,Raw,170.0
117.5,62.5,94.0,F,Raw,137.5
237.5,137.5,89.9,M,Raw,215.0
104.33,61.23,52.53,M,Single-ply,106.59
230.0,165.0,73.54,M,Single-ply,255.0
185.0,127.5,131.54,M,Wraps,160.0
210.92,149.69,89.63,M,Raw,229.06
242.5,173.0,74.75,M,Wraps,232.5
108.86,54.43,55.79,M,Single-ply,136.08
70.0,40.0,65.9,F,Wraps,90.0
205.0,137.5,104.8,M,Raw,232.5
135.0,77.5,62.05,F,Raw,150.0
120.0,70.0,72.4,F,Raw,132.5
102.06,54.43,55.34,M,Single-ply,120.2
135.0,80.0,66.1,F,Single-ply,150.0
249.48,138.35,72.76,M,Single-ply,276.69
145.0,95.0,65.8,M,Raw,205.0
92.5,60.0,148.5,F,Raw,80.0
260.0,185.0,103.2,M,Raw,277.5
177.5,115.0,73.9,M,Raw,220.0
137.5,72.5,58.4,M,Single-ply,165.0
155.0,137.5,86.25,M,Single-ply,170.0
85.0,52.5,61.0,F,Raw,90.0
100.0,90.0,111.0,M,Raw,140.0
245.0,150.0,96.9,M,Raw,275.0
115.0,70.0,55.8,F,Single-ply,137.5
192.5,110.0,74.1,M,Single-ply,210.0
97.5,45.4,50.85,F,Single-ply,113.4
122.5,50.0,80.6,F,Raw,145.0
320.0,200.0,125.0,M,Single-ply,322.5
285.5,160.0,113.6,M,Raw,290.0
158.76,102.06,92.53,M,Single-ply,170.1
122.5,72.5,62.1,F,Raw,135.0
180.0,100.0,87.6,M,Raw,215.0
140.0,67.5,55.88,M,Single-ply,157.5
215.46,136.08,119.66,M,Wraps,247.21
215.46,104.33,138.98,M,Single-ply,188.24
215.0,115.0,71.6,M,Raw,260.0
137.5,95.0,70.67,M,Raw,162.5
136.08,88.45,70.76,M,Single-ply,124.74
185.97,108.86,59.69,M,Single-ply,199.58
280.0,195.0,109.2,M,Single-ply,285.0
230.0,145.0,103.06,M,Raw,295.0
210.92,115.67,86.91,M,Single-ply,170.1
272.5,150.0,99.2,M,Raw,285.0
225.0,160.0,107.2,M,Single-ply,180.0
220.0,122.5,89.8,M,Raw,230.0
87.5,40.0,55.1,F,Raw,102.5
97.5,42.5,46.6,F,Raw,120.0
282.5,160.0,108.85,M,Raw,282.5
74.84,43.09,51.71,F,Raw,95.25
142.5,90.0,91.7,M,Single-ply,205.0
182.5,165.0,99.9,M,Raw,227.5
85.0,50.0,56.6,F,Raw,120.0
110.0,100.0,83.4,M,Raw,165.0
145.0,100.0,58.1,F,Single-ply,150.0
227.5,162.5,96.39,M,Raw,272.5
127.5,80.0,55.0,M,Raw,100.0
192.78,106.59,82.1,M,Single-ply,192.78
88.45,40.82,80.78,M,Wraps,122.47
225.0,160.0,87.5,M,Raw,232.5
125.0,85.0,66.9,F,Single-ply,152.5
120.0,50.0,54.35,F,Wraps,120.0
195.0,115.0,82.5,F,Single-ply,187.5
297.1,179.17,88.27,M,Wraps,290.3
227.5,145.0,89.72,M,Wraps,212.5
130.0,97.5,70.3,M,Single-ply,185.0
140.61,90.72,54.07,M,Single-ply,163.29
112.5,52.5,62.1,F,Raw,137.5
100.0,57.5,56.06,F,Raw,155.5
202.5,130.0,73.2,M,Raw,220.0
265.35,190.51,87.27,M,Single-ply,254.01
195.0,112.5,80.4,M,Raw,217.5
199.58,111.13,97.98,M,Single-ply,217.72
92.5,47.5,42.2,M,Raw,117.5
183.7,120.2,99.74,M,Single-ply,158.76
110.0,65.0,65.6,F,Wraps,117.5
232.5,150.0,119.8,M,Raw,252.5
212.5,175.0,67.5,M,Raw,250.0
72.5,50.0,54.5,F,Raw,105.0
200.0,145.0,108.2,M,Raw,215.0
232.5,130.0,134.8,M,Raw,242.5
107.5,62.5,93.1,F,Raw,125.0
155.0,102.5,64.2,M,Raw,195.0
272.5,250.0,122.24,M,Raw,320.0
192.5,100.0,64.6,M,Raw,230.0
295.0,192.5,124.0,M,Raw,350.0
187.5,137.5,90.5,M,Raw,200.0
205.0,107.5,66.6,M,Single-ply,220.0
312.5,197.5,97.6,M,Raw,227.5
30.0,30.0,45.6,F,Single-ply,62.5
200.0,117.5,60.7,M,Raw,255.0
295.0,160.0,98.3,M,Single-ply,325.0
75.0,42.5,50.6,F,Raw,110.0
117.93,49.9,58.51,F,Wraps,138.35
182.5,122.5,81.6,M,Raw,262.5
90.0,47.5,68.2,F,Raw,107.5
113.4,54.43,75.75,F,Wraps,124.74
160.0,127.5,112.7,M,Raw,195.0
107.5,55.0,51.3,F,Single-ply,135.0
342.5,255.0,109.86,M,Single-ply,330.0
130.0,102.5,86.1,M,Raw,162.5
170.0,92.5,89.86,M,Raw,227.5
62.5,37.5,86.2,M,Raw,82.5
207.5,142.5,81.3,M,Raw,227.5
142.5,102.5,69.6,M,Raw,172.5
215.0,137.5,172.8,M,Raw,207.5
102.06,58.97,62.96,M,Single-ply,113.4
295.0,220.0,105.1,M,Wraps,312.5
85.0,65.0,52.62,F,Raw,120.0
280.0,192.5,106.82,M,Wraps,277.5
170.1,106.59,74.57,M,Single-ply,174.63
192.78,165.56,106.68,M,Wraps,215.46
192.78,124.74,81.92,M,Wraps,240.4
183.7,108.86,79.83,M,Single-ply,176.9
175.0,130.0,65.9,M,Raw,210.0
183.7,83.91,103.96,M,Single-ply,185.97
165.0,97.5,70.7,F,Raw,170.0
105.0,50.0,71.0,F,Raw,132.5
282.5,180.0,115.9,M,Raw,282.5
212.5,137.5,80.8,M,Raw,267.5
131.54,70.31,53.52,M,Single-ply,149.69
180.0,130.0,80.65,M,Raw,250.0
225.0,150.0,98.7,M,Raw,250.0
107.5,55.0,96.35,F,Raw,140.0
156.49,120.2,75.07,M,Wraps,154.22
142.88,92.99,105.14,M,Single-ply,172.37
192.5,100.0,110.0,M,Single-ply,232.5
227.5,172.5,97.9,M,Raw,272.5
156.49,86.18,73.12,M,Single-ply,170.1
232.5,132.5,132.5,M,Single-ply,277.5
147.5,55.0,93.9,F,Raw,155.0
285.0,185.0,90.0,M,Single-ply,310.0
195.0,135.0,89.6,M,Raw,255.0
242.5,155.0,122.6,M,Raw,300.0
69.97,62.48,52.0,M,Single-ply,92.42
110.0,55.0,65.7,F,Single-ply,127.5
247.5,130.0,82.34,M,Raw,262.5
245.0,190.0,109.4,M,Raw,272.5
312.98,176.9,81.1,M,Multi-ply,265.35
225.0,127.5,73.5,M,Raw,265.0
297.1,206.38,71.58,M,Multi-ply,238.14
235.0,157.5,106.45,M,Single-ply,230.0
240.0,150.0,97.3,M,Wraps,245.0
138.35,63.5,59.87,M,Single-ply,145.15
360.0,185.0,87.8,M,Wraps,312.5
102.06,49.9,55.61,M,Single-ply,108.86
245.0,170.0,88.9,M,Single-ply,257.5
95.0,57.5,78.4,F,Raw,100.0
70.0,37.5,50.98,F,Raw,117.5
300.0,175.0,121.5,M,Wraps,280.0
277.5,222.5,99.5,M,Raw,292.5
125.0,62.5,72.6,F,Raw,160.0
120.2,72.57,72.03,M,Single-ply,142.88
242.5,175.0,91.71,M,Raw,270.0
210.0,182.5,81.4,M,Single-ply,220.0
152.5,107.5,95.16,M,Raw,187.5
202.5,137.5,72.8,M,Raw,240.0
165.0,125.0,95.6,M,Raw,182.5
202.5,117.5,72.9,M,Single-ply,235.0
272.16,127.01,140.43,M,Single-ply,208.65
102.06,56.7,49.9,M,Single-ply,104.33
102.06,61.23,51.53,M,Single-ply,142.88
92.5,52.5,59.7,F,Single-ply,120.0
140.0,80.0,82.5,M,Raw,160.0
260.82,170.1,98.88,M,Single-ply,254.01
162.5,120.0,75.0,M,Raw,182.5
217.5,157.5,81.4,M,Raw,235.0
227.5,152.5,103.4,M,Raw,305.0
87.5,45.0,62.8,F,Raw,102.5
199.58,117.93,102.15,M,Single-ply,179.17
185.0,155.0,119.2,M,Wraps,210.0
136.1,93.0,59.0,M,Single-ply,138.4
140.61,79.38,81.74,M,Single-ply,154.22
175.0,122.5,74.2,M,Raw,172.5
135.0,45.0,102.3,F,Single-ply,132.5
174.63,127.01,81.56,M,Wraps,188.24
300.0,195.0,129.6,M,Raw,342.5
102.5,50.0,73.6,F,Raw,115.0
195.04,133.81,82.5,M,Wraps,206.38
215.46,113.4,70.85,M,Single-ply,192.78
197.31,95.25,94.8,M,Single-ply,181.44
135.0,100.0,67.1,M,Raw,195.0
165.0,107.5,55.82,F,Single-ply,165.0
215.0,155.0,123.4,M,Raw,285.0
267.5,215.0,119.62,M,Raw,320.5
142.88,92.99,94.03,M,Single-ply,165.56
255.0,162.5,111.3,M,Raw,315.0
215.46,117.93,136.08,M,Wraps,222.26
147.42,88.45,65.82,M,Single-ply,151.95
165.0,107.5,87.2,M,Raw,210.0
135.0,55.0,92.9,M,Raw,200.0
102.5,57.5,62.0,F,Raw,125.0
192.5,147.5,81.92,M,Raw,265.0
160.0,120.5,73.4,M,Raw,177.5
136.08,81.65,61.69,M,Single-ply,158.76
129.27,113.4,107.32,M,Single-ply,195.04
183.7,120.2,81.47,M,Wraps,183.7
136.08,65.77,71.3,M,Single-ply,136.08
142.5,80.0,61.8,F,Single-ply,115.0
45.0,32.5,67.5,F,Single-ply,70.0
280.0,190.0,103.63,M,Raw,305.0
270.0,217.5,114.9,M,Single-ply,232.5
85.0,52.5,73.07,F,Wraps,132.5
102.06,65.77,66.36,M,Single-ply,111.13
167.5,100.0,96.9,M,Single-ply,200.0
87.5,55.0,55.0,F,Raw,100.0
226.8,120.2,73.16,M,Single-ply,231.33
202.5,122.5,86.7,M,Raw,237.5
90.0,62.5,56.3,F,Raw,115.0
70.0,40.0,79.3,F,Raw,72.5
165.0,117.5,129.14,M,Raw,182.5
297.1,165.56,123.1,M,Multi-ply,240.4
258.55,136.08,89.81,M,Single-ply,240.4
215.0,150.0,92.5,M,Single-ply,267.5
182.5,130.0,85.79,M,Raw,200.0
167.5,112.5,82.0,M,Raw,177.5
195.0,182.5,108.5,M,Wraps,227.5
210.0,160.0,105.01,M,Wraps,237.5
85.0,55.0,86.3,F,Single-ply,130.0
265.0,187.5,91.8,M,Raw,280.0
110.0,70.0,60.0,F,Wraps,140.0
170.1,104.33,73.03,M,Single-ply,163.29
227.5,160.0,72.03,F,Single-ply,227.5
197.31,106.59,74.93,M,Wraps,224.53
160.0,115.0,80.4,M,Raw,182.5
200.0,105.0,73.6,M,Single-ply,177.5
195.0,147.5,94.6,M,Raw,207.5
222.5,170.0,88.5,M,Raw,265.0
160.0,90.0,98.8,M,Raw,180.0
160.0,115.0,75.0,M,Raw,210.0
125.0,80.0,103.8,M,Raw,160.0
249.48,142.88,97.89,M,Single-ply,208.65
110.0,60.0,82.2,F,Raw,130.0
230.0,155.0,89.99,M,Raw,265.0
249.48,165.56,107.59,M,Wraps,285.76
202.5,117.5,91.1,M,Raw,262.5
35.0,42.5,55.8,M,Raw,57.5
75.0,45.0,70.15,F,Raw,115.0
162.5,82.5,101.0,F,Raw,187.5
197.5,132.5,96.3,F,Single-ply,192.5
215.46,120.2,117.48,M,Single-ply,185.97
192.5,147.5,80.01,M,Raw,245.0
295.0,195.0,109.2,M,Wraps,310.0
149.69,117.93,92.35,M,Raw,158.76
183.7,151.95,110.0,M,Raw,226.8
192.78,138.35,72.03,M,Raw,231.33
240.0,152.5,94.9,M,Raw,285.0
100.0,50.0,55.8,F,Single-ply,120.0
160.0,130.0,94.3,M,Raw,192.5
154.22,86.18,71.21,M,Wraps,195.04
102.5,42.5,62.5,F,Raw,115.0
142.88,113.4,108.23,M,Wraps,158.76
82.5,45.0,57.6,F,Raw,105.0
330.0,212.5,92.2,M,Single-ply,282.5
102.5,80.0,59.95,M,Raw,142.5
149.69,74.84,61.55,M,Single-ply,174.63
204.57,147.42,88.54,M,Wraps,272.16
150.0,62.5,71.6,F,Single-ply,137.5
136.08,74.84,55.97,M,Single-ply,124.74
185.0,135.0,80.15,M,Raw,235.0
120.0,70.0,82.3,M,Raw,175.0
185.0,195.0,82.5,M,Single-ply,220.0
242.67,131.54,89.81,M,Single-ply,210.92
131.54,104.33,74.39,M,Raw,142.88
265.0,220.0,121.1,M,Raw,305.0
207.5,160.0,121.83,M,Raw,197.5
197.31,151.95,87.27,F,Multi-ply,185.97
115.0,72.5,57.5,F,Raw,142.5
200.0,130.0,103.64,M,Raw,250.0
115.0,60.0,67.4,F,Raw,142.5
185.0,140.0,80.8,M,Raw,227.5
175.0,107.5,74.1,M,Raw,170.0
137.5,95.0,77.3,F,Single-ply,135.0
287.5,182.5,109.68,M,Wraps,242.5
182.5,135.0,92.2,M,Raw,210.0
183.7,122.47,59.87,M,Single-ply,174.63
95.0,65.0,71.2,F,Raw,125.0
212.5,172.5,103.1,M,Raw,265.0
325.0,205.0,117.68,M,Single-ply,280.0
244.94,158.76,91.63,M,Single-ply,206.38
260.0,220.0,116.3,M,Raw,287.5
183.7,142.88,87.6,M,Single-ply,244.94
135.0,107.5,59.2,M,Raw,165.0
240.0,145.0,104.43,M,Raw,280.0
231.33,115.67,98.43,M,Single-ply,204.12
240.0,160.0,110.2,M,Raw,272.5
100.0,47.5,43.58,F,Raw,132.5
283.5,183.7,130.27,M,Wraps,292.57
82.5,40.0,84.0,F,Raw,102.5
124.74,95.25,71.49,F,Wraps,154.22
106.59,56.7,79.2,M,Single-ply,142.88
226.8,165.56,81.56,M,Wraps,242.67
192.78,127.01,97.79,M,Raw,219.99
185.97,124.74,75.0,M,Wraps,204.12
107.5,65.0,54.7,F,Raw,142.5
195.0,142.5,86.7,M,Raw,232.5
212.5,135.0,80.8,M,Raw,232.5
215.0,182.5,82.1,M,Single-ply,227.5
205.0,140.0,97.82,M,Raw,245.0
165.0,125.0,81.4,M,Raw,207.5
240.0,175.0,115.9,M,Raw,300.0
122.5,40.0,57.8,F,Single-ply,140.0
272.5,172.5,119.3,M,Raw,275.0
195.0,120.0,122.8,M,Raw,230.0
199.58,147.42,81.83,M,Single-ply,229.06
125.0,70.0,68.2,F,Raw,132.5
281.23,158.76,142.97,M,Single-ply,233.6
192.5,102.5,72.9,M,Raw,212.5
158.76,72.57,67.04,M,Single-ply,158.76
99.79,49.9,46.27,M,Single-ply,97.52
195.04,122.47,98.79,M,Raw,208.65
180.0,110.0,87.6,M,Single-ply,180.0
124.74,65.77,65.32,M,Single-ply,145.15
232.5,147.5,102.0,M,Raw,272.5
125.0,75.0,51.2,M,Single-ply,135.0
124.74,81.65,69.13,M,Single-ply,145.15
135.0,85.0,71.8,M,Wraps,185.0
120.0,65.0,70.4,M,Raw,177.5
100.0,52.5,66.3,F,Raw,102.5
175.0,125.0,101.0,M,Raw,195.0
217.5,132.5,79.8,M,Raw,230.0
122.5,45.0,70.8,F,Raw,137.5
105.0,62.5,81.2,F,Raw,140.0
232.5,122.5,104.7,M,Raw,265.0
145.0,75.0,97.4,F,Raw,190.0
111.13,65.77,65.68,F,Wraps,124.74
255.0,155.0,105.41,M,Wraps,292.5
149.69,111.13,112.45,M,Single-ply,174.63
85.0,47.5,54.37,F,Raw,97.5
255.0,160.0,89.8,M,Wraps,270.0
224.53,131.54,98.2,M,Single-ply,226.8
292.5,160.0,90.0,M,Raw,310.0
132.5,72.5,62.4,F,Raw,142.5
150.0,106.0,61.0,M,Raw,187.5
335.0,235.0,103.9,M,Single-ply,315.0
195.0,132.5,109.2,M,Raw,217.5
132.5,100.0,80.2,M,Raw,150.0
185.0,130.0,80.6,M,Raw,225.0
217.5,107.5,92.9,M,Raw,225.0
181.44,147.42,78.74,M,Wraps,199.58
147.5,87.5,67.15,F,Raw,165.0
110.0,60.0,69.3,F,Wraps,130.0
210.0,137.5,72.6,M,Raw,232.5
207.5,135.0,109.9,M,Raw,247.5
227.5,125.0,93.0,M,Raw,275.0
250.0,182.5,107.5,M,Wraps,245.0
85.0,42.5,69.1,F,Raw,115.0
102.06,56.7,66.13,M,Single-ply,127.01
135.0,100.0,71.0,M,Raw,167.5
200.0,155.0,125.19,M,Wraps,222.5
102.5,62.5,73.3,M,Raw,115.0
80.0,91.0,81.8,M,Raw,120.0
125.0,95.0,59.15,M,Wraps,152.5
242.5,150.0,82.5,M,Wraps,275.0
240.0,180.0,137.3,M,Raw,275.0
81.65,58.97,59.78,F,Raw,102.06
167.5,115.0,70.9,M,Raw,195.0
90.0,45.0,75.91,F,Raw,97.5
190.0,120.0,96.6,M,Single-ply,225.0
190.0,137.5,67.4,M,Wraps,207.5
163.29,97.52,153.77,M,Single-ply,167.83
290.0,170.0,103.1,M,Raw,320.0
68.04,43.09,59.96,F,Wraps,86.18
250.0,150.0,122.9,M,Raw,247.5
68.04,54.43,48.99,M,Single-ply,108.86
163.29,95.25,58.56,M,Single-ply,174.63
90.0,50.0,81.55,F,Raw,127.5
195.04,106.59,79.92,M,Single-ply,192.78
185.0,170.5,77.38,M,Raw,215.0
190.51,222.26,100.0,M,Single-ply,235.87
210.0,135.0,90.2,M,Raw,217.5
300.0,190.0,109.1,M,Wraps,340.0
172.5,120.0,86.85,M,Raw,200.0
265.0,197.5,108.2,M,Raw,265.0
110.0,50.0,60.1,F,Single-ply,140.0
330.0,205.0,105.9,M,Wraps,355.0
172.37,108.86,76.66,M,Single-ply,172.37
100.0,97.5,65.2,F,Raw,160.0
137.5,92.5,78.0,M,Raw,170.0
280.0,177.5,82.55,M,Single-ply,275.0
149.69,77.11,58.79,M,Single-ply,156.49
97.5,50.0,73.9,F,Raw,120.0
199.6,113.4,66.5,M,Single-ply,226.8
242.67,158.76,106.23,M,Wraps,215.46
265.0,172.5,81.04,M,Single-ply,230.0
97.5,52.5,58.1,F,Raw,110.0
70.31,27.22,44.0,F,Wraps,86.18
192.5,117.5,106.2,M,Raw,220.0
215.0,127.5,94.6,M,Raw,265.0
138.3,68.0,118.0,F,Single-ply,149.7
192.5,140.0,82.2,M,Raw,215.0
272.5,182.5,98.88,M,Multi-ply,245.0
112.5,72.5,67.4,M,Single-ply,147.5
85.0,52.5,62.2,F,Raw,120.0
165.0,110.0,72.9,M,Raw,215.0
167.5,110.0,98.95,M,Raw,235.0
226.8,151.95,123.47,M,Wraps,260.82
200.0,170.0,81.55,M,Single-ply,245.0
183.7,106.59,74.84,M,Wraps,226.8
374.21,278.96,153.31,M,Single-ply,258.55
147.42,68.04,59.87,M,Single-ply,147.42
172.37,117.93,88.36,M,Wraps,206.38
227.5,152.5,122.83,M,Raw,267.5
135.0,67.5,67.34,F,Raw,152.5
81.65,47.63,58.97,F,Raw,117.93
357.5,197.5,137.8,M,Single-ply,265.0
239.95,182.46,94.57,M,Single-ply,227.48
137.5,75.0,61.81,F,Raw,152.5
181.44,79.38,50.98,M,Single-ply,174.63
95.0,65.0,55.18,F,Single-ply,120.0
205.0,155.0,92.4,M,Raw,245.0
170.0,100.0,86.3,M,Single-ply,210.0
102.06,68.04,59.87,M,Single-ply,117.93
285.0,222.5,122.47,M,Single-ply,295.0
133.81,102.06,56.0,M,Multi-ply,151.95
158.76,92.99,71.73,M,Single-ply,174.63
204.12,131.54,107.77,M,Single-ply,195.04
145.15,74.84,95.71,M,Single-ply,179.17
282.5,157.5,127.8,M,Wraps,295.0
75.0,52.5,60.5,F,Raw,122.5
167.83,104.33,76.57,M,Single-ply,165.56
215.0,155.0,87.86,M,Wraps,250.0
130.0,115.0,82.4,F,Single-ply,150.0
155.0,100.0,78.5,M,Single-ply,175.0
70.0,37.5,66.9,F,Raw,95.0
210.0,150.0,89.1,M,Raw,242.5
183.7,147.42,98.88,M,Raw,233.6
177.5,117.5,78.6,M,Raw,205.0
80.0,52.5,54.8,F,Raw,117.5
125.0,107.5,92.9,M,Raw,165.0
140.0,62.5,63.4,M,Raw,177.5
105.0,60.0,59.9,F,Single-ply,105.0
188.24,113.4,98.16,M,Single-ply,181.44
162.5,87.5,75.2,M,Raw,195.0
147.5,70.0,82.9,F,Single-ply,150.0
80.0,70.0,64.6,M,Wraps,145.0
182.5,120.0,112.6,M,Raw,187.5
115.0,70.0,61.6,F,Single-ply,115.0
295.0,227.5,103.63,M,Single-ply,247.5
206.38,115.67,92.99,M,Single-ply,219.99
110.0,65.0,60.3,F,Raw,130.0
226.8,117.93,119.75,M,Single-ply,219.99
272.5,205.0,98.7,M,Single-ply,260.0
187.5,142.5,94.3,M,Raw,200.0
152.5,117.5,80.65,M,Raw,195.0
226.8,120.2,96.62,M,Single-ply,206.38
204.12,124.74,109.04,M,Single-ply,215.46
151.95,97.52,70.85,M,Single-ply,165.56
85.0,50.0,72.0,F,Raw,112.5
145.0,110.0,89.0,M,Raw,227.5
170.0,90.0,89.2,M,Single-ply,175.0
165.0,112.5,91.6,M,Raw,205.0
107.5,72.5,63.0,F,Raw,127.5
235.87,136.08,121.47,M,Single-ply,206.38
225.0,185.0,102.55,M,Raw,260.0
263.08,145.15,125.55,M,Single-ply,185.97
322.5,165.0,143.5,M,Single-ply,272.5
192.78,111.13,74.21,M,Single-ply,199.58
62.5,37.5,47.8,F,Wraps,102.5
180.0,130.0,65.8,M,Raw,190.0
230.0,177.5,126.8,M,Raw,275.0
147.5,115.0,90.6,M,Raw,197.5
45.0,27.5,34.0,M,Raw,80.0
95.0,52.5,55.3,F,Raw,102.5
190.0,145.0,81.5,M,Raw,237.5
105.0,42.5,75.0,F,Raw,125.0
99.79,72.57,68.95,M,Single-ply,145.15
110.0,70.0,68.25,F,Raw,135.0
262.5,142.5,91.5,M,Raw,297.5
70.0,37.5,49.9,F,Raw,80.0
227.5,115.0,63.0,M,Single-ply,212.5
182.5,110.0,97.7,M,Raw,220.0
300.0,180.0,115.4,M,Single-ply,290.0
242.5,275.0,95.5,M,Single-ply,292.5
195.0,150.0,109.7,M,Raw,210.0
67.5,55.0,65.0,F,Single-ply,92.5
107.5,75.0,102.4,F,Raw,142.5
161.03,102.06,101.06,M,Wraps,181.44
150.0,100.0,87.2,M,Single-ply,157.5
107.5,45.0,71.2,F,Raw,122.5
95.0,62.5,67.13,F,Raw,110.0
129.27,95.25,89.81,M,Single-ply,170.1
155.0,117.5,73.9,M,Raw,172.5
158.76,83.91,65.86,M,Single-ply,163.29
105.0,145.0,153.7,M,Raw,277.5
182.5,115.0,97.0,M,Single-ply,190.0
145.0,85.0,65.18,M,Wraps,190.0
202.5,132.5,85.8,M,Raw,215.0
202.5,175.0,107.9,M,Single-ply,192.5
117.5,95.0,94.71,M,Wraps,140.0
272.16,158.76,115.58,M,Single-ply,317.51
260.0,182.5,108.9,M,Single-ply,265.0
165.0,112.5,81.5,M,Raw,202.5
190.0,120.0,80.9,M,Single-ply,220.0
27.5,30.0,62.2,F,Raw,80.0
80.0,62.5,49.0,F,Raw,132.5
190.51,111.13,124.69,M,Single-ply,167.83
267.62,165.56,113.31,M,Single-ply,254.01
182.5,105.0,91.0,M,Raw,215.0
88.45,52.16,55.34,M,Single-ply,111.13
161.03,97.52,87.91,M,Single-ply,163.29
60.0,42.5,71.9,F,Raw,85.0
190.0,140.0,81.29,M,Raw,245.0
102.5,57.5,64.7,F,Single-ply,122.5
235.0,125.0,89.8,M,Single-ply,242.5
204.12,92.99,89.81,M,Single-ply,219.99
92.5,52.5,67.5,F,Single-ply,137.5
100.0,57.5,61.93,F,Raw,100.0
82.5,102.5,93.9,M,Raw,137.5
219.99,149.91,102.74,M,Single-ply,229.97
255.0,142.5,103.9,M,Raw,287.5
110.0,62.5,56.6,F,Raw,145.0
200.0,130.0,82.74,M,Raw,262.5
217.5,157.5,89.4,M,Raw,250.0
192.78,145.15,100.79,M,Wraps,204.12
250.0,157.5,98.1,M,Wraps,267.5
210.0,147.5,138.0,M,Raw,255.0
165.0,87.5,73.0,M,Raw,215.0
75.0,52.5,74.21,F,Raw,107.5
125.0,95.0,68.4,F,Raw,177.5
150.0,75.0,66.13,F,Raw,160.0
117.5,47.5,52.0,F,Single-ply,125.0
155.0,125.0,64.7,M,Single-ply,190.0
158.76,111.13,122.02,M,Single-ply,181.44
147.42,77.11,94.53,M,Single-ply,158.76
150.0,140.0,78.0,M,Raw,202.5
227.5,160.0,107.6,M,Raw,272.5
250.0,182.5,89.63,M,Raw,250.0
325.0,210.0,103.3,M,Single-ply,272.5
172.5,105.0,71.0,M,Raw,185.0
120.0,70.0,67.5,F,Wraps,157.5
110.0,65.0,63.5,F,Raw,152.5
227.5,115.0,60.0,M,Single-ply,210.0
65.0,42.5,60.0,F,Raw,102.5
80.0,51.0,45.5,F,Raw,108.0
207.5,142.5,87.6,M,Raw,242.5
400.0,232.5,116.66,M,Wraps,367.5
205.7,129.3,106.4,M,Single-ply,205.7
85.0,37.5,52.0,F,Raw,90.0
174.63,99.79,82.1,M,Single-ply,183.7
215.0,150.0,87.2,M,Raw,242.5
215.0,142.5,74.8,M,Raw,290.0
199.58,136.08,81.01,M,Single-ply,215.46
30.0,30.0,58.5,F,Raw,75.0
319.78,165.56,177.81,M,Wraps,288.03
147.4,52.2,59.1,F,Single-ply,133.8
157.5,117.5,104.87,M,Raw,220.0
150.0,100.0,80.2,M,Single-ply,195.0
245.0,185.0,87.8,M,Single-ply,245.0
150.0,120.0,137.8,M,Wraps,192.5
327.5,172.5,108.9,M,Wraps,305.0
227.5,150.0,102.4,M,Raw,272.5
190.51,142.88,122.65,M,Single-ply,217.72
285.0,177.5,82.2,M,Wraps,292.5
63.5,38.6,59.6,F,Raw,79.4
190.0,137.5,87.7,M,Raw,240.0
82.5,67.5,120.8,F,Raw,127.5
132.5,65.0,68.62,F,Raw,157.5
227.5,130.0,92.6,M,Raw,240.0
192.5,132.5,74.4,M,Wraps,215.0
219.99,147.42,82.05,M,Single-ply,235.87
157.5,115.0,92.9,M,Raw,217.5
187.5,142.5,65.3,M,Raw,200.0
265.0,160.0,82.5,M,Wraps,265.0
240.0,162.5,109.1,M,Raw,285.0
220.0,160.0,92.1,M,Raw,227.5
167.5,97.5,77.8,M,Single-ply,197.5
170.0,155.0,87.4,M,Raw,207.5
204.12,111.13,88.27,M,Single-ply,190.51
120.2,70.31,65.32,M,Single-ply,136.08
215.0,172.5,108.8,M,Wraps,250.0
65.0,30.0,56.6,F,Single-ply,87.5
120.0,105.0,70.0,M,Single-ply,130.0
165.0,125.0,60.0,M,Single-ply,185.0
107.5,62.5,62.1,M,Raw,155.0
122.5,90.0,51.7,M,Single-ply,165.0
320.0,235.0,125.0,M,Single-ply,280.0
315.0,235.0,109.3,M,Raw,360.0
160.0,102.5,70.02,M,Raw,207.5
190.0,130.0,82.3,M,Raw,220.0
67.5,37.5,90.0,F,Raw,97.5
187.5,127.5,95.3,M,Raw,235.0
182.5,125.0,66.0,M,Raw,220.0
102.06,83.91,55.07,M,Single-ply,131.54
225.0,127.5,105.5,M,Raw,192.5
295.0,187.5,136.2,M,Raw,285.0
132.5,82.5,51.47,F,Raw,137.5
180.0,97.5,65.94,M,Raw,271.5
206.38,97.52,79.83,M,Single-ply,210.92
147.5,117.5,78.5,M,Raw,207.5
120.2,79.38,75.39,M,Raw,147.42
182.5,145.0,91.45,M,Single-ply,210.0
80.0,37.5,55.5,F,Raw,107.5
167.83,79.38,72.94,M,Single-ply,161.03
195.04,90.72,71.67,M,Single-ply,204.12
85.0,45.0,55.07,F,Raw,125.0
152.5,92.5,62.2,F,Single-ply,162.5
115.0,102.5,79.9,M,Raw,165.0
210.0,155.0,73.5,M,Single-ply,241.0
287.5,160.0,79.02,M,Single-ply,242.5
245.0,122.5,89.2,M,Raw,250.0
40.0,20.0,34.4,F,Raw,45.0
142.88,97.52,73.94,M,Single-ply,197.31
170.1,131.54,66.41,M,Wraps,219.99
242.67,142.88,99.79,M,Single-ply,226.8
275.0,195.0,89.9,M,Single-ply,265.0
328.85,124.74,99.88,M,Wraps,281.23
190.0,132.5,111.0,M,Raw,262.5
240.0,147.5,82.3,M,Wraps,260.0
245.0,132.5,98.2,M,Single-ply,230.0
180.0,160.0,123.9,M,Single-ply,270.0
274.42,192.78,109.68,M,Wraps,288.03
85.0,52.5,78.8,F,Raw,102.5
105.0,67.5,75.0,F,Raw,130.0
202.5,135.0,81.8,M,Raw,252.5
182.5,140.0,67.5,M,Single-ply,205.0
120.2,81.65,84.87,M,Single-ply,115.67
150.0,77.5,93.1,F,Single-ply,150.0
162.5,87.5,80.1,M,Raw,170.0
160.0,95.0,60.0,F,Wraps,172.5
95.0,60.0,56.9,F,Raw,120.0
215.0,205.0,97.7,M,Single-ply,200.0
180.0,112.5,88.85,M,Raw,230.0
272.16,192.78,124.74,M,Wraps,317.51
247.5,147.5,82.56,M,Raw,257.5
165.0,112.5,72.0,M,Wraps,195.0
100.0,35.0,62.0,F,Raw,112.5
172.5,117.5,79.7,M,Raw,212.5
250.0,220.0,154.4,M,Single-ply,220.0
182.5,127.5,71.2,M,Single-ply,172.5
210.0,150.0,129.5,M,Raw,237.5
192.5,120.0,71.67,M,Single-ply,182.5
170.1,115.67,59.42,M,Single-ply,188.24
181.44,88.45,125.46,M,Single-ply,188.24
285.0,187.5,118.6,M,Single-ply,237.5
208.65,158.76,89.72,M,Raw,274.42
183.7,124.74,96.25,M,Wraps,199.58
170.0,102.5,64.31,M,Raw,187.5
105.0,47.5,80.6,F,Raw,130.0
249.48,129.27,74.03,F,Multi-ply,226.8
112.5,77.5,62.85,F,Single-ply,110.0
267.5,152.5,103.8,M,Raw,265.0
260.0,160.0,91.2,M,Single-ply,240.0
227.5,145.0,102.7,M,Raw,242.5
242.5,152.5,82.5,M,Single-ply,257.5
65.77,61.23,59.42,M,Single-ply,90.72
207.5,140.0,80.5,M,Raw,230.0
149.69,113.4,86.32,M,Single-ply,149.69
195.0,137.5,100.5,M,Single-ply,200.0
250.0,162.5,116.9,M,Raw,262.5
182.5,120.0,81.5,M,Raw,227.5
130.0,92.5,81.9,M,Raw,182.5
52.5,30.0,53.7,F,Raw,75.0
230.0,172.5,88.95,M,Raw,260.0
92.5,60.0,54.2,F,Wraps,120.0
92.5,52.5,54.0,F,Raw,107.5
102.06,52.16,94.8,M,Single-ply,113.4
177.5,117.5,74.75,M,Raw,167.5
142.88,179.17,125.0,M,Single-ply,124.74
312.5,242.5,114.0,M,Single-ply,300.0
170.0,85.0,55.52,M,Raw,200.0
207.5,145.0,103.96,M,Raw,247.5
85.0,45.0,70.4,F,Raw,130.0
161.03,124.74,73.66,M,Wraps,215.46
202.5,105.0,65.1,M,Raw,200.0
130.0,135.0,90.5,M,Raw,170.0
82.5,45.0,55.6,F,Raw,105.0
124.74,68.04,81.74,M,Single-ply,115.67
100.0,47.5,59.05,F,Raw,137.5
95.0,82.5,81.65,M,Raw,135.0
332.0,237.5,145.2,M,Wraps,305.0
68.04,45.36,54.43,M,Single-ply,83.91
183.7,102.06,71.76,M,Single-ply,226.8
263.08,183.7,89.81,M,Single-ply,217.72
199.58,133.81,89.95,M,Wraps,242.67
122.5,82.5,59.69,F,Wraps,147.5
85.0,45.0,51.4,F,Raw,90.0
240.0,165.0,115.2,M,Raw,272.5
227.5,165.0,121.6,M,Raw,265.0
65.0,55.0,68.4,F,Raw,120.0
227.5,172.5,100.0,M,Single-ply,272.5
100.0,55.0,55.0,F,Raw,110.0
385.55,233.6,139.25,M,Wraps,317.51
55.0,45.0,58.6,F,Raw,75.0
160.0,115.0,81.8,M,Raw,210.0
147.42,79.38,70.31,M,Single-ply,142.88
226.8,142.88,108.32,M,Single-ply,206.38
160.0,120.0,56.58,F,Single-ply,135.0
182.5,135.0,95.8,M,Wraps,205.0
156.49,74.84,78.38,M,Single-ply,181.44
199.58,142.88,90.0,M,Wraps,240.4
127.5,102.5,89.9,M,Raw,193.0
140.0,70.0,72.57,F,Wraps,147.5
217.5,152.5,91.25,M,Raw,250.0
181.44,106.59,55.38,M,Single-ply,156.49
227.5,157.5,90.0,M,Single-ply,265.0
157.5,112.5,90.3,M,Raw,190.0
87.5,37.5,47.5,M,Single-ply,105.0
219.99,113.4,82.1,M,Single-ply,181.44
195.0,132.5,100.0,M,Raw,240.0
325.0,215.0,118.61,M,Single-ply,277.5
127.01,92.99,65.36,M,Single-ply,158.76
274.42,120.2,80.56,M,Single-ply,251.74
120.0,87.5,72.5,M,Raw,170.0
174.63,115.67,89.72,M,Wraps,229.06
133.81,61.23,66.22,M,Single-ply,161.03
105.0,55.0,50.7,F,Raw,125.0
215.0,160.0,115.7,M,Raw,260.0
204.12,138.35,124.47,M,Single-ply,233.6
122.5,65.0,62.8,F,Raw,130.0
136.08,72.57,61.87,M,Single-ply,136.08
439.98,276.69,100.0,M,Multi-ply,283.5
205.0,135.0,75.0,M,Single-ply,205.0
172.5,105.0,88.8,F,Single-ply,170.0
120.0,102.5,80.0,M,Wraps,182.5
70.0,52.5,62.9,F,Raw,110.0
140.0,140.0,115.8,M,Raw,140.0
195.0,132.5,79.34,F,Single-ply,195.0
102.5,55.0,71.9,F,Raw,142.5
165.56,102.06,70.31,M,Single-ply,158.76
115.0,75.0,80.1,F,Single-ply,140.0
192.5,120.0,81.5,M,Raw,242.5
192.5,120.0,88.9,M,Wraps,210.0
190.0,172.5,106.55,M,Raw,267.5
226.8,131.54,115.67,M,Single-ply,174.63
200.0,112.5,81.9,M,Raw,202.5
150.0,147.5,96.5,M,Raw,190.0
110.0,72.5,88.1,M,Wraps,150.0
151.95,81.65,60.33,M,Single-ply,172.37
160.0,92.5,68.0,M,Raw,177.5
187.5,127.5,94.35,M,Wraps,200.0
155.0,105.0,89.6,M,Raw,185.0
167.5,137.5,72.7,M,Raw,197.5
335.0,217.5,122.6,M,Wraps,335.0
172.5,115.5,101.42,F,Single-ply,162.5
294.84,167.83,122.61,M,Wraps,319.78
227.5,150.0,86.2,M,Wraps,300.0
288.03,179.17,128.82,M,Raw,301.64
149.69,81.65,54.88,M,Single-ply,176.9
38.56,24.95,42.64,M,Single-ply,65.77
155.0,85.0,109.05,F,Raw,160.0
288.03,156.49,118.84,M,Wraps,256.28
180.0,92.5,67.4,M,Single-ply,232.5
357.5,295.0,118.73,M,Single-ply,285.0
188.24,120.2,76.66,M,Single-ply,226.8
320.0,205.0,98.88,M,Multi-ply,252.5
315.0,187.5,104.96,M,Single-ply,275.0
181.44,92.99,110.77,M,Single-ply,158.76
240.0,142.5,97.8,M,Wraps,260.0
195.04,133.81,99.7,M,Wraps,249.48
190.0,120.0,92.1,M,Raw,227.5
200.0,147.5,92.1,M,Single-ply,242.5
205.0,155.0,81.52,M,Single-ply,200.0
95.0,55.0,58.88,F,Multi-ply,140.0
227.5,175.0,116.6,M,Raw,272.5
115.0,102.5,82.0,F,Raw,160.0
185.97,92.99,59.6,M,Single-ply,185.97
122.5,80.0,53.9,F,Raw,137.5
222.5,190.0,82.04,M,Raw,247.5
226.8,124.74,108.77,M,Raw,242.67
145.0,70.0,55.8,F,Wraps,150.0
242.5,157.5,79.8,M,Wraps,247.5
212.5,115.0,56.0,M,Single-ply,217.5
190.0,150.0,95.6,M,Single-ply,225.0
392.5,277.5,148.7,M,Single-ply,367.5
160.0,110.0,80.0,M,Raw,185.0
107.5,57.5,67.1,F,Raw,127.5
75.0,47.5,60.5,M,Single-ply,95.0
140.61,77.11,123.38,M,Single-ply,142.88
204.12,158.76,83.46,M,Single-ply,215.46
125.0,75.0,58.8,M,Raw,167.5
124.74,79.38,65.68,M,Single-ply,149.69
90.72,52.16,64.18,F,Wraps,122.47
227.5,177.5,108.3,M,Raw,260.0
150.0,87.5,82.1,M,Raw,190.0
197.5,120.0,58.4,M,Single-ply,192.5
140.0,85.0,78.3,F,Single-ply,125.0
172.5,97.5,109.5,M,Single-ply,195.0
150.0,102.5,72.3,M,Raw,207.5
122.5,70.0,83.2,F,Raw,145.0
108.86,74.84,55.79,M,Single-ply,122.47
85.0,57.5,74.4,F,Raw,100.0
135.0,86.5,62.03,F,Raw,145.0
240.0,160.0,135.4,M,Raw,277.5
136.08,120.2,74.84,M,Wraps,215.46
181.0,27.5,81.1,M,Wraps,200.0
225.0,140.0,65.37,M,Raw,240.0
124.74,74.84,118.75,F,Raw,142.88
181.44,133.81,67.5,M,Wraps,242.67
307.42,199.92,125.0,M,Single-ply,307.42
181.44,92.99,81.65,M,Single-ply,201.85
104.33,77.11,63.96,F,Raw,149.69
225.0,140.0,74.3,M,Single-ply,260.0
85.0,57.5,62.4,F,Raw,102.5
72.5,55.0,65.25,F,Raw,115.0
115.67,63.5,98.61,F,Raw,167.83
117.9,45.4,59.78,F,Single-ply,124.7
212.5,137.5,103.1,M,Raw,247.5
120.0,65.0,71.12,F,Raw,150.0
192.5,125.0,74.25,M,Raw,220.0
182.5,105.0,70.55,M,Raw,175.0
152.5,85.0,89.2,M,Raw,170.0
87.5,50.0,70.3,F,Raw,105.0
107.5,60.0,57.0,F,Raw,145.0
165.56,129.27,82.5,M,Wraps,181.44
155.0,107.5,80.2,M,Raw,180.0
130.0,102.5,64.3,M,Raw,172.5
370.0,255.0,159.26,M,Single-ply,315.0
81.65,47.63,60.0,F,Wraps,106.59
195.0,127.5,73.75,M,Wraps,205.0
150.0,82.5,89.5,F,Wraps,165.0
180.0,130.0,94.2,M,Single-ply,220.0
213.19,131.54,112.58,M,Single-ply,174.63
220.0,165.0,80.74,M,Single-ply,197.5
140.0,72.5,82.3,F,Raw,145.0
57.5,40.0,54.1,F,Wraps,82.5
90.0,52.5,64.5,F,Raw,112.5
235.0,135.0,111.9,M,Single-ply,250.0
215.5,120.0,74.0,M,Raw,235.0
162.5,100.0,89.5,M,Single-ply,180.0
157.5,75.0,73.2,F,Single-ply,142.5
272.5,185.0,126.0,M,Wraps,275.0
215.0,160.0,81.19,M,Raw,257.5
260.82,174.63,123.56,M,Wraps,249.48
183.7,145.15,82.1,M,Wraps,204.12
149.69,74.84,71.67,M,Single-ply,158.76
200.0,137.5,86.2,M,Raw,215.0
155.0,115.0,87.9,M,Raw,205.0
185.97,88.45,60.33,M,Single-ply,170.1
154.22,86.18,55.7,M,Single-ply,142.88
87.5,55.0,80.8,F,Raw,117.5
165.0,110.0,72.9,M,Raw,182.5
215.0,145.0,92.4,M,Wraps,227.5
227.5,122.5,97.9,M,Raw,227.5
93.3,75.1,41.6,M,Raw,93.3
135.0,75.0,70.2,F,Raw,160.0
200.0,165.0,107.26,M,Raw,272.5
245.0,165.0,107.9,M,Wraps,207.5
197.5,122.5,91.9,M,Raw,215.0
60.0,37.5,71.7,F,Raw,92.5
106.59,47.63,51.71,M,Single-ply,95.25
150.0,115.0,72.8,M,Raw,170.0
230.0,155.0,89.7,M,Raw,265.0
172.37,106.59,95.25,M,Single-ply,165.56
340.0,237.5,122.47,M,Wraps,330.0
317.51,170.1,110.0,M,Wraps,274.42
115.0,62.5,66.7,F,Raw,132.5
260.0,155.0,91.1,M,Single-ply,260.0
142.88,97.52,102.15,M,Single-ply,154.22
136.08,147.42,97.52,M,Wraps,206.38
105.0,67.5,59.0,F,Single-ply,122.5
156.49,92.99,58.79,M,Single-ply,156.49
294.84,158.76,88.81,M,Multi-ply,283.5
200.0,117.5,87.55,M,Raw,220.0
317.5,249.5,125.0,M,Single-ply,306.2
195.04,136.08,99.79,M,Wraps,240.4
70.0,30.0,56.0,F,Raw,80.0
260.0,142.5,99.5,M,Wraps,260.0
282.5,175.0,100.7,M,Single-ply,240.0
130.0,67.5,66.22,F,Wraps,135.0
155.0,140.0,72.1,M,Raw,222.5
160.0,125.0,104.7,M,Raw,182.5
77.5,47.5,46.55,F,Raw,110.0
308.44,138.35,108.68,M,Single-ply,231.33
113.4,63.5,64.41,M,Single-ply,120.2
167.5,97.5,92.7,M,Raw,197.5
182.5,137.5,105.32,M,Raw,227.5
142.88,92.99,89.18,M,Single-ply,120.2
208.65,106.59,114.4,M,Single-ply,215.46
183.7,115.67,78.47,M,Single-ply,217.72
180.0,120.0,81.0,M,Raw,215.0
327.5,222.5,123.8,M,Single-ply,305.0
115.0,60.0,51.0,F,Raw,130.0
227.5,155.0,95.9,M,Wraps,255.0
185.0,115.0,81.6,M,Raw,202.5
132.5,120.0,66.0,M,Raw,172.5
95.0,52.5,63.5,F,Raw,119.0
100.0,50.0,73.05,F,Single-ply,112.5
105.0,45.0,85.1,F,Raw,107.5
113.0,67.5,62.2,F,Raw,120.0
237.5,125.0,104.7,M,Single-ply,242.5
280.0,217.5,86.65,M,Single-ply,290.0
90.72,43.09,56.52,M,Single-ply,106.59
165.56,104.33,62.96,M,Single-ply,170.1
107.5,62.5,62.4,F,Raw,130.0
230.0,120.0,80.6,M,Wraps,227.5
204.12,111.13,95.21,M,Single-ply,204.12
180.0,110.0,67.4,M,Raw,205.0
100.0,62.5,42.68,F,Raw,117.5
260.0,142.5,99.8,M,Single-ply,250.0
260.8,186.0,104.7,M,Single-ply,165.6
